"Usr_CD","Tantosha_KJ","Tantosha_KN","Yakushoku_CD","Ml_Adr","TEL_NO"
"ea1010041","池田　嘉人","イケダ　ヨシト","2","yoshito_ikeda@eapharma.co.jp","090-6480-1886"
"ea1010083","岩崎　恒久","イワサキ　ツネヒサ","1","tsunehisa_iwasaki@eapharma.co.jp","090-6480-1967"
"ea1010159","沖本　栄治","オキモト　エイジ","1","eiji_okimoto@eapharma.co.jp","090-6480-2119"
"ea1010218","川村　篤史","カワムラ　アツシ","2","atsushi_kawamura@eapharma.co.jp","090-6480-1825"
"ea1010310","佐藤　浩二","サトウ　コウジ","1","koji_sato@eapharma.co.jp","090-6480-2173"
"ea1010346","白宮　弘","シロミヤ　ヒロシ","1","hiroshi_shiramiya@eapharma.co.jp","090-6480-2113"
"ea1010351","末澤　和宣","スエザワ　カズノリ","1","kazunori_suezawa@eapharma.co.jp","090-6480-1887"
"ea1010385","髙田　信章","タカタ　ノブアキ","1","nobuaki_takada@eapharma.co.jp","090-6480-1844"
"ea1010415","谷元　晃","タニモト　アキラ","1","akira_tanimoto@eapharma.co.jp","090-6480-1843"
"ea1010419","田舎中　慎一","タヤナカ　シンイチ","1","shinichi_tayanaka@eapharma.co.jp","090-6480-1977"
"ea1010444","中澤　宏之","ナカザワ　ヒロユキ","1","hiroyuki_nakazawa@eapharma.co.jp","090-6480-1874"
"ea1010470","難波　洋","ナンバ　ヒロシ","3","hiroshi_namba@eapharma.co.jp",""
"ea1010497","橋本　直也","ハシモト　ナオヤ","2","naoya_hashimoto@eapharma.co.jp","090-6480-2069"
"ea1010549","藤江　敬","フジエ　タカシ","1","takashi_fujie@eapharma.co.jp","090-6480-2142"
"ea1010625","森　裕司","モリ　ユウジ","1","yuji_mori@eapharma.co.jp","080-5037-4104"
"ea1010637","矢口　剛啓","ヤグチ　タケヒロ","1","takehiro_yaguchi@eapharma.co.jp","090-6509-4392"
"ea1010661","山田　博永","ヤマダ　ヒロヒサ","1","hirohisa01_yamada@eapharma.co.jp","090-6480-1927"
"ea1010679","吉川　雄二","ヨシカワ　ユウジ","1","yuji_yoshikawa@eapharma.co.jp","090-6480-1822"
"ea1010735","山本　繁","ヤマモト　シゲル","2","shigeru_yamamoto@eapharma.co.jp","090-6480-2054"
"ea1010739","合屋　寿伸","ゴウヤ　ヒサノブ","1","hisanobu_goya@eapharma.co.jp","090-6480-2169"
"ea1010741","奥村　健二","オクムラ　ケンジ","1","kenji_okumura@eapharma.co.jp","090-6480-2198"
"ea1010951","佐田　克則","サダ　カツノリ","1","katsunori_sada@eapharma.co.jp","080-1322-9209"
"ea1010970","菊池　敏典","キクチ　トシノリ","1","toshinori_kikuchi@eapharma.co.jp","090-6480-1934"
"ea1011000","友清　平太","トモキヨ　ヘイタ","2","heita_tomokiyo@eapharma.co.jp","090-8512-9407"
"ea1011061","三浦　一郎","ミウラ　イチロウ","2","ichiro_miura@eapharma.co.jp","080-3121-9505"
"ea1011063","井上　剛","イノウエ　ツヨシ","2","tsuyoshi_inoue@eapharma.co.jp","090-6656-8323"
"ea1011091","一本松　恵子","イツポンマツ　ケイコ","2","keiko_ippommatsu@eapharma.co.jp","080-3258-1758"
"ea1011099","上野　悟章","ウエノ　ノリユキ","2","noriyuki_ueno@eapharma.co.jp","080-3258-1812"
"ea1011100","上村　治","ウエムラ　オサム","1","osamu_uemura@eapharma.co.jp","080-3258-1722"
"ea1011107","大重　一美","オオシゲ　カズミ","1","kazumi_ohshige@eapharma.co.jp","080-3258-1791"
"ea1011127","河崎　健嗣","カワサキ　タケシ","1","takeshi_kawasaki@eapharma.co.jp","080-3258-1718"
"ea1011144","小寺　良輔","コテラ　リヨウスケ","2","ryosuke_kotera@eapharma.co.jp","080-3258-1780"
"ea1011145","後藤　見","ゴトウ　ケン","1","ken_goto@eapharma.co.jp","080-3258-1749"
"ea1011188","田中　悟","タナカ　サトシ","1","satoshi01_tanaka@eapharma.co.jp","080-3258-1808"
"ea1011238","松田　明","マツダ　アキラ","1","akira_matsuda@eapharma.co.jp","080-3258-1682"
"ea1011243","光吉　一樹","ミツヨシ　カズキ","1","kazuki_mitsuyoshi@eapharma.co.jp","080-3258-1781"
"ea1011252","村上　展英","ムラカミ　ノブヒデ","1","nobuhide_murakami@eapharma.co.jp","080-3258-1693"
"ea1011256","籾井　宏介","モミイ　コウスケ","2","kosuke_momii@eapharma.co.jp","080-3258-1675"
"ea1011285","金井　佐知子","カナイ　サチコ","2","sachiko_kanai@eapharma.co.jp","080-1263-7764"
"ea1011298","原　雅利","ハラ　マサトシ","3","masatoshi_hara@eapharma.co.jp",""
"ea1011426","山田　文彦","ヤマダ　フミヒコ","1","fumihiko_yamada@eapharma.co.jp","090-6508-6175"
"ea1011459","松本　勝也","マツモト　カツヤ","1","katsuya_matsumoto@eapharma.co.jp","080-3464-8254"
"ea1011461","村上　隆","ムラカミ　タカシ","1","takashi_murakami@eapharma.co.jp","080-3464-6689"
"ea1011491","佐々木　陽平","ササキ　ヨウヘイ","2","yohei_sasaki@eapharma.co.jp","080-3382-8784"
"ea1011496","古川　真一郎","フルカワ　シンイチロウ","1","shinichiro_furukawa@eapharma.co.jp","080-3176-3435"
"ea1011499","山下　大輔","ヤマシタ　ダイスケ","2","daisuke_yamashita@eapharma.co.jp","080-3401-7482"
"ea1011538","坂口　健","サカグチ　タケシ","1","takeshi_sakaguchi@eapharma.co.jp","080-3409-6332"
"ea1011558","豆塚　敏久","マメツカ　トシヒサ","1","toshihisa_mametsuka@eapharma.co.jp","090-4425-8693"
"ea1011564","片岡　昇一","カタオカ　シヨウイチ","1","shoichi_kataoka@eapharma.co.jp","090-6529-5165"
"ea1011596","福岡　太樹","フクオカ　ダイキ","1","daiki_fukuoka@eapharma.co.jp","080-3080-8012"
"ea1011608","谷口　修","タニグチ　オサム","2","osamu_taniguchi@eapharma.co.jp","080-3406-4572"
"ea1011613","橋本　崇樹","ハシモト　タカキ","1","takaki_hashimoto@eapharma.co.jp","090-1760-8516"
"ea1011632","西山　享利","ニシヤマ　タカトシ","1","takatoshi_nishiyama@eapharma.co.jp","080-1302-3441"
"ea1011661","橋爪　義人","ハシヅメ　ヨシヒト","2","yoshihito_hashizume@eapharma.co.jp","080-1032-4411"
"ea1011671","中村　太","ナカムラ　フトシ","1","futoshi_nakamura@eapharma.co.jp","090-5571-6349"
"ea1011687","篠木　徳勝","ササキ　ノリカツ","1","norikatsu_sasaki@eapharma.co.jp","090-2334-2923"
"ea1011735","木村　幸嗣","キムラ　コウジ","2","koji_kimura@eapharma.co.jp","090-1039-6498"
"ea1011741","中村　雄一","ナカムラ　ユウイチ","1","yuuichi_nakamura@eapharma.co.jp","090-1039-6390"
"ea1011742","温盛　慶司郎","ヌクモリ　ケイシロウ","1","keishiro_nukumori@eapharma.co.jp","090-1039-6321"
"ea1011744","坂　裕史","バン　ヒロシ","2","hiroshi_ban01@eapharma.co.jp","090-1039-6474"
"ea1011788","三橋　拓史","ミツハシ　タクジ","1","takuji_mitsuhashi@eapharma.co.jp","080-1016-4924"
"ea1011795","富永　雅史","トミナガ　マサフミ","2","masafumi_tominaga@eapharma.co.jp","080-1016-4657"
"ea1112363","花崎　早紀","ハナサキ　サキ","1","saki_hanasaki@eapharma.co.jp","080-1020-5745"
"ea1112541","新家　宙","シンケ　ヒロシ","2","hiroshi_shinke@eapharma.co.jp","080-2011-6180"
"ea1112554","水戸　美英","ミト　ヨシエ","1","yoshie_mito@eapharma.co.jp","080-2011-7853"
"ea1112703","石田　憲太朗","イシダ　ケンタロウ","2","kentaro_ishida@eapharma.co.jp","080-2050-5969"
"ea1112707","芦田　舞子","アシダ　マイコ","1","maiko_ashida@eapharma.co.jp","080-8728-7661"
"ea1112722","渡邉　早紀子","ワタナベ　サキコ","1","sakiko_watanabe@eapharma.co.jp","080-8738-6110"
"ea1112871","大山　高博","オオヤマ　タカヒロ","1","takahiro_oyama@eapharma.co.jp","090-2233-3986"
"ea1112874","小坂　達也","コサカ　タツヤ","1","tatsuya_kosaka@eapharma.co.jp","090-2233-5184"
"ea1112921","尾上　智弥","オノエ　トモヤ","1","tomoya_onoe@eapharma.co.jp","080-8091-4101"
"ea1112923","木下　幹隆","キノシタ　ミキタカ","1","mikitaka_kinoshita@eapharma.co.jp","080-8091-4112"
"ea1112925","髙森　理栄","タカモリ　リエ","1","rie_takamori@eapharma.co.jp","080-8091-4118"
"ea1112928","番場　瞳","バンバ　ヒトミ","1","hitomi_bamba@eapharma.co.jp","080-8091-4157"
"ea1112929","東野　洋明","ヒガシノ　ヒロアキ","1","hiroaki_higashino@eapharma.co.jp","080-8091-4185"
"ea1113055","小林　勇貴","コバヤシ　ユウキ","1","yuki_kobayashi01@eapharma.co.jp","080-2180-3617"
"ea1113061","東　咲希","ヒガシ　サキ","1","saki_higashi@eapharma.co.jp","080-2233-4115"
"ea1113068","奥野　耕平","オクノ　コウヘイ","1","kohei_okuno@eapharma.co.jp","080-8128-8294"
"ea1113153","鵜澤　亜由美","ウザワ　アユミ","1","ayumi_uzawa@eapharma.co.jp","080-7767-6726"
"ea1113162","西　康雄","ニシ　ヤスオ","1","yasuo_nishi@eapharma.co.jp","080-7767-6718"
"ea1113263","越野　貴仁","コシノ　タカヒト","1","takahito_koshino@eapharma.co.jp","070-1276-9212"
"ea1113273","尾形　美幸","オガタ　ミユキ","1","miyuki_ogata@eapharma.co.jp","070-1799-2904"
"ea1113277","阪口　智香","サカグチ　チカ","1","chika_sakaguchi@eapharma.co.jp","070-1799-2887"
"ea1113282","田中　良希","タナカ　ヨシキ","1","yoshiki_tanaka@eapharma.co.jp","070-1799-2923"
"ea1113286","深澤　雅幸","フカサワ　マサユキ","1","masayuki_fukasawa@eapharma.co.jp","070-1799-2935"
"ea1113382","奥村　一生","オクムラ　カズキ","1","kazuki_okumura@eapharma.co.jp","080-4139-0025"
"ea1113384","熊谷　綾乃","クマガイ　アヤノ","1","ayano_kumagai@eapharma.co.jp","080-4194-5821"
"ea1113388","田口　穂乃香","タグチ　ホノカ","1","honoka_taguchi@eapharma.co.jp","090-9141-3742"
"ea1113395","平井　愛由美","ヒライ　アユミ","1","ayumi_hirai@eapharma.co.jp","080-3311-0397"
"ea1113397","古川　晴太郎","フルカワ　セイタロウ","1","seitaro_furukawa@eapharma.co.jp","080-4324-1468"
"ea1113416","岩瀨　あゆみ","イワセ　アユミ","1","ayumi_iwase@eapharma.co.jp","090-4425-8220"
"ea1113429","安部　祥恵","アベ　サチエ","1","sachie_abe@eapharma.co.jp","080-7409-6747"
"ea1113458","玉井　聡一郎","タマイ　ソウイチロウ","1","soichiro_tamai@eapharma.co.jp","080-7409-7648"
"ea1113464","花房　真裕","ハナフサ　マサヒロ","1","masahiro_hanafusa@eapharma.co.jp","080-7409-7678"
"ea1113540","安達　明","アダチ　メイ","1","mei_adachi@eapharma.co.jp","080-4759-3426"
"ea1113541","石川　我聞","イシカワ　ガモン","1","gamon_ishikawa@eapharma.co.jp","080-4946-4801"
"ea1113543","岡本　理那","オカモト　リナ","1","rina_okamoto@eapharma.co.jp","070-1585-1005"
"ea1113554","鶴岡　健太郎","ツルオカ　ケンタロウ","1","kentaro_tsuruoka@eapharma.co.jp","080-4351-9794"
"ea1113556","中川　千明","ナカガワ　チアキ","1","chiaki_nakagawa@eapharma.co.jp","080-7959-5352"
"ea1113557","西田　尚主","ニシダ　ナオカズ","1","naokazu_nishida@eapharma.co.jp","080-4187-5894"
"ea1113559","原　駿介","ハラ　シユンスケ","1","shunsuke_hara@eapharma.co.jp","080-3917-3700"
"ea1113609","立和田　修吾","タチワダ　シユウゴ","1","shugo_tachiwada@eapharma.co.jp","080-3602-1925"
"ea1113662","田村　亮太","タムラ　リヨウタ","1","ryota_tamura@eapharma.co.jp","080-9417-9590"
"ea1113701","石川　斗真","イシカワ　トウマ","1","toma_ishikawa@eapharma.co.jp","080-3579-4252"
"ea1113702","岡野　由佳","オカノ　ユカ","1","yuka_okano@eapharma.co.jp","080-3584-6825"
"ea1113707","下迫田　瑞貴","シモサコダ　ミズキ","1","mizuki_shimosakoda@eapharma.co.jp","080-7082-4669"
"ea1113708","田中　風香","タナカ　フウカ","1","fuka_tanaka@eapharma.co.jp","080-3364-5145"
"ea1113709","田中　美紀","タナカ　ミノリ","1","minori_tanaka@eapharma.co.jp","080-3607-8575"
"ea1113711","樋口　莉瑳希","ヒグチ　リサキ","1","risaki_higuchi@eapharma.co.jp","070-1271-6390"
"ea1113783","秋庭　恒太","アキバ　コウタ","1","kota_akiba@eapharma.co.jp","070-1431-4597"
"ea1113854","山田　耕平","ヤマダ　コウヘイ","1","kohei_yamada@eapharma.co.jp","080-3308-9374"
"ea1113855","君嶋　雄介","キミシマ　ユウスケ","1","yusuke_kimishima@eapharma.co.jp","080-4935-7505"
"ea1113856","田中　成","タナカ　ナル","1","naru_tanaka@eapharma.co.jp","080-7519-0964"
"ea1113859","久保田　知志","クボタ　サトシ","1","satoshi_kubota@eapharma.co.jp","080-7124-3322"
"ea1113860","水谷　卓史","ミズタニ　タカフミ","1","takafumi_mizutani@eapharma.co.jp","080-7957-8536"
"ea1113951","松森　弘晃","マツモリ　ヒロアキ","1","hiroaki_matsumori@eapharma.co.jp","090-9834-4932"
"ea1114002","近藤　なな子","コンドウ　ナナコ","1","nanako_kondo@eapharma.co.jp","090-3976-6603"
"ea1114004","髙見　萌華","タカミ　モエカ","1","moeka_takami@eapharma.co.jp","080-9663-6792"
"ea1114006","土井　春花","ドイ　ハルカ","1","haruka_doi@eapharma.co.jp","080-4323-1180"
"ea1114008","平田　桃","ヒラタ　モモ","1","momo_hirata@eapharma.co.jp","080-3406-4839"
"ea1114009","平野　史好","ヒラノ　シズク","1","shizuku_hirano@eapharma.co.jp","080-3916-9836"
"ea1114010","廣瀨　裕仁","ヒロセ　ユウジ","1","yuji_hirose@eapharma.co.jp","090-8464-4825"
"ea1114011","村竹　萌子","ムラタケ　モエコ","1","moeko_muratake@eapharma.co.jp","080-7531-5535"
"ea1114064","横山　正一","ヨコヤマ　シヨウイチ","1","shoichi_yokoyama@eapharma.co.jp","090-6506-9457"
"ea1114066","古屋　泰佑","フルヤ　タイスケ","1","taisuke_furuya@eapharma.co.jp","080-3528-5995"
"ea1114067","山﨑　敏行","ヤマサキ　トシユキ","1","toshiyuki_yamasaki01@eapharma.co.jp","080-7257-5439"
"ea1114108","島山　陽介","シマヤマ　ヨウスケ","1","yosuke_shimayama@eapharma.co.jp","080-3151-7410"
"ea1114111","天木　萌々香","アマキ　モモカ","1","momoka_amaki@eapharma.co.jp","080-7969-6586"
"ea1114112","江川　怜花","エガワ　レイカ","1","reika_egawa@eapharma.co.jp","070-3163-3892"
"ea1114113","川岡　美来","カワオカ　ミク","1","miku_kawaoka@eapharma.co.jp","070-1488-9640"
"ea1114114","河村　芽生","カワムラ　メイ","1","mei_kawamura@eapharma.co.jp","080-7213-3517"
"ea1114116","後藤　薫瑠","ゴトウ　カオル","1","kaoru_goto@eapharma.co.jp","080-4006-9338"
"ea1114117","柴田　皐司","シバタ　コウシ","1","koshi_shibata@eapharma.co.jp","080-7640-6575"
"ea1114119","露木　堅太","ツユキ　ケンタ","1","kenta_tsuyuki@eapharma.co.jp","080-7398-5851"
"ea1114120","中村　優作","ナカムラ　ユウサク","1","yusaku_nakamura@eapharma.co.jp","080-4678-0932"
"ea1114121","難波　洋大","ナンバ　ヨウタ","1","yota_namba@eapharma.co.jp","080-3312-6997"
"ea1114122","西川　陽菜里","ニシカワ　ヒナリ","1","hinari_nishikawa@eapharma.co.jp","080-3711-7467"
"ea1114123","藤田　欄","フジタ　ラン","1","ran_fujita@eapharma.co.jp","080-3565-3661"
"ea1114124","水上　空","ミズカミ　ソラ","1","sora_mizukami@eapharma.co.jp","070-1349-0284"
"ea1114125","山形　亮希","ヤマガタ　リヨウキ","1","ryoki_yamagata@eapharma.co.jp","080-4021-5600"
"ea1114126","渡邉　明加里","ワタナベ　アカリ","1","akari_watanabe@eapharma.co.jp","090-4287-0796"
"ea1114130","中村　友裕","ナカムラ　トモヒロ","1","tomohiro_nakamura@eapharma.co.jp","080-3824-4285"
"ea1114131","菊地　諒","キクチ　マコト","1","makoto_kikuchi@eapharma.co.jp","080-7487-9562"
"ea1114132","松本　智明","マツモト　トモアキ","1","tomoaki_matsumoto@eapharma.co.jp","090-9146-8531"
"ea1114148","長尾　陽平","ナガオ　ヨウヘイ","1","yohei_nagao@eapharma.co.jp","080-7096-9239"
"ea1114152","村木　健一","ムラキ　ケンイチ","1","kenichi_muraki01@eapharma.co.jp","080-9460-9580"
"ea1114154","二宮　新伍","ニノミヤ　シンゴ","1","shingo_ninomiya@eapharma.co.jp","070-5581-7386"
"ea1114157","原島　佑典","ハラシマ　ユウスケ","1","yusuke_harashima01@eapharma.co.jp","070-5586-3849"
"ea1114170","北垣　咲樹","キタガキ　サキ","1","saki_kitagaki@eapharma.co.jp","070-5085-6546"
"ea1114172","小山　功","オヤマ　イサオ","1","isao_oyama01@eapharma.co.jp","070-6644-3907"
"ea1114174","志村　彰太","シムラ　ショウタ","1","shota_shimura@eapharma.co.jp","080-4173-5926"
"ea1114176","野尻　都仁夫","ノジリ　トニオ","1","tonio_nojiri@eapharma.co.jp","080-7459-2936"
"ea1114178","大久保　智","オオクボ　サトシ","1","satoshi_okubo@eapharma.co.jp","070-6560-7540"
"ea1114179","福永　法仁","フクナガ　ノリヒト","1","norihito_fukunaga@eapharma.co.jp","080-7037-2607"
"ea1114180","岡地　智大","オカチ　トモヒロ","1","tomohiro_okachi@eapharma.co.jp","070-6912-6219"
"ea1114183","綱野　佳蓮","ツナノ　カレン","1","karen_tsunano@eapharma.co.jp","070-5361-5375"
"ea1114190","波多野　菖梧","ハタノ　シヨウゴ","1","shogo_hatano@eapharma.co.jp","080-4856-9564"
"ea1114221","内田　和弥","ウチダ　カズヤ","1","kazuya_uchida@eapharma.co.jp","080-9415-6491"
"ea1114225","小林　寛明","コバヤシ　ヒロアキ","1","hiroaki_kobayashi@eapharma.co.jp","090-6537-3703"
"ea1114226","桝井　美歩","マスイ　ミホ","1","miho_masui@eapharma.co.jp","070-5541-0375"
"ea1114229","京田　建一","キヨウダ　ケンイチ","1","kenichi_kyoda01@eapharma.co.jp","070-3331-1168"
"ea1114231","平野　木都海","ヒラノ　コトミ","1","kotomi_hirano@eapharma.co.jp","070-1342-1299"
"ea1114233","小笠原　悠","オガサワラ　ユウ","1","yu_ogasawara@eapharma.co.jp","090-1716-5574"
"ea1114234","山口　翔","ヤマグチ　シヨウ","1","sho_yamaguchi01@eapharma.co.jp","080-7536-6193"
"ea1114240","橋本　亮太","ハシモト　リヨウタ","1","ryota_hashimoto@eapharma.co.jp","070-1186-3065"
"ea1114243","新潟　真一","ニイガタ　シンイチ","1","shinichi_niigata@eapharma.co.jp","080-7443-9583"
"ea1114248","伊藤　優孝","イトウ　マサタカ","1","masataka_ito@eapharma.co.jp","080-4575-8178"
"ea1114252","黒河　淳","クロカワ　ジユン","1","jun_kurokawa@eapharma.co.jp","080-4206-2289"
"ea1114253","井上　貴博","イノウエ　タカヒロ","1","takahiro_inoue@eapharma.co.jp","080-4232-8598"
"ea1114259","塩﨑　健吾","シオザキ　ケンゴ","1","kengo_shiozaki@eapharma.co.jp","070-6430-6409"
"ea1114261","浦辺　健志郎","ウラベ　ケンシロウ","1","kenshiro_urabe@eapharma.co.jp","080-7659-5113"
"ea1114263","石川　剛","イシカワ　タケシ","1","takeshi_ishikawa@eapharma.co.jp","080-5900-4259"
"ea1114264","乾　尚樹","イヌイ　ナオキ","1","naoki_inui@eapharma.co.jp","080-5900-4289"
"ea1114271","阿部　あかり","アベ　アカリ","1","akari_abe@eapharma.co.jp","080-5697-3167"
"ea1114272","泉谷　綾乃","イズミタニ　アヤノ","1","ayano_izumitani@eapharma.co.jp","080-5697-3168"
"ea1114273","越智　諒","オチ　マコト","1","makoto_ochi@eapharma.co.jp","080-5696-9386"
"ea1114274","草野　彩佳","クサノ　アヤカ","1","ayaka_kusano@eapharma.co.jp","080-5696-9387"
"ea1114275","小橋　柚花","コバシ　ユウカ","1","yuka_kobashi@eapharma.co.jp","080-5696-9417"
"ea1114276","佐々木　穂乃香","ササキ　ホノカ","1","honoka_sasaki@eapharma.co.jp","080-5696-9418"
"ea1114277","清水　千遥","シミズ　チハル","1","chiharu_shimizu@eapharma.co.jp","080-5696-9419"
"ea1114278","城　佑吏奈","ジヨウ　ユリナ","1","yurina_jo@eapharma.co.jp","080-5696-9522"
"ea1114279","大工　惠愛","ダイク　エミア","1","emia_daiku@eapharma.co.jp","080-5696-9523"
"ea1114280","田浦　悠莉","タウラ　ユリ","1","yuri_taura@eapharma.co.jp","080-5696-9524"
"ea1114281","高木　桃果","タカギ　モモカ","1","momoka_takagi@eapharma.co.jp","080-5696-9702"
"ea1114282","髙﨑　美桜","タカザキ　ミオ","1","mio_takazaki@eapharma.co.jp","080-5696-9703"
"ea1114283","武島　海月","タケシマ　ミヅキ","1","mizuki_takeshima@eapharma.co.jp","080-5696-9704"
"ea1114284","多田　和輝","タダ　カズキ","1","kazuki_tada@eapharma.co.jp","080-5696-9754"
"ea1114285","仲谷　蒼祐","ナカヤ　ソウスケ","1","sosuke_nakaya@eapharma.co.jp","080-5696-9755"
"ea1114286","長谷　優樹","ハセ　ユウキ","1","yuki_hase@eapharma.co.jp","080-5696-9756"
"ea1114287","葉山　敢","ハヤマ　カン","1","kan_hayama@eapharma.co.jp","080-5696-9859"
"ea1114288","東脇　紀哉","ヒガシワキ　カズヤ","1","kazuya_higashiwaki@eapharma.co.jp","080-5696-9860"
"ea1114289","日髙　秀祐","ヒダカ　シユウスケ","1","shusuke_hidaka@eapharma.co.jp","080-5696-9861"
"ea1114290","箕輪　樹","ミノワ　タツキ","1","tatsuki_minowa@eapharma.co.jp","080-5696-9923"
"ea1114291","三原　令央奈","ミハラ　レオナ","1","reona_mihara@eapharma.co.jp","080-5696-9924"
"ea1114292","元田　智織","モトダ　チオリ","1","chiori_motoda@eapharma.co.jp","080-5696-9925"
"ea1114293","山下　智絵里","ヤマシタ　チエリ","1","chieri_yamashita@eapharma.co.jp","080-5696-9955"
"ea1114294","吉田　好希","ヨシダ　コウキ","1","koki_yoshida@eapharma.co.jp","080-5696-9956"
"ea1114307","原　達彦","ハラ　タツヒコ","1","tatsuhiko_hara@eapharma.co.jp","070-2277-8136"
"ea1114310","永田　大輝","ナガタ　ダイキ","1","daiki_nagata@eapharma.co.jp","080-6133-8137"
"ea1114313","西川　友基","ニシカワ　トモキ","1","tomoki_nishikawa@eapharma.co.jp","090-6751-8138"
"ea1114314","小林　睦","コバヤシ　ムツミ","1","mutsumi_kobayashi@eapharma.co.jp","070-7419-8139"
"ea1114315","藤野　祐太朗","フジノ　ユウタロウ","1","yutaro_fujino@eapharma.co.jp","080-5358-2426"
"ea1114329","髙橋　直樹","タカハシ　ナオキ","1","naoki_takahashi@eapharma.co.jp","070-7539-0318"
"ea1114333","中井　慶","ナカイ　ケイ","1","kei_nakai@eapharma.co.jp","070-7514-1035"
"ea1114335","能勢　弘二","ノセ　コウジ","1","koji_nose@eapharma.co.jp","090-3525-1053"
"ea1114346","名城　諒","メイジヨウ　リヨウ","1","ryo_meijo@eapharma.co.jp","070-7588-6066"
"ea1114351","酒井　凌","サカイ　リヨウ","1","ryo_sakai01@eapharma.co.jp","070-3522-6071"
"ea1114405","万代　勉","マンダイ　ツトム","1","tsutomu_mandai01@eapharma.co.jp","090-3599-1210"
"ea1114406","大畑　敏朗","オオハタ　トシロウ","1","toshiro_ohata@eapharma.co.jp","090-1171-1205"
"ea1114407","遠山　哲裕","トオヤマ　テツヒロ","1","tetsuhiro_toyama@eapharma.co.jp","070-2328-1255"
"ea1114408","江﨑　清","エサキ　キヨシ","1","kiyoshi_esaki@eapharma.co.jp","070-2329-1300"
"ea1114415","永田　侑","ナガタ　ユウ","1","yu_nagata01@eapharma.co.jp","090-3755-1305"
"ea1114417","安保　美佳","アンボ　ミカ","1","mika_ambo@eapharma.co.jp","090-3729-6312"
"ea1114418","坂内　大介","バンナイ　ダイスケ","1","daisuke_bannai@eapharma.co.jp","080-9335-1450"
"ea1114421","岡田　昌士","オカダ　マサシ","1","masashi_okada@eapharma.co.jp","080-9837-1456"
"ea1114426","飯田　真司","イイダ　シンジ","1","shinji_iida@eapharma.co.jp","070-2303-1501"
"ea1114429","内久根　拓","ウチクネ　タク","1","taku_uchikune@eapharma.co.jp","080-4135-2752"
"ea1114436","吉廣　淳人","ヨシヒロ　アツト","1","atsuto_yoshihiro@eapharma.co.jp","080-5476-0947"
"ea1114439","吉水　貴大","ヨシミズ　タカヒロ","1","takahiro_yoshimizu@eapharma.co.jp","070-4680-0430"
"ea1114440","大谷　知宏","オオタニ　トモヒロ","1","tomohiro_otani@eapharma.co.jp","080-5253-0950"
"ea1114459","池田　善規","イケダ　ヨシキ","1","yoshiki_ikeda@eapharma.co.jp","090-6380-0940"
"ea1114464","正井　颯","マサイ　ハヤテ","1","hayate_masai@eapharma.co.jp",""
"ea1114467","沼田　唯","ヌマタ　ユイ","1","yui_numata@eapharma.co.jp","090-3863-1958"
"ea1114468","仲田　靖","ナカダ　ヤスシ","1","yasushi_nakada02@eapharma.co.jp","090-9339-1934"
"ea1114469","中西　幹","ナカニシ　ツヨシ","1","tsuyoshi_nakanishi@eapharma.co.jp","080-9037-1933"
"ea1114470","下釜　一郎","シモガマ　イチロウ","1","ichiro_shimogama@eapharma.co.jp","090-1168-1143"
"ea2006784","大野　茂樹","オオノ　シゲキ","2","shigeki_ono@eapharma.co.jp","080-3010-7886"
"ea2007016","川島　敬","カワシマ　ケイ","2","kei_kawashima@eapharma.co.jp","090-7635-2634"
"ea2007102","村山　弘幸","ムラヤマ　ヒロユキ","3","hiroyuki_murayama@eapharma.co.jp",""
"ea2007361","森川　俊宏","モリカワ　トシヒロ","2","toshihiro_morikawa@eapharma.co.jp","090-7634-2953"
"ea2008272","嵯峨　吉智","サガ　ヨシトモ","3","yoshitomo_saga@eapharma.co.jp",""
"ea2008791","冨満　祥幸","トミミツ　ヨシユキ","2","yoshiyuki_tomimitsu@eapharma.co.jp","080-7036-9629"
"epl140127","畑　里美","ハタ　サトミ","1","hata.satomi899@eps.co.jp","080-5887-1438"
"epl150116","佐藤　満","サトウ　ミツル","1","sato.mitsuru740@eps.co.jp","070-5467-0787"
"epl160068","五十嵐　徹也","イガラシ　テツヤ","1","igarashi.tetsuya880@eps.co.jp","070-3139-0651"
"epl160084","岩崎　立樹","イワサキ　リツキ","1","iwasaki.ritsuki885@eps.co.jp","080-9671-1121"
"epl160237","柴山　庄平","シバヤマ　ショウヘイ","2","shibayama.shohei016@eps.co.jp","070-7538-1927"
"epl170033","土橋　孝行","ツチハシ　タカユキ","2","tsuchihashi.takayuki855@eps.co.jp","080-9400-7609"
"epl170268","奥野　邦宏","オクノ　クニヒロ","1","okuno.kunihiro121@eps.co.jp","070-3198-4961"
"epl190065","桜井　澄夫","サクライ　スミオ","3","sakurai.sumio330@eps.co.jp","070-7540-3854"
"epl190130","中野　隆夫","ナカノ　タカオ","1","nakano.takao762@eps.co.jp","070-4123-7541"
"epl190154","冬木　誠","フユキ　マコト","1","fuyuki.makoto968@eps.co.jp","070-2267-4127"
"epl190168","小林　利明","コバヤシ　トシアキ","1","kobayashi.toshiaki275@eps.co.jp","070-2269-3857"
"epl190199","中西　広泰","ナカニシ　ヒロヤス","1","nakanishi.hiroyasu191@eps.co.jp","070-7596-9642"
"epl190241","百合野　勝","ユリノ　マサル","1","yurino.masaru394@eps.co.jp","090-7264-6233"
"epl190254","奥村　浩之","オクムラ　ヒロユキ","1","okumura.hiroyuki518@eps.co.jp","070-2493-6568"
"epl200004","大和田　千穂","オオワダ　チホ","1","owada.chiho545@eps.co.jp","080-2114-6656"
"epl200008","生田　恭久","イクタ　ヤスヒサ","1","ikuta.yasuhisa649@eps.co.jp","070-7591-6095"
"epl200252","岡本　総一郎","オカモト　ソウイチロウ","2","okamoto.soichiro176@eps.co.jp","070-2477-9994"
"epl200253","三浦　竜矢","ミウラ　タツヤ","1","miura.tatsuya477@eps.co.jp","070-2477-9993"
"epl200264","伊藤　夢夏","イトウ　ユメカ","1","ito.yumeka186@eps.co.jp","090-7728-8034"
"epl210025","田中　宏明","タナカ　ヒロアキ","1","tanaka.hiroaki565@eps.co.jp","080-6703-9468"
"epl210041","中川　正昭","ナカガワ　マサアキ","1","nakagawa.masaaki174@eps.co.jp","070-2455-7758"
"epl210067","外村　博","トノムラ　ヒロシ","1","tonomura.hiroshi797@eps.co.jp","090-9604-9743"
"epl210072","今村　弘樹","イマムラ　ヒロキ","1","imamura.hiroki102@eps.co.jp","090-9761-5083"
"epl210176","坂井　健剛","サカイ　ケンゴウ","1","sakai.kengo003@eps.co.jp","080-8026-2626"
"epl210178","佐藤　和正","サトウ　カズマサ","2","sato.kazumasa535@eps.co.jp","070-7382-1149"
"epl210184","俵　紀雄","タワラ　ノリオ","1","tawara.norio149@eps.co.jp","090-3001-0189"
"epl210186","塩田　正嗣","シオタ　マサツグ","1","shiota.masatsugu207@eps.co.jp","070-7113-8660"
"epl210195","那須　誠司","ナス　セイジ","1","nasu.seiji094@eps.co.jp","070-4319-9636"
"epl220096","三浦　雅樹","ミウラ　マサキ","1","miura.masaki242@eps.co.jp","080-1336-3497"
"epl220142","古谷　直治","フルヤ　ナオハル","2","furuya.naoharu237@eps.co.jp","070-4434-4274"
"epl230060","荒川　結奈","アラカワ　ユイナ","1","arakawa.yuina298@eps.co.jp","080-2569-9518"
"epl230131","野方　正俊","ノガタ　マサトシ","1","nogata.masatoshi559@eps.co.jp","080-2569-9478"
"epl230133","小池　正司","コイケ　マサシ","1","koike.masashi161@eps.co.jp","080-2389-6047"
"epl230156","千葉　晃嗣","チバ　コウジ","1","chiba.koji326@eps.co.jp","070-4335-1145"
"epl230169","和田山　正伸","ワダヤマ　マサノリ","1","wadayama.masanori254@eps.co.jp","080-8864-6630"
"epl230193","末永　康次","スエナガ　コウジ","1","suenaga.koji298@eps.co.jp","090-5317-4950"
"epl230217","石井　隆之","イシイ　タカユキ","1","ishii.takayuki323@eps.co.jp","090-4395-3397"
"epl230220","鈴木　一博","スズキ　カズヒロ","1","suzuki.kazuhiro871@eps.co.jp","090-4399-9931"
"epl230225","永石　智弘","ナガイシ　トモヒロ","1","nagaishi.tomohiro138@eps.co.jp","090-7709-8274"
"epl230234","島原　清","シマハラ　キヨシ","1","shimahara.kiyoshi273@eps.co.jp","070-4445-1602"
"epl230235","永田　信一","ナガタ　シンイチ","1","nagata.shinichi774@eps.co.jp","080-7808-2289"
"epl230240","小林　克浩","コバヤシ　カツヒロ","1","kobayashi.katsuhiro702@eps.co.jp","070-4216-3541"
"epl230245","中尾　和香","ナカオ　ワカ","1","nakao.waka128@eps.co.jp","080-9286-1720"
"epl230249","山田　真莉華","ヤマダ　マリカ","1","yamada.marika165@eps.co.jp","070-4068-4369"
"epl230255","上山　剛司","ウエヤマ　タケシ","1","ueyama.takeshi566@eps.co.jp","090-5779-2472"
"epl230256","福井　孝旨","フクイ　タカシ","1","fukui.takashi667@eps.co.jp","080-9275-7234"
"epl230263","杉山　益也","スギヤマ　マスヤ","1","sugiyama.masuya790@eps.co.jp","080-2224-1143"
"epl240014","大倉　毅","オオクラ　タケシ","1","okura.takeshi629@eps.co.jp","070-2662-5224"
"epl240033","玉井　和人","タマイ　カズト","1","tamai.kazuto103@eps.co.jp","070-2662-4708"
"epl240037","金子　彰雄","カネコ　アキオ","1","kaneko.akio733@eps.co.jp","080-2583-1133"
"epl240049","酒井　祐喜","サカイ　ユウキ","1","sakai.yuki659@eps.co.jp","080-2367-2305"
"epl240073","川西　基之","カワニシ　モトユキ","1","kawanishi.motoyuki208@eps.co.jp","070-3967-3477"
"epl240101","竹村　哲治","タケムラ　テツジ","1","takemura.tetsuji442@eps.co.jp","080-8053-6741"
"epl240106","佐々木　博","ササキ　ヒロシ","1","sasaki.hiroshi759@eps.co.jp","080-8098-6016"
"epl240107","安里　公一郎","アサト　コウイチロウ","1","asato.koichiro860@eps.co.jp","080-8738-1433"
"epl240113","中神　英治","ナカガミ　エイジ","1","nakagami.eiji289@eps.co.jp","090-4951-7240"
"epl240128","藤野　英明","フジノ　ヒデアキ","1","fujino.hideaki021@eps.co.jp","080-2388-3131"
"epl240131","冨永　成幸","トミナガ　シゲユキ","1","tominaga.shigeyuki743@eps.co.jp","080-9992-0995"
"epl240138","橋本　邦朗","ハシモト　クニロウ","1","hashimoto.kuniro503@eps.co.jp","070-4170-3688"
"epl240139","小阪　忠","コサカ　タダシ","1","kosaka.tadashi904@eps.co.jp","090-4078-5202"
"epl240141","森田　洋一","モリタ　ヨウイチ","1","morita.yoichi305@eps.co.jp","080-7805-7601"
"epl240152","林　博紀","ハヤシ　ヒロキ","1","hayashi.hiroki679@eps.co.jp","090-4678-8403"
"epl240153","川畑　由幸","カワバタ　ヨシユキ","1","kawabata.yoshiyuki213@eps.co.jp","080-2150-0419"
"epl250063","湯岡　尚","ユオカ　ヒサシ","1","yuoka.hisashi473@eps.co.jp","070-2645-6983"
"epl250071","中村　進","ナカムラ　ススム","1","nakamura.susumu642@eps.co.jp","090-3246-9538"
"epl250099","山本　耕司","ヤマモト　コウジ","1","yamamoto.koji443@eps.co.jp","080-7857-0954"
"epl250123","庭野　多津子","ニワノ　タヅコ","1","niwano.tazuko503@eps.co.jp","080-2647-4179"
"epl250140","横尾　賢治","ヨコオ　ケンジ","1","yokoo.kenji157@eps.co.jp","090-3149-8189"
"epl250143","片桐　和則","カタギリ　カズノリ","1","katagiri.kazunori006@eps.co.jp","070-4446-8021"
"epl250167","鐘ヶ江　沙紀","カネガエ　サキ","1","kanegae.saki759@eps.co.jp","090-2163-6468"
"epl250173","内山　典彦","ウチヤマ　ノリヒコ","1","uchiyama.norihiko822@eps.co.jp","090-2163-6728"
"epl260015","織田　誠一","オダ　セイイチ","1","oda.seiichi044@eps.co.jp","080-8918-7669"
"epl260016","寶井　由季絵","タカライ　ユキエ","1","takarai.yukie645@eps.co.jp","070-2616-2790"
"epl260038","吉井　良幸","ヨシイ　ヨシユキ","1","yoshii.yoshiyuki347@eps.co.jp","090-6939-2269"
"epl810101","EPL　北海道チーム長","","2","",""
"epl810102","EPL　東北チーム長","","2","",""
"epl810103","EPL　甲信越チーム長","","2","",""
"epl810106","EPL　関東チーム長","","2","",""
"epl810107","EPL　東海チーム長","","2","",""
"epl810108","EPL　関西第一チーム長","","2","",""
"epl810111","EPL　中国・四国チーム長","","2","",""
"epl810112","EPL　九州第一チーム長","","2","",""
"IQQ0831449","鐘ヶ江 紗代","カネガエ　サヨ","1","sayo.kanegae@iqvia.com","080ｰ9658ｰ0454"
"IQQ1061897","齋田 あかね","サイダアカネ","1","akane.saida@iqvia.com","080-4193-8773"
"IQU1172812","中尾 美月","ナカオミヅキ","1","mizuki.nakao@iqvia.com","090-9687-4164"
"IQU1174916","林 頌子","ハヤシウタコ","1","utako.hayashi@iqvia.com","070-1241-5387"
"IQU1175677","後藤 麻里子","ゴトウマリコ","1","mariko.goto@iqvia.com","090-9846-8996"
