"TekiyoKaishi_DT","TekiyoShuryo_DT","Del_FLG","Sakuseisha_ID","Sakusei_DT","Koshinsha_ID","Koshin_DT","KoshinProgram_ID","Layout_KBN","Todofuken_CD","Shusei_KBN","Maintenance_DT","Tenso_DT","IryokenMaintenace_DT","Koji_DT","Seishin_KijunByosho","Seishin_KizonByosho","Seishin_Kizon_DT","Seishin_Kafusokusu","Kekkaku_KijunByosho","Kekkaku_KizonByosho","Kekkaku_Kizon_DT","Kekkaku_Kafusokusu","Kansen_KijunByosho","Kansen_KizonByosho","Kansen_Kizon_DT","Kansen_Kafusokusu"
"12/01/2012 00:00:00","02/17/2013 00:00:00","False","Batch","12/27/2012 13:16:51","BATCH","02/18/2013 00:00:00","PVS_XP_2060","121","01","A","20121127","20121203","20100401","20100401","19615","20618","20100101","1003","205","502","20100101","297","98","90","20100101","-8"
"12/01/2012 00:00:00","02/17/2013 00:00:00","False","Batch","12/27/2012 13:16:51","BATCH","02/18/2013 00:00:00","PVS_XP_2060","121","02","A","20121127","20121203","20100501","20100401","3918","4465","20091201","547","65","112","20091201","47","32","20","20091201","-12"
"12/01/2012 00:00:00","02/17/2013 00:00:00","False","Batch","12/27/2012 13:16:51","BATCH","02/18/2013 00:00:00","PVS_XP_2060","121","03","A","20121127","20121203","20110901","20080418","4497","4796","20070930","299","126","216","20070930","90","40","38","20070930","-2"
"12/01/2012 00:00:00","02/17/2013 00:00:00","False","Batch","12/27/2012 13:16:51","BATCH","02/18/2013 00:00:00","PVS_XP_2060","121","04","A","20121127","20121203","20090901","20080401","4627","6495","20070930","1868","100","140","20070930","40","28","28","20070930","0"
"12/01/2012 00:00:00","02/17/2013 00:00:00","False","Batch","12/27/2012 13:16:51","BATCH","02/18/2013 00:00:00","PVS_XP_2060","121","05","A","20121127","20121203","20080501","20080328","3508","4350","20070331","842","51","89","20070331","38","36","30","20070331","-6"
"12/01/2012 00:00:00","02/17/2013 00:00:00","False","Batch","12/27/2012 13:16:51","BATCH","02/18/2013 00:00:00","PVS_XP_2060","121","06","A","20121127","20121203","20080501","20080318","3003","4090","20071201","1087","59","50","20071201","-9","22","18","20071201","-4"
"12/01/2012 00:00:00","02/17/2013 00:00:00","False","Batch","12/27/2012 13:16:51","BATCH","02/18/2013 00:00:00","PVS_XP_2060","121","07","A","20121127","20121203","20080701","20080408","6568","7730","20070331","1162","78","241","20070331","163","36","36","20070331","0"
"12/01/2012 00:00:00","02/17/2013 00:00:00","False","Batch","12/27/2012 13:16:51","BATCH","02/18/2013 00:00:00","PVS_XP_2060","121","08","A","20121127","20121203","20080501","20080331","5038","7716","20080118","2678","113","213","20080118","100","48","48","20080118","0"
"12/01/2012 00:00:00","02/17/2013 00:00:00","False","Batch","12/27/2012 13:16:51","BATCH","02/18/2013 00:00:00","PVS_XP_2060","121","09","A","20121127","20121203","20111001","20080331","4669","5315","20080101","646","65","134","20080101","69","28","26","20080101","-2"
"12/01/2012 00:00:00","02/17/2013 00:00:00","False","Batch","12/27/2012 13:16:51","BATCH","02/18/2013 00:00:00","PVS_XP_2060","121","10","A","20121127","20121203","20100501","20100330","4419","5255","20100331","836","66","69","20100331","3","48","46","20100331","-2"
"12/01/2012 00:00:00","02/17/2013 00:00:00","False","Batch","12/27/2012 13:16:51","BATCH","02/18/2013 00:00:00","PVS_XP_2060","121","11","A","20121127","20121203","20121001","20100401","11343","14687","20091231","3344","203","191","20091231","-12","58","30","20091231","-28"
"12/01/2012 00:00:00","02/17/2013 00:00:00","False","Batch","12/27/2012 13:16:51","BATCH","02/18/2013 00:00:00","PVS_XP_2060","121","13","A","20121127","20121203","20080501","20080328","22810","25320","20070401","2510","739","856","20070401","117","130","104","20070401","-26"
"12/01/2012 00:00:00","02/17/2013 00:00:00","False","Batch","12/27/2012 13:16:51","BATCH","02/18/2013 00:00:00","PVS_XP_2060","121","14","A","20121127","20121203","20100401","20080328","14716","14127","20080101","-589","267","334","20080101","67","74","74","20080101","0"
"12/01/2012 00:00:00","02/17/2013 00:00:00","False","Batch","12/27/2012 13:16:51","BATCH","02/18/2013 00:00:00","PVS_XP_2060","121","15","A","20121127","20121203","20110501","20110408","6490","6850","20101001","360","41","100","20101001","59","36","36","20101001","0"
"12/01/2012 00:00:00","02/17/2013 00:00:00","False","Batch","12/27/2012 13:16:51","BATCH","02/18/2013 00:00:00","PVS_XP_2060","121","16","A","20121127","20121203","20080501","20080331","3372","3468","20070101","96","107","107","20070101","0","20","20","20070101","0"
"12/01/2012 00:00:00","02/17/2013 00:00:00","False","Batch","12/27/2012 13:16:51","BATCH","02/18/2013 00:00:00","PVS_XP_2060","121","17","A","20121127","20121203","20111101","20080401","3592","3849","20080331","257","62","142","20080331","80","18","18","20080331","0"
"12/01/2012 00:00:00","02/17/2013 00:00:00","False","Batch","12/27/2012 13:16:51","BATCH","02/18/2013 00:00:00","PVS_XP_2060","121","18","A","20121127","20121203","20080601","20080331","2116","2419","20071001","303","35","112","20071001","77","20","16","20071001","-4"
"12/01/2012 00:00:00","02/17/2013 00:00:00","False","Batch","12/27/2012 13:16:51","BATCH","02/18/2013 00:00:00","PVS_XP_2060","121","19","A","20121127","20121203","20100301","20080327","1980","2468","20071201","488","22","94","20071201","72","20","28","20071201","8"
"12/01/2012 00:00:00","02/17/2013 00:00:00","False","Batch","12/27/2012 13:16:51","BATCH","02/18/2013 00:00:00","PVS_XP_2060","121","20","A","20121127","20121203","20100301","20080331","4766","5244","20080401","478","87","134","20080401","47","46","44","20080401","-2"
"12/01/2012 00:00:00","02/17/2013 00:00:00","False","Batch","12/27/2012 13:16:51","BATCH","02/18/2013 00:00:00","PVS_XP_2060","121","21","A","20121127","20121203","20091101","20090401","3438","4177","20090401","739","105","145","20090401","40","30","30","20090401","0"
"12/01/2012 00:00:00","02/17/2013 00:00:00","False","Batch","12/27/2012 13:16:51","BATCH","02/18/2013 00:00:00","PVS_XP_2060","121","22","A","20121127","20121203","20111101","20100330","6946","7137","20091231","191","108","198","20091231","90","48","48","20091231","0"
"12/01/2012 00:00:00","02/17/2013 00:00:00","False","Batch","12/27/2012 13:16:51","BATCH","02/18/2013 00:00:00","PVS_XP_2060","121","23","A","20121127","20121203","20120101","20110329","12554","13024","20100930","470","218","275","20100930","57","74","64","20100930","-10"
"12/01/2012 00:00:00","02/17/2013 00:00:00","False","Batch","12/27/2012 13:16:51","BATCH","02/18/2013 00:00:00","PVS_XP_2060","121","24","A","20121127","20121203","20091101","20081017","3727","4818","20071231","1091","96","80","20071231","-16","24","20","20071231","-4"
"12/01/2012 00:00:00","02/17/2013 00:00:00","False","Batch","12/27/2012 13:16:51","BATCH","02/18/2013 00:00:00","PVS_XP_2060","121","25","A","20121127","20121203","20100301","20080401","2398","2403","20070401","5","102","132","20070401","30","32","32","20070401","0"
"12/01/2012 00:00:00","02/17/2013 00:00:00","False","Batch","12/27/2012 13:16:51","BATCH","02/18/2013 00:00:00","PVS_XP_2060","121","26","A","20121127","20121203","20081101","20080404","6086","6449","20061001","363","424","345","20061001","-79","30","36","20061001","6"
"12/01/2012 00:00:00","02/17/2013 00:00:00","False","Batch","12/27/2012 13:16:51","BATCH","02/18/2013 00:00:00","PVS_XP_2060","121","27","A","20121127","20121203","20080501","20080331","16512","19217","20071001","2705","814","1061","20071001","247","78","78","20071001","0"
"12/01/2012 00:00:00","02/17/2013 00:00:00","False","Batch","12/27/2012 13:16:51","BATCH","02/18/2013 00:00:00","PVS_XP_2060","121","28","A","20121127","20121203","20110501","20110401","10938","11452","20101001","514","178","343","20101001","165","58","54","20101001","-4"
"12/01/2012 00:00:00","02/17/2013 00:00:00","False","Batch","12/27/2012 13:16:51","BATCH","02/18/2013 00:00:00","PVS_XP_2060","121","29","A","20121127","20121203","20100501","20100331","2698","2896","20100409","198","80","100","20100409","20","28","17","20100409","-11"
"12/01/2012 00:00:00","02/17/2013 00:00:00","False","Batch","12/27/2012 13:16:51","BATCH","02/18/2013 00:00:00","PVS_XP_2060","121","30","A","20121127","20121203","20080501","20080314","1475","2369","20080131","894","46","166","20080131","120","32","24","20080131","-8"
"12/01/2012 00:00:00","02/17/2013 00:00:00","False","Batch","12/27/2012 13:16:51","BATCH","02/18/2013 00:00:00","PVS_XP_2060","121","31","A","20121127","20121203","20080601","20080513","1853","2031","20080401","178","34","34","20080401","0","12","12","20080401","0"
"12/01/2012 00:00:00","02/17/2013 00:00:00","False","Batch","12/27/2012 13:16:51","BATCH","02/18/2013 00:00:00","PVS_XP_2060","121","32","A","20121127","20121203","20111001","20080328","2539","2602","20071201","63","25","88","20071201","63","30","34","20071201","4"
"12/01/2012 00:00:00","02/17/2013 00:00:00","False","Batch","12/27/2012 13:16:51","BATCH","02/18/2013 00:00:00","PVS_XP_2060","121","33","A","20121127","20121203","20110501","20110329","5356","5795","20110301","439","76","244","20110301","168","26","26","20110301","0"
"12/01/2012 00:00:00","02/17/2013 00:00:00","False","Batch","12/27/2012 13:16:51","BATCH","02/18/2013 00:00:00","PVS_XP_2060","121","34","A","20121127","20121203","20111101","20110324","8158","9263","20090131","1105","116","155","20090131","39","36","24","20090131","-12"
"12/01/2012 00:00:00","02/17/2013 00:00:00","False","Batch","12/27/2012 13:16:51","BATCH","02/18/2013 00:00:00","PVS_XP_2060","121","35","A","20121127","20121203","20100101","20080527","5827","6190","20051201","363","46","169","20051201","123","40","40","20051201","0"
"12/01/2012 00:00:00","02/17/2013 00:00:00","False","Batch","12/27/2012 13:16:51","BATCH","02/18/2013 00:00:00","PVS_XP_2060","121","36","A","20121127","20121203","20080601","20080422","3032","4071","20070331","1039","47","103","20070331","56","21","14","20070331","-7"
"12/01/2012 00:00:00","02/17/2013 00:00:00","False","Batch","12/27/2012 13:16:51","BATCH","02/18/2013 00:00:00","PVS_XP_2060","121","37","A","20121127","20121203","20080501","20080328","3501","3831","20071231","330","99","135","20071231","36","28","18","20071231","-10"
"12/01/2012 00:00:00","02/17/2013 00:00:00","False","Batch","12/27/2012 13:16:51","BATCH","02/18/2013 00:00:00","PVS_XP_2060","121","38","A","20121127","20121203","20081101","20080401","4398","5211","20080131","813","68","153","20080131","85","28","26","20080131","-2"
"12/01/2012 00:00:00","02/17/2013 00:00:00","False","Batch","12/27/2012 13:16:51","BATCH","02/18/2013 00:00:00","PVS_XP_2060","121","39","A","20121127","20121203","20080501","20080331","2745","3853","20070930","1108","60","212","20070930","152","11","11","20070930","0"
"12/01/2012 00:00:00","02/17/2013 00:00:00","False","Batch","12/27/2012 13:16:51","BATCH","02/18/2013 00:00:00","PVS_XP_2060","121","40","A","20121127","20121203","20100201","20080331","19130","21720","20070801","2590","173","526","20070801","353","66","56","20070801","-10"
"01/16/2013 00:00:00","02/17/2013 00:00:00","False","Batch","02/06/2013 19:10:47","BATCH","02/18/2013 00:00:00","PVS_XP_2060","121","12","B","20121225","20130112","20130101","20110426","12949","12911","20100401","-38","114","218","20100401","104","59","58","20100401","-1"
"02/18/2013 00:00:00","04/23/2013 00:00:00","False","Batch","02/16/2013 06:07:21","BATCH","04/24/2013 00:00:00","PVS_XP_2060","121","01","A","20130215","20130218","20100401","20100401","19615","20618","20100101","1003","205","502","20100101","297","98","90","20100101","-8"
"02/18/2013 00:00:00","04/23/2013 00:00:00","False","Batch","02/16/2013 06:07:21","BATCH","04/24/2013 00:00:00","PVS_XP_2060","121","03","A","20130215","20130218","20110901","20080418","4497","4796","20070930","299","126","216","20070930","90","40","38","20070930","-2"
"12/01/2012 00:00:00","02/17/2013 00:00:00","False","Batch","12/27/2012 13:16:51","BATCH","02/18/2013 00:00:00","PVS_XP_2060","121","41","A","20121127","20121203","20080501","20080401","3661","4366","20080331","705","58","70","20080331","12","24","22","20080331","-2"
"12/01/2012 00:00:00","02/17/2013 00:00:00","False","Batch","12/27/2012 13:16:51","BATCH","02/18/2013 00:00:00","PVS_XP_2060","121","42","A","20121127","20121203","20110901","20110419","6492","8043","20100930","1551","70","150","20100930","80","38","38","20100930","0"
"12/01/2012 00:00:00","02/17/2013 00:00:00","False","Batch","12/27/2012 13:16:51","BATCH","02/18/2013 00:00:00","PVS_XP_2060","121","43","A","20121127","20121203","20120401","20100323","7126","9013","20090401","1887","137","246","20090401","109","48","48","20090401","0"
"12/01/2012 00:00:00","02/17/2013 00:00:00","False","Batch","12/27/2012 13:16:51","BATCH","02/18/2013 00:00:00","PVS_XP_2060","121","44","A","20121127","20121203","20080501","20080331","4321","5397","20080201","1076","46","150","20080201","104","54","44","20080201","-10"
"12/01/2012 00:00:00","01/15/2013 00:00:00","False","Batch","12/27/2012 13:16:51","BATCH","02/07/2013 00:00:00","PVS_XP_2060","121","12","A","20121127","20121203","20110601","20110426","12949","12911","20100401","-38","114","218","20100401","104","59","58","20100401","-1"
"12/01/2012 00:00:00","02/17/2013 00:00:00","False","Batch","12/27/2012 13:16:51","BATCH","02/18/2013 00:00:00","PVS_XP_2060","121","45","A","20121127","20121203","20100301","20080401","4376","6225","20080229","1849","84","110","20080229","26","32","30","20080229","-2"
"12/01/2012 00:00:00","02/17/2013 00:00:00","False","Batch","12/27/2012 13:16:51","BATCH","02/18/2013 00:00:00","PVS_XP_2060","121","46","A","20121127","20121203","20100301","20080401","8683","9974","20080101","1291","214","230","20080101","16","38","44","20080101","6"
"12/01/2012 00:00:00","02/17/2013 00:00:00","False","Batch","12/27/2012 13:16:51","BATCH","02/18/2013 00:00:00","PVS_XP_2060","121","47","A","20121127","20121203","20080501","20080401","4884","5610","20070331","726","44","81","20070331","37","26","18","20070331","-8"
"02/18/2013 00:00:00","04/23/2013 00:00:00","False","Batch","02/16/2013 06:07:21","BATCH","04/24/2013 00:00:00","PVS_XP_2060","121","04","A","20130215","20130218","20090901","20080401","4627","6495","20070930","1868","100","140","20070930","40","28","28","20070930","0"
"02/18/2013 00:00:00","04/23/2013 00:00:00","False","Batch","02/16/2013 06:07:21","BATCH","04/24/2013 00:00:00","PVS_XP_2060","121","05","A","20130215","20130218","20080501","20080328","3508","4350","20070331","842","51","89","20070331","38","36","30","20070331","-6"
"02/18/2013 00:00:00","04/23/2013 00:00:00","False","Batch","02/16/2013 06:07:21","BATCH","04/24/2013 00:00:00","PVS_XP_2060","121","06","A","20130215","20130218","20080501","20080318","3003","4090","20071201","1087","59","50","20071201","-9","22","18","20071201","-4"
"02/18/2013 00:00:00","04/23/2013 00:00:00","False","Batch","02/16/2013 06:07:21","BATCH","04/24/2013 00:00:00","PVS_XP_2060","121","07","A","20130215","20130218","20080701","20080408","6568","7730","20070331","1162","78","241","20070331","163","36","36","20070331","0"
"02/18/2013 00:00:00","04/23/2013 00:00:00","False","Batch","02/16/2013 06:07:21","BATCH","04/24/2013 00:00:00","PVS_XP_2060","121","08","A","20130215","20130218","20080501","20080331","5038","7716","20080118","2678","113","213","20080118","100","48","48","20080118","0"
"02/18/2013 00:00:00","04/23/2013 00:00:00","False","Batch","02/16/2013 06:07:21","BATCH","04/24/2013 00:00:00","PVS_XP_2060","121","09","A","20130215","20130218","20111001","20080331","4669","5315","20080101","646","65","134","20080101","69","28","26","20080101","-2"
"02/18/2013 00:00:00","09/28/2015 00:00:00","False","Batch","02/16/2013 06:07:21","BATCH","09/29/2015 00:00:00","PVS_XP_2060","121","10","A","20130215","20130218","20100501","20100330","4419","5255","20100331","836","66","69","20100331","3","48","46","20100331","-2"
"02/18/2013 00:00:00","04/23/2013 00:00:00","False","Batch","02/16/2013 06:07:21","BATCH","04/24/2013 00:00:00","PVS_XP_2060","121","11","A","20130215","20130218","20121001","20100401","11343","14687","20091231","3344","203","191","20091231","-12","58","30","20091231","-28"
"02/18/2013 00:00:00","05/25/2016 00:00:00","False","Batch","02/16/2013 06:07:21","BATCH","05/26/2016 00:00:00","PVS_XP_2060","121","02","A","20130215","20130218","20100501","20100401","3918","4465","20091201","547","65","112","20091201","47","32","20","20091201","-12"
"02/18/2013 00:00:00","04/23/2013 00:00:00","False","Batch","02/16/2013 06:07:21","BATCH","04/24/2013 00:00:00","PVS_XP_2060","121","13","A","20130215","20130218","20080501","20080328","22810","25320","20070401","2510","739","856","20070401","117","130","104","20070401","-26"
"02/18/2013 00:00:00","04/23/2013 00:00:00","False","Batch","02/16/2013 06:07:21","BATCH","04/24/2013 00:00:00","PVS_XP_2060","121","14","A","20130215","20130218","20100401","20080328","14716","14127","20080101","-589","267","334","20080101","67","74","74","20080101","0"
"02/18/2013 00:00:00","04/23/2013 00:00:00","False","Batch","02/16/2013 06:07:21","BATCH","04/24/2013 00:00:00","PVS_XP_2060","121","15","A","20130215","20130218","20110501","20110408","6490","6850","20101001","360","41","100","20101001","59","36","36","20101001","0"
"02/18/2013 00:00:00","04/23/2013 00:00:00","False","Batch","02/16/2013 06:07:21","BATCH","04/24/2013 00:00:00","PVS_XP_2060","121","16","A","20130215","20130218","20080501","20080331","3372","3468","20070101","96","107","107","20070101","0","20","20","20070101","0"
"02/18/2013 00:00:00","04/23/2013 00:00:00","False","Batch","02/16/2013 06:07:21","BATCH","04/24/2013 00:00:00","PVS_XP_2060","121","17","A","20130215","20130218","20111101","20080401","3592","3849","20080331","257","62","142","20080331","80","18","18","20080331","0"
"02/18/2013 00:00:00","04/23/2013 00:00:00","False","Batch","02/16/2013 06:07:21","BATCH","04/24/2013 00:00:00","PVS_XP_2060","121","18","A","20130215","20130218","20080601","20080331","2116","2419","20071001","303","35","112","20071001","77","20","16","20071001","-4"
"02/18/2013 00:00:00","04/23/2013 00:00:00","False","Batch","02/16/2013 06:07:21","BATCH","04/24/2013 00:00:00","PVS_XP_2060","121","19","A","20130215","20130218","20100301","20080327","1980","2468","20071201","488","22","94","20071201","72","20","28","20071201","8"
"02/18/2013 00:00:00","04/23/2013 00:00:00","False","Batch","02/16/2013 06:07:21","BATCH","04/24/2013 00:00:00","PVS_XP_2060","121","20","A","20130215","20130218","20100301","20080331","4766","5244","20080401","478","87","134","20080401","47","46","44","20080401","-2"
"02/18/2013 00:00:00","04/23/2013 00:00:00","False","Batch","02/16/2013 06:07:21","BATCH","04/24/2013 00:00:00","PVS_XP_2060","121","21","A","20130215","20130218","20091101","20090401","3438","4177","20090401","739","105","145","20090401","40","30","30","20090401","0"
"02/18/2013 00:00:00","09/28/2015 00:00:00","False","Batch","02/16/2013 06:07:21","BATCH","09/29/2015 00:00:00","PVS_XP_2060","121","22","A","20130215","20130218","20111101","20100330","6946","7137","20091231","191","108","198","20091231","90","48","48","20091231","0"
"02/18/2013 00:00:00","09/28/2015 00:00:00","False","Batch","02/16/2013 06:07:21","BATCH","09/29/2015 00:00:00","PVS_XP_2060","121","23","A","20130215","20130218","20120101","20110329","12554","13024","20100930","470","218","275","20100930","57","74","64","20100930","-10"
"02/18/2013 00:00:00","04/23/2013 00:00:00","False","Batch","02/16/2013 06:07:21","BATCH","04/24/2013 00:00:00","PVS_XP_2060","121","24","A","20130215","20130218","20091101","20081017","3727","4818","20071231","1091","96","80","20071231","-16","24","20","20071231","-4"
"02/18/2013 00:00:00","04/23/2013 00:00:00","False","Batch","02/16/2013 06:07:21","BATCH","04/24/2013 00:00:00","PVS_XP_2060","121","25","A","20130215","20130218","20100301","20080401","2398","2403","20070401","5","102","132","20070401","30","32","32","20070401","0"
"02/18/2013 00:00:00","04/23/2013 00:00:00","False","Batch","02/16/2013 06:07:21","BATCH","04/24/2013 00:00:00","PVS_XP_2060","121","26","A","20130215","20130218","20081101","20080404","6086","6449","20061001","363","424","345","20061001","-79","30","36","20061001","6"
"02/18/2013 00:00:00","04/23/2013 00:00:00","False","Batch","02/16/2013 06:07:21","BATCH","04/24/2013 00:00:00","PVS_XP_2060","121","27","A","20130215","20130218","20080501","20080331","16512","19217","20071001","2705","814","1061","20071001","247","78","78","20071001","0"
"02/18/2013 00:00:00","09/28/2015 00:00:00","False","Batch","02/16/2013 06:07:21","BATCH","09/29/2015 00:00:00","PVS_XP_2060","121","28","A","20130215","20130218","20110501","20110401","10938","11452","20101001","514","178","343","20101001","165","58","54","20101001","-4"
"02/18/2013 00:00:00","04/23/2013 00:00:00","False","Batch","02/16/2013 06:07:21","BATCH","04/24/2013 00:00:00","PVS_XP_2060","121","29","A","20130215","20130218","20100501","20100331","2698","2896","20100409","198","80","100","20100409","20","28","17","20100409","-11"
"02/18/2013 00:00:00","05/28/2013 00:00:00","False","Batch","02/16/2013 06:07:21","BATCH","05/29/2013 00:00:00","PVS_XP_2060","121","30","A","20130215","20130218","20080501","20080314","1475","2369","20080131","894","46","166","20080131","120","32","24","20080131","-8"
"02/18/2013 00:00:00","05/28/2013 00:00:00","False","Batch","02/16/2013 06:07:21","BATCH","05/29/2013 00:00:00","PVS_XP_2060","121","31","A","20130215","20130218","20080601","20080513","1853","2031","20080401","178","34","34","20080401","0","12","12","20080401","0"
"02/18/2013 00:00:00","05/28/2013 00:00:00","False","Batch","02/16/2013 06:07:21","BATCH","05/29/2013 00:00:00","PVS_XP_2060","121","32","A","20130215","20130218","20111001","20080328","2539","2602","20071201","63","25","88","20071201","63","30","34","20071201","4"
"02/18/2013 00:00:00","05/25/2016 00:00:00","False","Batch","02/16/2013 06:07:21","BATCH","05/26/2016 00:00:00","PVS_XP_2060","121","12","A","20130215","20130218","20130101","20110426","12949","12911","20100401","-38","114","218","20100401","104","59","58","20100401","-1"
"02/18/2013 00:00:00","09/28/2015 00:00:00","False","Batch","02/16/2013 06:07:21","BATCH","09/29/2015 00:00:00","PVS_XP_2060","121","34","A","20130215","20130218","20111101","20110324","8158","9263","20090131","1105","116","155","20090131","39","36","24","20090131","-12"
"04/24/2013 00:00:00","12/25/2013 00:00:00","False","Batch","04/23/2013 18:40:27","BATCH","12/26/2013 00:00:00","PVS_XP_2060","121","03","B","20130422","20130423","20130501","20130329","4420","4454","20120930","34","30","137","20120930","107","40","40","20120930","0"
"02/18/2013 00:00:00","04/23/2013 00:00:00","False","Batch","02/16/2013 06:07:21","BATCH","04/24/2013 00:00:00","PVS_XP_2060","121","36","A","20130215","20130218","20080601","20080422","3032","4071","20070331","1039","47","103","20070331","56","21","14","20070331","-7"
"04/24/2013 00:00:00","05/29/2018 00:00:00","False","Batch","04/23/2013 18:40:27","BATCH","05/30/2018 00:00:00","PVS_XP_2060","121","01","B","20130422","20130423","20130501","20130329","18967","19615","20130201","648","143","205","20130201","62","98","94","20130201","-4"
"04/24/2013 00:00:00","05/29/2018 00:00:00","False","Batch","04/23/2013 18:40:27","BATCH","05/30/2018 00:00:00","PVS_XP_2060","121","06","B","20130422","20130423","20130501","20130329","3373","3817","20130101","444","34","30","20130101","-4","20","18","20130101","-2"
"04/24/2013 00:00:00","05/29/2018 00:00:00","False","Batch","04/23/2013 18:40:27","BATCH","05/30/2018 00:00:00","PVS_XP_2060","121","07","B","20130422","20130423","20130501","20130405","6478","7236","20120331","758","60","134","20120331","74","36","36","20130331","0"
"02/18/2013 00:00:00","05/25/2016 00:00:00","False","Batch","02/16/2013 06:07:21","BATCH","05/26/2016 00:00:00","PVS_XP_2060","121","33","A","20130215","20130218","20110501","20110329","5356","5795","20110301","439","76","244","20110301","168","26","26","20110301","0"
"02/18/2013 00:00:00","04/23/2013 00:00:00","False","Batch","02/16/2013 06:07:21","BATCH","04/24/2013 00:00:00","PVS_XP_2060","121","37","A","20130215","20130218","20080501","20080328","3501","3831","20071231","330","99","135","20071231","36","28","18","20071231","-10"
"02/18/2013 00:00:00","04/23/2013 00:00:00","False","Batch","02/16/2013 06:07:21","BATCH","04/24/2013 00:00:00","PVS_XP_2060","121","38","A","20130215","20130218","20081101","20080401","4398","5211","20080131","813","68","153","20080131","85","28","26","20080131","-2"
"02/18/2013 00:00:00","04/23/2013 00:00:00","False","Batch","02/16/2013 06:07:21","BATCH","04/24/2013 00:00:00","PVS_XP_2060","121","39","A","20130215","20130218","20080501","20080331","2745","3853","20070930","1108","60","212","20070930","152","11","11","20070930","0"
"02/18/2013 00:00:00","04/23/2013 00:00:00","False","Batch","02/16/2013 06:07:21","BATCH","04/24/2013 00:00:00","PVS_XP_2060","121","40","A","20130215","20130218","20100201","20080331","19130","21720","20070801","2590","173","526","20070801","353","66","56","20070801","-10"
"02/18/2013 00:00:00","04/23/2013 00:00:00","False","Batch","02/16/2013 06:07:21","BATCH","04/24/2013 00:00:00","PVS_XP_2060","121","41","A","20130215","20130218","20080501","20080401","3661","4366","20080331","705","58","70","20080331","12","24","22","20080331","-2"
"02/18/2013 00:00:00","04/23/2013 00:00:00","False","Batch","02/16/2013 06:07:21","BATCH","04/24/2013 00:00:00","PVS_XP_2060","121","42","A","20130215","20130218","20110901","20110419","6492","8043","20100930","1551","70","150","20100930","80","38","38","20100930","0"
"02/18/2013 00:00:00","04/23/2013 00:00:00","False","Batch","02/16/2013 06:07:21","BATCH","04/24/2013 00:00:00","PVS_XP_2060","121","43","A","20130215","20130218","20120401","20100323","7126","9013","20090401","1887","137","246","20090401","109","48","48","20090401","0"
"02/18/2013 00:00:00","04/23/2013 00:00:00","False","Batch","02/16/2013 06:07:21","BATCH","04/24/2013 00:00:00","PVS_XP_2060","121","44","A","20130215","20130218","20080501","20080331","4321","5397","20080201","1076","46","150","20080201","104","54","44","20080201","-10"
"02/18/2013 00:00:00","04/23/2013 00:00:00","False","Batch","02/16/2013 06:07:21","BATCH","04/24/2013 00:00:00","PVS_XP_2060","121","45","A","20130215","20130218","20100301","20080401","4376","6225","20080229","1849","84","110","20080229","26","32","30","20080229","-2"
"02/18/2013 00:00:00","04/23/2013 00:00:00","False","Batch","02/16/2013 06:07:21","BATCH","04/24/2013 00:00:00","PVS_XP_2060","121","46","A","20130215","20130218","20100301","20080401","8683","9974","20080101","1291","214","230","20080101","16","38","44","20080101","6"
"02/18/2013 00:00:00","04/23/2013 00:00:00","False","Batch","02/16/2013 06:07:21","BATCH","04/24/2013 00:00:00","PVS_XP_2060","121","47","A","20130215","20130218","20080501","20080401","4884","5610","20070331","726","44","81","20070331","37","26","18","20070331","-8"
"04/24/2013 00:00:00","05/29/2018 00:00:00","False","Batch","04/23/2013 18:40:27","BATCH","05/30/2018 00:00:00","PVS_XP_2060","121","13","B","20130422","20130423","20130501","20130401","21956","23211","20121001","1255","398","563","20121001","165","130","124","20121001","-6"
"04/24/2013 00:00:00","05/29/2018 00:00:00","False","Batch","04/23/2013 18:40:27","BATCH","05/30/2018 00:00:00","PVS_XP_2060","121","14","B","20130422","20130423","20130501","20130329","12958","13889","20120331","931","166","166","20120331","0","74","74","20120331","0"
"04/24/2013 00:00:00","11/27/2017 00:00:00","False","Batch","04/23/2013 18:40:27","BATCH","11/28/2017 00:00:00","PVS_XP_2060","121","08","B","20130422","20130423","20130501","20130402","5770","7444","20130201","1674","60","128","20130201","68","48","48","20130201","0"
"04/24/2013 00:00:00","12/24/2015 00:00:00","False","Batch","04/23/2013 18:40:27","BATCH","12/25/2015 00:00:00","PVS_XP_2060","121","05","B","20130422","20130423","20130501","20130329","3839","4152","20120331","313","38","58","20120331","20","36","30","20120331","-6"
"04/24/2013 00:00:00","12/24/2015 00:00:00","False","Batch","04/23/2013 18:40:27","BATCH","12/25/2015 00:00:00","PVS_XP_2060","121","11","B","20130422","20130423","20130501","20130329","13345","14495","20120331","1150","137","191","20120331","54","85","40","20120331","-45"
"04/24/2013 00:00:00","05/29/2018 00:00:00","False","Batch","04/23/2013 18:40:27","BATCH","05/30/2018 00:00:00","PVS_XP_2060","121","15","B","20130422","20130423","20130501","20130405","6490","6850","20121001","360","41","100","20121001","59","36","36","20121001","0"
"04/24/2013 00:00:00","05/29/2018 00:00:00","False","Batch","04/23/2013 18:40:27","BATCH","05/30/2018 00:00:00","PVS_XP_2060","121","17","B","20130422","20130423","20130501","20130401","3656","3816","20130331","160","62","92","20130331","30","18","18","20130331","0"
"04/24/2013 00:00:00","05/29/2018 00:00:00","False","Batch","04/23/2013 18:40:27","BATCH","05/30/2018 00:00:00","PVS_XP_2060","121","19","B","20130422","20130423","20130501","20130328","2345","2468","20130131","123","20","50","20130131","30","20","28","20130131","8"
"04/24/2013 00:00:00","07/26/2018 00:00:00","False","Batch","04/23/2013 18:40:27","BATCH","07/27/2018 00:00:00","PVS_XP_2060","121","16","B","20130422","20130423","20130501","20130329","3080","3365","20130331","285","82","86","20130331","4","20","20","20130331","0"
"04/24/2013 00:00:00","05/29/2018 00:00:00","False","Batch","04/23/2013 18:40:27","BATCH","05/30/2018 00:00:00","PVS_XP_2060","121","21","B","20130422","20130423","20130501","20130329","3294","4118","20120930","824","95","137","20120930","42","30","30","20120930","0"
"04/24/2013 00:00:00","07/26/2018 00:00:00","False","Batch","04/23/2013 18:40:27","BATCH","07/27/2018 00:00:00","PVS_XP_2060","121","18","B","20130422","20130423","20130501","20130329","2116","2342","20121001","226","22","48","20121001","26","20","20","20121001","0"
"04/24/2013 00:00:00","05/29/2018 00:00:00","False","Batch","04/23/2013 18:40:27","BATCH","05/30/2018 00:00:00","PVS_XP_2060","121","24","B","20130422","20130423","20130501","20130329","4120","4786","20121201","666","60","54","20121201","-6","24","24","20121201","0"
"04/24/2013 00:00:00","11/27/2017 00:00:00","False","Batch","04/23/2013 18:40:27","BATCH","11/28/2017 00:00:00","PVS_XP_2060","121","20","B","20130422","20130423","20130501","20130328","4861","5000","20120901","139","42","74","20120901","32","46","46","20120901","0"
"04/24/2013 00:00:00","05/29/2018 00:00:00","False","Batch","04/23/2013 18:40:27","BATCH","05/30/2018 00:00:00","PVS_XP_2060","121","25","B","20130422","20130423","20130501","20130401","2345","2373","20120401","28","73","77","20120401","4","34","32","20120401","-2"
"04/24/2013 00:00:00","05/29/2018 00:00:00","False","Batch","04/23/2013 18:40:27","BATCH","05/30/2018 00:00:00","PVS_XP_2060","121","26","B","20130422","20130423","20130501","20130402","5728","6376","20121201","648","300","300","20121201","0","38","38","20121201","0"
"04/24/2013 00:00:00","05/29/2018 00:00:00","False","Batch","04/23/2013 18:40:27","BATCH","05/30/2018 00:00:00","PVS_XP_2060","121","27","B","20130422","20130423","20130501","20130403","18318","19025","20121001","707","514","577","20121001","63","78","78","20121001","0"
"04/24/2013 00:00:00","05/29/2018 00:00:00","False","Batch","04/23/2013 18:40:27","BATCH","05/30/2018 00:00:00","PVS_XP_2060","121","29","B","20130422","20130423","20130501","20130329","2800","2863","20130401","63","50","60","20130401","10","28","13","20130401","-15"
"04/24/2013 00:00:00","05/29/2018 00:00:00","False","Batch","04/23/2013 18:40:27","BATCH","05/30/2018 00:00:00","PVS_XP_2060","121","36","B","20130422","20130423","20130501","20130409","2772","3928","20120331","1156","37","49","20120331","12","16","16","20120331","0"
"04/24/2013 00:00:00","05/29/2018 00:00:00","False","Batch","04/23/2013 18:40:27","BATCH","05/30/2018 00:00:00","PVS_XP_2060","121","38","B","20130422","20130423","20130501","20130405","4569","5160","20130131","591","54","153","20130131","99","28","26","20130131","-2"
"04/24/2013 00:00:00","05/29/2018 00:00:00","False","Batch","04/23/2013 18:40:27","BATCH","05/30/2018 00:00:00","PVS_XP_2060","121","39","B","20130422","20130423","20130501","20130329","2493","3721","20121130","1228","60","170","20121130","110","11","11","20121130","0"
"04/24/2013 00:00:00","11/27/2017 00:00:00","False","Batch","04/23/2013 18:40:27","BATCH","11/28/2017 00:00:00","PVS_XP_2060","121","37","B","20130422","20130423","20130501","20130329","2943","3459","20130331","516","35","123","20130331","88","24","18","20130331","-6"
"04/24/2013 00:00:00","05/29/2018 00:00:00","False","Batch","04/23/2013 18:40:27","BATCH","05/30/2018 00:00:00","PVS_XP_2060","121","41","B","20130422","20130423","20130501","20130401","4090","4239","20121231","149","30","30","20121231","0","24","22","20121231","-2"
"04/24/2013 00:00:00","05/29/2018 00:00:00","False","Batch","04/23/2013 18:40:27","BATCH","05/30/2018 00:00:00","PVS_XP_2060","121","42","B","20130422","20130423","20130501","20130409","6844","7955","20120930","1111","70","143","20120930","73","38","38","20120930","0"
"04/24/2013 00:00:00","12/24/2015 00:00:00","False","Batch","04/23/2013 18:40:27","BATCH","12/25/2015 00:00:00","PVS_XP_2060","121","40","B","20130422","20130423","20130501","20130329","18469","21436","20120801","2967","191","312","20120801","121","66","56","20120801","-10"
"04/24/2013 00:00:00","05/29/2018 00:00:00","False","Batch","04/23/2013 18:40:27","BATCH","05/30/2018 00:00:00","PVS_XP_2060","121","43","B","20130422","20130423","20130501","20130402","7522","8931","20121001","1409","54","231","20121001","177","48","48","20121001","0"
"04/24/2013 00:00:00","05/29/2018 00:00:00","False","Batch","04/23/2013 18:40:27","BATCH","05/30/2018 00:00:00","PVS_XP_2060","121","44","B","20130422","20130423","20130501","20130331","4693","5247","20130101","554","38","50","20130101","12","28","40","20130101","12"
"04/24/2013 00:00:00","05/29/2018 00:00:00","False","Batch","04/23/2013 18:40:27","BATCH","05/30/2018 00:00:00","PVS_XP_2060","121","46","B","20130422","20130423","20130501","20130329","8683","9812","20130101","1129","183","181","20130101","-2","44","44","20130101","0"
"05/29/2013 00:00:00","05/29/2018 00:00:00","False","Batch","05/28/2013 18:18:52","BATCH","05/30/2018 00:00:00","PVS_XP_2060","121","30","B","20130527","20130528","20130601","20130416","1850","2336","20130305","486","27","73","20130305","46","32","32","20130305","0"
"04/24/2013 00:00:00","12/24/2015 00:00:00","False","Batch","04/23/2013 18:40:27","BATCH","12/25/2015 00:00:00","PVS_XP_2060","121","45","B","20130422","20130423","20130501","20130401","5370","5844","20121231","474","26","97","20121231","71","32","30","20121231","-2"
"05/29/2013 00:00:00","05/29/2018 00:00:00","False","Batch","05/28/2013 18:18:52","BATCH","05/30/2018 00:00:00","PVS_XP_2060","121","31","B","20130527","20130528","20130601","20130416","1729","1966","20130401","237","21","34","20130401","13","12","12","20130401","0"
"11/28/2017 00:00:00","07/26/2018 00:00:00","False","Batch","11/27/2017 18:32:39","BATCH","07/27/2018 00:00:00","PVS_XP_2060","121","08","B","20171124","20171127","20171201","20130402","5770","7444","20130401","1674","60","128","20130401","68","48","48","20130401","0"
"05/29/2013 00:00:00","05/29/2018 00:00:00","False","Batch","05/28/2013 18:18:52","BATCH","05/30/2018 00:00:00","PVS_XP_2060","121","32","B","20130527","20130528","20130601","20130329","2369","2376","20130201","7","16","33","20130201","17","30","30","20130201","0"
"06/27/2013 00:00:00","05/29/2018 00:00:00","False","Batch","06/26/2013 19:13:16","BATCH","05/30/2018 00:00:00","PVS_XP_2060","121","35","B","20130625","20130626","20130701","20130531","5848","6068","20121201","220","37","60","20121201","23","40","40","20121201","0"
"12/26/2013 00:00:00","05/29/2018 00:00:00","False","Batch","12/25/2013 18:19:54","BATCH","05/30/2018 00:00:00","PVS_XP_2060","121","03","B","20131224","20131225","20140101","20130329","4420","4454","20120930","34","30","137","20120930","107","40","40","20120930","0"
"02/18/2013 00:00:00","06/26/2013 00:00:00","False","Batch","02/16/2013 06:07:21","BATCH","06/27/2013 00:00:00","PVS_XP_2060","121","35","A","20130215","20130218","20100101","20080527","5827","6190","20051201","363","46","169","20051201","123","40","40","20051201","0"
"03/26/2014 00:00:00","05/29/2018 00:00:00","False","Batch","03/25/2014 18:45:38","BATCH","05/30/2018 00:00:00","PVS_XP_2060","121","09","B","20140324","20140325","20140401","20130329","4779","5224","20121201","445","65","115","20121201","50","32","26","20121201","-6"
"04/24/2013 00:00:00","03/25/2014 00:00:00","False","Batch","04/23/2013 18:40:27","BATCH","03/26/2014 00:00:00","PVS_XP_2060","121","09","B","20130422","20130423","20130501","20130329","4779","5224","20121201","445","65","115","20121201","50","32","26","20121201","-6"
"09/29/2015 00:00:00","05/29/2018 00:00:00","False","Batch","09/28/2015 18:33:28","BATCH","05/30/2018 00:00:00","PVS_XP_2060","121","10","B","20150925","20150928","20151001","20150331","4363","5170","20150331","807","55","69","20150331","14","52","48","20150331","-4"
"09/29/2015 00:00:00","05/29/2018 00:00:00","False","Batch","09/28/2015 18:33:28","BATCH","05/30/2018 00:00:00","PVS_XP_2060","121","22","B","20150925","20150928","20151001","20150331","6128","6871","20150131","743","103","118","20150131","15","48","48","20150131","0"
"09/29/2015 00:00:00","05/29/2018 00:00:00","False","Batch","09/28/2015 18:33:28","BATCH","05/30/2018 00:00:00","PVS_XP_2060","121","34","B","20150925","20150928","20151001","20130401","8174","8984","20130321","810","85","155","20130321","70","36","24","20130321","-12"
"09/29/2015 00:00:00","05/25/2016 00:00:00","False","Batch","09/28/2015 18:33:28","BATCH","05/26/2016 00:00:00","PVS_XP_2060","121","23","B","20150925","20150928","20151001","20130329","12554","13031","20120930","477","218","256","20120930","38","74","70","20120930","-4"
"09/29/2015 00:00:00","05/25/2016 00:00:00","False","Batch","09/28/2015 18:33:28","BATCH","05/26/2016 00:00:00","PVS_XP_2060","121","28","B","20150925","20150928","20151001","20130401","10938","11411","20121001","473","178","211","20121001","33","58","54","20121001","-4"
"12/25/2015 00:00:00","05/29/2018 00:00:00","False","Batch","12/24/2015 18:18:15","BATCH","05/30/2018 00:00:00","PVS_XP_2060","121","05","B","20151222","20151224","20160101","20130329","3839","4152","20120331","313","38","58","20120331","20","36","30","20120331","-6"
"12/25/2015 00:00:00","05/29/2018 00:00:00","False","Batch","12/24/2015 18:18:15","BATCH","05/30/2018 00:00:00","PVS_XP_2060","121","40","B","20151222","20151224","20160101","20130329","18469","21436","20120801","2967","191","312","20120801","121","66","56","20120801","-10"
"04/24/2013 00:00:00","05/25/2017 00:00:00","False","Batch","04/23/2013 18:40:27","BATCH","05/26/2017 00:00:00","PVS_XP_2060","121","47","B","20130422","20130423","20130501","20130401","5201","5430","20130401","229","39","71","20130401","32","26","24","20130401","-2"
"12/25/2015 00:00:00","05/29/2018 00:00:00","False","Batch","12/24/2015 18:18:15","BATCH","05/30/2018 00:00:00","PVS_XP_2060","121","45","B","20151222","20151224","20160101","20130401","5370","5844","20121231","474","26","97","20121231","71","32","30","20121231","-2"
"05/26/2016 00:00:00","05/29/2018 00:00:00","False","Batch","05/25/2016 18:27:04","BATCH","05/30/2018 00:00:00","PVS_XP_2060","121","02","B","20160524","20160525","20160601","20130722","3870","4511","20130101","641","60","66","20130101","6","32","20","20130101","-12"
"05/26/2016 00:00:00","05/29/2018 00:00:00","False","Batch","05/25/2016 18:27:04","BATCH","05/30/2018 00:00:00","PVS_XP_2060","121","12","B","20160524","20160525","20160601","20160412","12052","12680","20160101","628","64","130","20160101","66","60","58","20160101","-2"
"05/26/2016 00:00:00","05/29/2018 00:00:00","False","Batch","05/25/2016 18:27:04","BATCH","05/30/2018 00:00:00","PVS_XP_2060","121","23","B","20160524","20160525","20160601","20160401","11525","12842","20150930","1317","183","200","20150930","17","76","72","20150930","-4"
"05/26/2016 00:00:00","05/29/2018 00:00:00","False","Batch","05/25/2016 18:27:04","BATCH","05/30/2018 00:00:00","PVS_XP_2060","121","28","B","20160524","20160525","20160601","20160401","10801","11366","20151001","565","138","150","20151001","12","58","54","20151001","-4"
"05/26/2016 00:00:00","05/29/2018 00:00:00","False","Batch","05/25/2016 18:27:04","BATCH","05/30/2018 00:00:00","PVS_XP_2060","121","33","B","20160524","20160525","20160601","20160329","5042","5542","20150401","500","54","141","20150401","87","26","26","20150401","0"
"09/28/2016 00:00:00","05/29/2018 00:00:00","False","Batch","09/27/2016 18:33:34","BATCH","05/30/2018 00:00:00","PVS_XP_2060","121","04","B","20160926","20160927","20161001","20130401","5021","6388","20120930","1367","62","62","20120930","0","28","28","20120930","0"
"04/24/2013 00:00:00","09/27/2016 00:00:00","False","Batch","04/23/2013 18:40:27","BATCH","09/28/2016 00:00:00","PVS_XP_2060","121","04","B","20130422","20130423","20130501","20130401","5021","6388","20120930","1367","62","62","20120930","0","28","28","20120930","0"
"05/26/2017 00:00:00","05/29/2018 00:00:00","False","Batch","05/25/2017 18:35:47","BATCH","05/30/2018 00:00:00","PVS_XP_2060","121","11","B","20170524","20170525","20170601","20141010","13675","14151","20140331","476","118","171","20140331","53","85","42","20140331","-43"
"12/25/2015 00:00:00","05/25/2017 00:00:00","False","Batch","12/24/2015 18:18:15","BATCH","05/26/2017 00:00:00","PVS_XP_2060","121","11","B","20151222","20151224","20160101","20130329","13345","14495","20120331","1150","137","191","20120331","54","85","40","20120331","-45"
"05/26/2017 00:00:00","05/29/2018 00:00:00","False","Batch","05/25/2017 18:35:47","BATCH","05/30/2018 00:00:00","PVS_XP_2060","121","47","B","20170524","20170525","20170601","20161228","5201","5430","20130401","229","39","71","20130401","32","26","24","20130401","-2"
"11/28/2017 00:00:00","05/29/2018 00:00:00","False","Batch","11/27/2017 18:32:39","BATCH","05/30/2018 00:00:00","PVS_XP_2060","121","20","B","20171124","20171127","20171201","20130328","4861","4977","20130201","116","42","74","20130201","32","46","46","20130201","0"
"11/28/2017 00:00:00","05/29/2018 00:00:00","False","Batch","11/27/2017 18:32:39","BATCH","05/30/2018 00:00:00","PVS_XP_2060","121","37","B","20171124","20171127","20171201","20130329","2943","3441","20140601","498","35","123","20140601","88","24","18","20140601","-6"
"05/30/2018 00:00:00","05/28/2024 00:00:00","False","Batch","05/29/2018 19:02:23","BATCH","05/29/2024 00:00:00","PVS_XP_2060","121","01","B","20180528","20180529","20180601","20180330","17116","19316","20171001","2200","80","220","20171001","140","98","94","20171001","-4"
"05/29/2024 00:00:00","05/27/2025 00:00:00","False","Batch","05/28/2024 18:42:44","BATCH","05/28/2025 00:00:00","PVS_XP_2060","121","10","B","20240527","20240528","20240601","20240401","4366","4977","20240331","611","31","65","20240331","34","52","52","20240331","0"
"05/30/2018 00:00:00","11/27/2018 00:00:00","False","Batch","05/29/2018 19:02:23","BATCH","11/28/2018 00:00:00","PVS_XP_2060","121","10","B","20180528","20180529","20180601","20180327","4301","5009","20171231","708","40","65","20171231","25","52","52","20171231","0"
"05/30/2018 00:00:00","05/26/2021 00:00:00","False","Batch","05/29/2018 19:02:23","BATCH","05/27/2021 00:00:00","PVS_XP_2060","121","04","B","20180528","20180529","20180601","20180403","5021","6151","20170930","1130","54","62","20170930","8","29","28","20170930","-1"
"05/30/2018 00:00:00","05/28/2024 00:00:00","False","Batch","05/29/2018 19:02:23","BATCH","05/29/2024 00:00:00","PVS_XP_2060","121","05","B","20180528","20180529","20180601","20180330","3147","3995","20170401","848","36","44","20170401","8","36","32","20170401","-4"
"05/30/2018 00:00:00","05/28/2024 00:00:00","False","Batch","05/29/2018 19:02:23","BATCH","05/29/2024 00:00:00","PVS_XP_2060","121","06","B","20180528","20180529","20180601","20180330","3076","3535","20171001","459","15","30","20171001","15","20","18","20171001","-2"
"05/30/2018 00:00:00","05/28/2024 00:00:00","False","Batch","05/29/2018 19:02:23","BATCH","05/29/2024 00:00:00","PVS_XP_2060","121","07","B","20180528","20180529","20180601","20180330","4909","6969","20170331","2060","46","98","20170331","52","32","36","20170331","4"
"05/30/2018 00:00:00","05/28/2024 00:00:00","False","Batch","05/29/2018 19:02:23","BATCH","05/29/2024 00:00:00","PVS_XP_2060","121","09","B","20180528","20180529","20180601","20180413","4328","4986","20171001","658","45","45","20171001","0","32","28","20171001","-4"
"05/30/2018 00:00:00","11/26/2019 00:00:00","False","Batch","05/29/2018 19:02:23","BATCH","11/27/2019 00:00:00","PVS_XP_2060","121","13","B","20180528","20180529","20180601","20180330","18576","22036","20180401","3460","254","430","20180401","176","132","124","20180401","-8"
"05/30/2018 00:00:00","05/26/2022 00:00:00","False","Batch","05/29/2018 19:02:23","BATCH","05/27/2022 00:00:00","PVS_XP_2060","121","11","B","20180528","20180529","20180601","20180330","13140","13938","20170331","798","100","130","20170331","30","85","74","20170331","-11"
"05/30/2018 00:00:00","05/26/2022 00:00:00","False","Batch","05/29/2018 19:02:23","BATCH","05/27/2022 00:00:00","PVS_XP_2060","121","12","B","20180528","20180529","20180601","20180418","10674","12525","20171001","1851","72","124","20171001","52","60","60","20171001","0"
"11/28/2018 00:00:00","11/26/2019 00:00:00","False","Batch","11/27/2018 19:01:44","BATCH","11/27/2019 00:00:00","PVS_XP_2060","121","10","B","20181126","20181127","20181201","20180327","4301","5009","20180331","708","40","65","20180331","25","52","52","20180331","0"
"07/27/2018 00:00:00","05/26/2021 00:00:00","False","Batch","07/26/2018 18:58:32","BATCH","05/27/2021 00:00:00","PVS_XP_2060","121","03","B","20180725","20180726","20180801","20180406","3712","4304","20170930","592","23","116","20170930","93","40","38","20170930","-2"
"05/30/2018 00:00:00","05/28/2024 00:00:00","False","Batch","05/29/2018 19:02:23","BATCH","05/29/2024 00:00:00","PVS_XP_2060","121","15","B","20180528","20180529","20180601","20180403","5491","6560","20171001","1069","43","60","20171001","17","36","36","20171001","0"
"05/29/2024 00:00:00","05/27/2025 00:00:00","False","Batch","05/28/2024 18:42:44","BATCH","05/28/2025 00:00:00","PVS_XP_2060","121","13","B","20240527","20240528","20240601","20240328","19396","20555","20240201","1159","216","349","20240201","133","153","126","20240201","-27"
"05/30/2018 00:00:00","05/28/2024 00:00:00","False","Batch","05/29/2018 19:02:23","BATCH","05/29/2024 00:00:00","PVS_XP_2060","121","19","B","20180528","20180529","20180601","20180329","1918","2308","20180131","390","16","28","20180131","12","20","28","20180131","8"
"05/30/2018 00:00:00","05/28/2024 00:00:00","False","Batch","05/29/2018 19:02:23","BATCH","05/29/2024 00:00:00","PVS_XP_2060","121","20","B","20180528","20180529","20180601","20180323","3947","4758","20171001","811","42","74","20171001","32","46","46","20171001","0"
"05/30/2018 00:00:00","05/28/2024 00:00:00","False","Batch","05/29/2018 19:02:23","BATCH","05/29/2024 00:00:00","PVS_XP_2060","121","21","B","20180528","20180529","20180601","20180330","3577","3945","20170930","368","65","127","20170930","62","30","30","20170930","0"
"05/30/2018 00:00:00","01/24/2024 00:00:00","False","Batch","05/29/2018 19:02:23","BATCH","01/25/2024 00:00:00","PVS_XP_2060","121","22","B","20180528","20180529","20180601","20180330","5388","6719","20170930","1331","82","108","20170930","26","48","48","20170930","0"
"09/27/2018 00:00:00","11/27/2022 00:00:00","False","Batch","09/26/2018 19:04:46","BATCH","11/28/2022 00:00:00","PVS_XP_2060","121","28","B","20180925","20180926","20181001","20180331","10801","11319","20171001","518","138","150","20171001","12","58","54","20171001","-4"
"05/30/2018 00:00:00","06/25/2020 00:00:00","False","Batch","05/29/2018 19:02:23","BATCH","06/26/2020 00:00:00","PVS_XP_2060","121","24","B","20180528","20180529","20180601","20180330","3873","4674","20171201","801","60","30","20171201","-30","24","24","20171201","0"
"07/27/2018 00:00:00","05/28/2024 00:00:00","False","Batch","07/26/2018 18:58:32","BATCH","05/29/2024 00:00:00","PVS_XP_2060","121","08","B","20180725","20180726","20180801","20180330","5705","7332","20180401","1627","56","128","20180401","72","48","48","20180401","0"
"05/30/2018 00:00:00","05/28/2024 00:00:00","False","Batch","05/29/2018 19:02:23","BATCH","05/29/2024 00:00:00","PVS_XP_2060","121","25","B","20180528","20180529","20180601","20180330","2103","2329","20170401","226","36","63","20170401","27","34","34","20170401","0"
"05/30/2018 00:00:00","06/25/2020 00:00:00","False","Batch","05/29/2018 19:02:23","BATCH","06/26/2020 00:00:00","PVS_XP_2060","121","27","B","20180528","20180529","20180601","20180330","17497","18705","20170630","1208","282","442","20170630","160","78","78","20170630","0"
"05/30/2018 00:00:00","09/26/2018 00:00:00","False","Batch","05/29/2018 19:02:23","BATCH","09/27/2018 00:00:00","PVS_XP_2060","121","28","B","20180528","20180529","20180601","20180331","10801","11319","20171001","518","138","150","20171001","12","58","54","20171001","-4"
"05/30/2018 00:00:00","11/25/2021 00:00:00","False","Batch","05/29/2018 19:02:23","BATCH","11/26/2021 00:00:00","PVS_XP_2060","121","29","B","20180528","20180529","20180601","20180327","2200","2897","20180401","697","35","40","20180401","5","28","24","20180401","-4"
"05/30/2018 00:00:00","05/28/2024 00:00:00","False","Batch","05/29/2018 19:02:23","BATCH","05/29/2024 00:00:00","PVS_XP_2060","121","26","B","20180528","20180529","20180601","20180406","5518","6160","20171201","642","150","300","20171201","150","38","38","20171201","0"
"05/29/2024 00:00:00","05/27/2025 00:00:00","False","Batch","05/28/2024 18:42:44","BATCH","05/28/2025 00:00:00","PVS_XP_2060","121","16","B","20240527","20240528","20240601","20240329","2601","2684","20240331","83","26","58","20240331","32","25","25","20240331","0"
"05/30/2018 00:00:00","05/28/2024 00:00:00","False","Batch","05/29/2018 19:02:23","BATCH","05/29/2024 00:00:00","PVS_XP_2060","121","30","B","20180528","20180529","20180601","20180406","1684","2099","20170331","415","16","28","20170331","12","32","32","20170331","0"
"05/30/2018 00:00:00","05/28/2024 00:00:00","False","Batch","05/29/2018 19:02:23","BATCH","05/29/2024 00:00:00","PVS_XP_2060","121","32","B","20180528","20180529","20180601","20180327","2115","2265","20180301","150","16","16","20180301","0","30","30","20180301","0"
"05/30/2018 00:00:00","11/25/2021 00:00:00","False","Batch","05/29/2018 19:02:23","BATCH","11/26/2021 00:00:00","PVS_XP_2060","121","34","B","20180528","20180529","20180601","20180401","7735","8877","20171130","1142","51","137","20171130","86","36","30","20171130","-6"
"05/30/2018 00:00:00","05/28/2024 00:00:00","False","Batch","05/29/2018 19:02:23","BATCH","05/29/2024 00:00:00","PVS_XP_2060","121","33","B","20180528","20180529","20180601","20180330","4333","5409","20180101","1076","60","136","20180101","76","26","26","20180101","0"
"05/30/2018 00:00:00","05/28/2024 00:00:00","False","Batch","05/29/2018 19:02:23","BATCH","05/29/2024 00:00:00","PVS_XP_2060","121","35","B","20180528","20180529","20180601","20180330","5699","5909","20171201","210","23","60","20171201","37","40","40","20171201","0"
"05/30/2018 00:00:00","07/26/2018 00:00:00","False","Batch","05/29/2018 19:02:23","BATCH","07/27/2018 00:00:00","PVS_XP_2060","121","03","B","20180528","20180529","20180601","20180406","3712","4304","20170930","592","23","116","20170930","93","40","38","20170930","-2"
"05/30/2018 00:00:00","06/25/2020 00:00:00","False","Batch","05/29/2018 19:02:23","BATCH","06/26/2020 00:00:00","PVS_XP_2060","121","38","B","20180528","20180529","20180601","20180406","3662","4739","20171130","1077","34","54","20171130","20","28","28","20171130","0"
"05/30/2018 00:00:00","05/28/2024 00:00:00","False","Batch","05/29/2018 19:02:23","BATCH","05/29/2024 00:00:00","PVS_XP_2060","121","36","B","20180528","20180529","20180601","20180410","3096","3712","20170331","616","27","37","20170331","10","23","23","20170331","0"
"07/27/2018 00:00:00","11/25/2021 00:00:00","False","Batch","07/26/2018 18:58:32","BATCH","11/26/2021 00:00:00","PVS_XP_2060","121","16","B","20180725","20180726","20180801","20180330","2684","3169","20171001","485","58","77","20171001","19","22","22","20171001","0"
"05/30/2018 00:00:00","05/28/2024 00:00:00","False","Batch","05/29/2018 19:02:23","BATCH","05/29/2024 00:00:00","PVS_XP_2060","121","39","B","20180528","20180529","20180601","20180330","2987","3622","20171231","635","26","87","20171231","61","11","11","20171231","0"
"05/30/2018 00:00:00","05/28/2024 00:00:00","False","Batch","05/29/2018 19:02:23","BATCH","05/29/2024 00:00:00","PVS_XP_2060","121","41","B","20180528","20180529","20180601","20180401","3388","4189","20170930","801","30","30","20170930","0","24","24","20170930","0"
"05/30/2018 00:00:00","05/28/2024 00:00:00","False","Batch","05/29/2018 19:02:23","BATCH","05/29/2024 00:00:00","PVS_XP_2060","121","42","B","20180528","20180529","20180601","20180330","6585","7846","20170630","1261","60","92","20180301","32","38","38","20180301","0"
"05/30/2018 00:00:00","05/28/2024 00:00:00","False","Batch","05/29/2018 19:02:23","BATCH","05/29/2024 00:00:00","PVS_XP_2060","121","44","B","20180528","20180529","20180601","20180330","4365","5247","20180101","882","30","50","20180101","20","28","40","20180101","12"
"05/30/2018 00:00:00","05/28/2024 00:00:00","False","Batch","05/29/2018 19:02:23","BATCH","05/29/2024 00:00:00","PVS_XP_2060","121","45","B","20180528","20180529","20180601","20180409","4694","5867","20171231","1173","26","71","20171231","45","32","31","20171231","-1"
"05/30/2018 00:00:00","05/28/2024 00:00:00","False","Batch","05/29/2018 19:02:23","BATCH","05/29/2024 00:00:00","PVS_XP_2060","121","46","B","20180528","20180529","20180601","20180330","8046","9527","20180101","1481","111","111","20180101","0","45","45","20180101","0"
"05/30/2018 00:00:00","07/26/2018 00:00:00","False","Batch","05/29/2018 19:02:23","BATCH","07/27/2018 00:00:00","PVS_XP_2060","121","37","B","20180528","20180529","20180601","20180330","2603","3279","20171130","676","32","118","20171130","86","24","20","20171130","-4"
"05/30/2018 00:00:00","07/26/2018 00:00:00","False","Batch","05/29/2018 19:02:23","BATCH","07/27/2018 00:00:00","PVS_XP_2060","121","40","B","20180528","20180529","20180601","20180329","17757","21056","20171101","3299","147","219","20171101","72","66","66","20171101","0"
"05/30/2018 00:00:00","07/26/2018 00:00:00","False","Batch","05/29/2018 19:02:23","BATCH","07/27/2018 00:00:00","PVS_XP_2060","121","43","B","20180528","20180529","20180601","20180403","7433","8799","20170401","1366","49","125","20170401","76","44","48","20170401","4"
"05/30/2018 00:00:00","07/26/2018 00:00:00","False","Batch","05/29/2018 19:02:23","BATCH","07/27/2018 00:00:00","PVS_XP_2060","121","47","B","20180528","20180529","20180601","20180328","5178","5377","20180301","199","32","62","20180301","30","26","24","20180301","-2"
"07/27/2018 00:00:00","11/25/2021 00:00:00","False","Batch","07/26/2018 18:58:32","BATCH","11/26/2021 00:00:00","PVS_XP_2060","121","37","B","20180725","20180726","20180801","20180330","2603","3279","20171130","676","32","118","20171130","86","24","20","20171130","-4"
"07/27/2018 00:00:00","05/28/2024 00:00:00","False","Batch","07/26/2018 18:58:32","BATCH","05/29/2024 00:00:00","PVS_XP_2060","121","18","B","20180725","20180726","20180801","20180517","1872","2296","20171001","424","22","35","20171001","13","20","20","20171001","0"
"06/26/2020 00:00:00","11/25/2021 00:00:00","False","Batch","06/25/2020 19:11:19","BATCH","11/26/2021 00:00:00","PVS_XP_2060","121","13","B","20200624","20200625","20200701","20180330","18576","21674","20200401","3098","254","406","20200401","152","132","124","20200401","-8"
"07/27/2018 00:00:00","09/26/2018 00:00:00","False","Batch","07/26/2018 18:58:32","BATCH","09/27/2018 00:00:00","PVS_XP_2060","121","40","B","20180725","20180726","20180801","20180329","17757","21056","20171101","3299","147","219","20171101","72","66","66","20171101","0"
"07/27/2018 00:00:00","05/28/2024 00:00:00","False","Batch","07/26/2018 18:58:32","BATCH","05/29/2024 00:00:00","PVS_XP_2060","121","43","B","20180725","20180726","20180801","20180403","7433","8799","20170401","1366","49","125","20170401","76","44","48","20170401","4"
"07/27/2018 00:00:00","05/28/2024 00:00:00","False","Batch","07/26/2018 18:58:32","BATCH","05/29/2024 00:00:00","PVS_XP_2060","121","47","B","20180725","20180726","20180801","20180328","5178","5377","20180301","199","32","62","20180301","30","26","24","20180301","-2"
"11/26/2021 00:00:00","11/27/2022 00:00:00","False","Batch","11/25/2021 19:04:07","BATCH","11/28/2022 00:00:00","PVS_XP_2060","121","13","B","20211124","20211125","20211201","20180330","18576","21405","20210401","2829","254","378","20210401","124","132","124","20210401","-8"
"09/27/2018 00:00:00","05/28/2024 00:00:00","False","Batch","09/26/2018 19:04:46","BATCH","05/29/2024 00:00:00","PVS_XP_2060","121","40","B","20180925","20180926","20181001","20180329","17757","21056","20171101","3299","147","219","20171101","72","66","66","20171101","0"
"05/30/2018 00:00:00","05/27/2019 00:00:00","False","Batch","05/29/2018 19:02:23","BATCH","05/28/2019 00:00:00","PVS_XP_2060","121","14","B","20180528","20180529","20180601","20180330","11317","13976","20170331","2659","129","166","20170331","37","74","74","20170331","0"
"05/28/2019 00:00:00","06/25/2020 00:00:00","False","Batch","05/27/2019 18:57:10","BATCH","06/26/2020 00:00:00","PVS_XP_2060","121","14","B","20190524","20190527","20190601","20180330","11317","13976","20170331","2659","129","166","20170331","37","74","74","20170331","0"
"11/27/2019 00:00:00","06/25/2020 00:00:00","False","Batch","11/26/2019 19:04:15","BATCH","06/26/2020 00:00:00","PVS_XP_2060","121","10","B","20191125","20191126","20191201","20180327","4301","5029","20190331","728","40","65","20190331","25","52","52","20190331","0"
"11/27/2019 00:00:00","06/25/2020 00:00:00","False","Batch","11/26/2019 19:04:15","BATCH","06/26/2020 00:00:00","PVS_XP_2060","121","13","B","20191125","20191126","20191201","20180330","18576","21943","20190401","3367","254","412","20190401","158","132","124","20190401","-8"
"05/27/2021 00:00:00","11/25/2021 00:00:00","False","Batch","05/26/2021 18:58:20","BATCH","11/26/2021 00:00:00","PVS_XP_2060","121","10","B","20210525","20210526","20210601","20180327","4301","4977","20200930","676","40","65","20200930","25","52","52","20200930","0"
"11/26/2021 00:00:00","11/27/2022 00:00:00","False","Batch","11/25/2021 19:04:07","BATCH","11/28/2022 00:00:00","PVS_XP_2060","121","16","B","20211124","20211125","20211201","20180330","2684","3060","20210401","376","58","52","20210401","-6","22","23","20210401","1"
"11/26/2021 00:00:00","11/27/2022 00:00:00","False","Batch","11/25/2021 19:04:07","BATCH","11/28/2022 00:00:00","PVS_XP_2060","121","29","B","20211124","20211125","20211201","20180327","2200","2833","20210917","633","35","30","20210917","-5","28","24","20210917","-4"
"06/26/2020 00:00:00","05/28/2024 00:00:00","False","Batch","06/25/2020 19:11:19","BATCH","05/29/2024 00:00:00","PVS_XP_2060","121","24","B","20200624","20200625","20200701","20180330","3873","4674","20171201","801","60","30","20171201","-30","24","24","20171201","0"
"06/26/2020 00:00:00","05/28/2024 00:00:00","False","Batch","06/25/2020 19:11:19","BATCH","05/29/2024 00:00:00","PVS_XP_2060","121","27","B","20200624","20200625","20200701","20180330","17497","18705","20170630","1208","282","442","20170630","160","78","78","20170630","0"
"06/26/2020 00:00:00","05/28/2024 00:00:00","False","Batch","06/25/2020 19:11:19","BATCH","05/29/2024 00:00:00","PVS_XP_2060","121","38","B","20200624","20200625","20200701","20180406","3662","4739","20171130","1077","34","54","20171130","20","28","28","20171130","0"
"06/26/2020 00:00:00","05/26/2021 00:00:00","False","Batch","06/25/2020 19:11:19","BATCH","05/27/2021 00:00:00","PVS_XP_2060","121","10","B","20200624","20200625","20200701","20180327","4301","4977","20200331","676","40","65","20200331","25","52","52","20200331","0"
"06/26/2020 00:00:00","05/26/2021 00:00:00","False","Batch","06/25/2020 19:11:19","BATCH","05/27/2021 00:00:00","PVS_XP_2060","121","14","B","20200624","20200625","20200701","20180330","11317","13976","20170331","2659","129","166","20170331","37","74","74","20170331","0"
"05/29/2024 00:00:00","05/27/2025 00:00:00","False","Batch","05/28/2024 18:42:44","BATCH","05/28/2025 00:00:00","PVS_XP_2060","121","29","B","20240527","20240528","20240601","20240322","2423","2796","20231231","373","27","27","20231231","0","28","24","20231231","-4"
"05/27/2021 00:00:00","05/28/2024 00:00:00","False","Batch","05/26/2021 18:58:20","BATCH","05/29/2024 00:00:00","PVS_XP_2060","121","04","B","20210525","20210526","20210601","20180403","5021","6151","20170930","1130","54","62","20170930","8","29","28","20170930","-1"
"05/27/2022 00:00:00","11/27/2022 00:00:00","False","Batch","05/26/2022 19:03:55","BATCH","11/28/2022 00:00:00","PVS_XP_2060","121","10","B","20220525","20220526","20220601","20180327","4301","4977","20210930","676","40","65","20210930","25","52","52","20210930","0"
"05/30/2018 00:00:00","05/26/2022 00:00:00","False","Batch","05/29/2018 19:02:23","BATCH","05/27/2022 00:00:00","PVS_XP_2060","121","23","B","20180528","20180529","20180601","20180330","10780","12551","20170930","1771","138","181","20170930","43","72","72","20170930","0"
"11/28/2022 00:00:00","05/25/2023 00:00:00","False","Batch","11/25/2022 19:35:12","BATCH","05/26/2023 00:00:00","PVS_XP_2060","121","10","B","20221124","20221125","20221201","20180327","4301","4977","20220331","676","40","65","20220331","25","52","52","20220331","0"
"11/26/2021 00:00:00","05/28/2024 00:00:00","False","Batch","11/25/2021 19:04:07","BATCH","05/29/2024 00:00:00","PVS_XP_2060","121","34","B","20211124","20211125","20211201","20180401","7735","8653","20201130","918","51","109","20201130","58","36","30","20201130","-6"
"11/26/2021 00:00:00","05/28/2024 00:00:00","False","Batch","11/25/2021 19:04:07","BATCH","05/29/2024 00:00:00","PVS_XP_2060","121","37","B","20211124","20211125","20211201","20180330","2603","3279","20201231","676","32","32","20201231","0","24","24","20201231","0"
"05/27/2021 00:00:00","05/26/2022 00:00:00","False","Batch","05/26/2021 18:58:20","BATCH","05/27/2022 00:00:00","PVS_XP_2060","121","14","B","20210525","20210526","20210601","20180330","11317","13976","20170331","2659","129","166","20170331","37","74","74","20170331","0"
"11/26/2021 00:00:00","05/26/2022 00:00:00","False","Batch","11/25/2021 19:04:07","BATCH","05/27/2022 00:00:00","PVS_XP_2060","121","10","B","20211124","20211125","20211201","20180327","4301","4977","20210331","676","40","65","20210331","25","52","52","20210331","0"
"11/28/2022 00:00:00","11/28/2023 00:00:00","False","Batch","11/25/2022 19:35:12","BATCH","11/29/2023 00:00:00","PVS_XP_2060","121","13","B","20221124","20221125","20221201","20180330","18576","21002","20220401","2426","254","378","20220401","124","132","124","20220401","-8"
"05/27/2022 00:00:00","05/28/2024 00:00:00","False","Batch","05/26/2022 19:03:55","BATCH","05/29/2024 00:00:00","PVS_XP_2060","121","11","B","20220525","20220526","20220601","20180330","12614","13516","20210331","902","100","130","20210331","30","85","75","20210331","-10"
"05/27/2022 00:00:00","05/28/2024 00:00:00","False","Batch","05/26/2022 19:03:55","BATCH","05/29/2024 00:00:00","PVS_XP_2060","121","12","B","20220525","20220526","20220601","20180418","10674","12525","20171001","1851","72","124","20171001","52","60","60","20171001","0"
"05/27/2022 00:00:00","05/28/2024 00:00:00","False","Batch","05/26/2022 19:03:55","BATCH","05/29/2024 00:00:00","PVS_XP_2060","121","14","B","20220525","20220526","20220601","20180330","10992","13976","20170331","2984","129","166","20170331","37","74","74","20170331","0"
"05/27/2022 00:00:00","05/28/2024 00:00:00","False","Batch","05/26/2022 19:03:55","BATCH","05/29/2024 00:00:00","PVS_XP_2060","121","23","B","20220525","20220526","20220601","20180330","10780","12329","20200930","1549","138","136","20200930","-2","72","72","20200930","0"
"11/28/2022 00:00:00","11/28/2023 00:00:00","False","Batch","11/25/2022 19:35:12","BATCH","11/29/2023 00:00:00","PVS_XP_2060","121","16","B","20221124","20221125","20221201","20180330","2684","3008","20220710","324","58","52","20220710","-6","22","25","20220710","3"
"11/28/2022 00:00:00","05/28/2024 00:00:00","False","Batch","11/25/2022 19:35:12","BATCH","05/29/2024 00:00:00","PVS_XP_2060","121","28","B","20221124","20221125","20221201","20180331","9602","11240","20201001","1638","138","150","20201001","12","58","54","20201001","-4"
"11/28/2022 00:00:00","11/28/2023 00:00:00","False","Batch","11/25/2022 19:35:12","BATCH","11/29/2023 00:00:00","PVS_XP_2060","121","29","B","20221124","20221125","20221201","20180327","2200","2830","20221027","630","35","30","20221027","-5","28","24","20221027","-4"
"05/26/2023 00:00:00","11/28/2023 00:00:00","False","Batch","05/25/2023 19:05:03","BATCH","11/29/2023 00:00:00","PVS_XP_2060","121","10","B","20230524","20230525","20230601","20180327","4301","4977","20220930","676","40","65","20220930","25","52","52","20220930","0"
"11/29/2023 00:00:00","05/28/2024 00:00:00","False","Batch","11/28/2023 18:37:17","BATCH","05/29/2024 00:00:00","PVS_XP_2060","121","10","B","20231127","20231128","20231201","20180327","4301","4977","20230331","676","40","65","20230331","25","52","52","20230331","0"
"11/29/2023 00:00:00","05/28/2024 00:00:00","False","Batch","11/28/2023 18:37:17","BATCH","05/29/2024 00:00:00","PVS_XP_2060","121","13","B","20231127","20231128","20231201","20180330","18576","20649","20230401","2073","254","363","20230401","109","132","124","20230401","-8"
"11/29/2023 00:00:00","05/28/2024 00:00:00","False","Batch","11/28/2023 18:37:17","BATCH","05/29/2024 00:00:00","PVS_XP_2060","121","16","B","20231127","20231128","20231201","20180330","2684","2940","20230901","256","58","52","20230901","-6","22","25","20230901","3"
"11/29/2023 00:00:00","05/28/2024 00:00:00","False","Batch","11/28/2023 18:37:17","BATCH","05/29/2024 00:00:00","PVS_XP_2060","121","29","B","20231127","20231128","20231201","20180327","2200","2833","20231001","633","35","30","20231001","-5","28","24","20231001","-4"
"01/25/2024 00:00:00","05/28/2024 00:00:00","False","Batch","01/24/2024 18:33:06","BATCH","05/29/2024 00:00:00","PVS_XP_2060","121","22","B","20240123","20240124","20240201","20180330","5388","6719","20170930","1331","82","108","20170930","26","48","48","20170930","0"
"05/29/2024 00:00:00","12/31/9999 00:00:00","False","Batch","05/28/2024 18:42:44","BATCH","05/29/2024 00:00:00","PVS_XP_2060","121","01","B","20240527","20240528","20240601","20240329","15351","18849","20231001","3498","46","141","20231001","95","98","94","20231001","-4"
"05/29/2024 00:00:00","12/31/9999 00:00:00","False","Batch","05/28/2024 18:42:44","BATCH","05/29/2024 00:00:00","PVS_XP_2060","121","04","B","20240527","20240528","20240601","20240402","4618","6124","20230930","1506","28","28","20230930","0","24","29","20230930","5"
"05/29/2024 00:00:00","12/31/9999 00:00:00","False","Batch","05/28/2024 18:42:44","BATCH","05/29/2024 00:00:00","PVS_XP_2060","121","05","B","20240527","20240528","20240601","20240329","2969","3828","20230601","859","26","36","20230601","10","36","36","20230601","0"
"05/29/2024 00:00:00","12/31/9999 00:00:00","False","Batch","05/28/2024 18:42:44","BATCH","05/29/2024 00:00:00","PVS_XP_2060","121","06","B","20240527","20240528","20240601","20240402","2927","3409","20231101","482","9","0","20231101","-9","20","20","20231101","0"
"05/29/2024 00:00:00","12/31/9999 00:00:00","False","Batch","05/28/2024 18:42:44","BATCH","05/29/2024 00:00:00","PVS_XP_2060","121","07","B","20240527","20240528","20240601","20240329","4240","6613","20230930","2373","18","67","20230930","49","36","36","20230930","0"
"05/29/2024 00:00:00","12/31/9999 00:00:00","False","Batch","05/28/2024 18:42:44","BATCH","05/29/2024 00:00:00","PVS_XP_2060","121","08","B","20240527","20240528","20240601","20240404","5551","7226","20230401","1675","56","70","20230401","14","48","48","20230401","0"
"05/29/2024 00:00:00","12/31/9999 00:00:00","False","Batch","05/28/2024 18:42:44","BATCH","05/29/2024 00:00:00","PVS_XP_2060","121","09","B","20240527","20240528","20240601","20240423","3881","4941","20231201","1060","30","30","20231201","0","32","31","20231201","-1"
"05/29/2024 00:00:00","12/31/9999 00:00:00","False","Batch","05/28/2024 18:42:44","BATCH","05/29/2024 00:00:00","PVS_XP_2060","121","11","B","20240527","20240528","20240601","20240329","12003","13405","20230331","1402","100","130","20230331","30","85","75","20230331","-10"
"05/29/2024 00:00:00","12/31/9999 00:00:00","False","Batch","05/28/2024 18:42:44","BATCH","05/29/2024 00:00:00","PVS_XP_2060","121","12","B","20240527","20240528","20240601","20240401","10677","12135","20231001","1458","63","96","20231001","33","60","60","20231001","0"
"05/29/2024 00:00:00","12/31/9999 00:00:00","False","Batch","05/28/2024 18:42:44","BATCH","05/29/2024 00:00:00","PVS_XP_2060","121","14","B","20240527","20240528","20240601","20240328","12080","13369","20230401","1289","124","146","20230401","22","62","74","20230401","12"
"05/29/2024 00:00:00","12/31/9999 00:00:00","False","Batch","05/28/2024 18:42:44","BATCH","05/29/2024 00:00:00","PVS_XP_2060","121","15","B","20240527","20240528","20240601","20240402","5114","6060","20231001","946","18","30","20231001","12","36","36","20231001","0"
"05/29/2024 00:00:00","12/31/9999 00:00:00","False","Batch","05/28/2024 18:42:44","BATCH","05/29/2024 00:00:00","PVS_XP_2060","121","18","B","20240527","20240528","20240601","20240329","1707","2144","20231031","437","17","28","20231031","11","20","20","20231031","0"
"05/29/2024 00:00:00","12/31/9999 00:00:00","False","Batch","05/28/2024 18:42:44","BATCH","05/29/2024 00:00:00","PVS_XP_2060","121","19","B","20240527","20240528","20240601","20240328","1714","2209","20231227","495","16","22","20231227","6","20","28","20231227","8"
"05/29/2024 00:00:00","12/31/9999 00:00:00","False","Batch","05/28/2024 18:42:44","BATCH","05/29/2024 00:00:00","PVS_XP_2060","121","20","B","20240527","20240528","20240601","20240329","3766","4459","20240101","693","34","45","20240101","11","46","46","20240101","0"
"05/29/2024 00:00:00","12/31/9999 00:00:00","False","Batch","05/28/2024 18:42:44","BATCH","05/29/2024 00:00:00","PVS_XP_2060","121","21","B","20240527","20240528","20240601","20240329","3359","3799","20230930","440","48","101","20230930","53","30","30","20230930","0"
"05/29/2024 00:00:00","12/31/9999 00:00:00","False","Batch","05/28/2024 18:42:44","BATCH","05/29/2024 00:00:00","PVS_XP_2060","121","22","B","20240527","20240528","20240601","20240329","5483","6400","20240101","917","56","92","20240101","36","51","48","20240101","-3"
"05/29/2024 00:00:00","12/31/9999 00:00:00","False","Batch","05/28/2024 18:42:44","BATCH","05/29/2024 00:00:00","PVS_XP_2060","121","23","B","20240527","20240528","20240601","20240329","11508","12171","20230930","663","115","111","20230930","-4","72","66","20230930","-6"
"05/29/2024 00:00:00","12/31/9999 00:00:00","False","Batch","05/28/2024 18:42:44","BATCH","05/29/2024 00:00:00","PVS_XP_2060","121","24","B","20240527","20240528","20240601","20240329","3748","4466","20231201","718","40","30","20231201","-10","24","24","20231201","0"
"05/29/2024 00:00:00","12/31/9999 00:00:00","False","Batch","05/28/2024 18:42:44","BATCH","05/29/2024 00:00:00","PVS_XP_2060","121","25","B","20240527","20240528","20240601","20240329","1812","2238","20230401","426","21","63","20230401","42","34","34","20230401","0"
"05/29/2024 00:00:00","12/31/9999 00:00:00","False","Batch","05/28/2024 18:42:44","BATCH","05/29/2024 00:00:00","PVS_XP_2060","121","26","B","20240527","20240528","20240601","20240329","4212","5451","20231201","1239","89","150","20231201","61","38","44","20231201","6"
"05/29/2024 00:00:00","12/31/9999 00:00:00","False","Batch","05/28/2024 18:42:44","BATCH","05/29/2024 00:00:00","PVS_XP_2060","121","27","B","20240527","20240528","20240601","20240401","15992","17803","20230630","1811","232","253","20230630","21","78","78","20230630","0"
"05/29/2024 00:00:00","12/31/9999 00:00:00","False","Batch","05/28/2024 18:42:44","BATCH","05/29/2024 00:00:00","PVS_XP_2060","121","28","B","20240527","20240528","20240601","20240401","9869","11160","20231001","1291","93","145","20231001","52","48","54","20231001","6"
"05/28/2025 00:00:00","11/25/2025 00:00:00","False","Batch","05/27/2025 18:58:54","BATCH","11/26/2025 00:00:00","PVS_XP_2060","121","10","B","20250526","20250527","20250601","20240401","4366","4977","20240930","611","31","65","20240930","34","52","52","20240930","0"
"05/29/2024 00:00:00","12/31/9999 00:00:00","False","Batch","05/28/2024 18:42:44","BATCH","05/29/2024 00:00:00","PVS_XP_2060","121","30","B","20240527","20240528","20240601","20240412","1366","2033","20231231","667","16","15","20231231","-1","32","32","20231231","0"
"05/29/2024 00:00:00","12/31/9999 00:00:00","False","Batch","05/28/2024 18:42:44","BATCH","05/29/2024 00:00:00","PVS_XP_2060","121","32","B","20240527","20240528","20240601","20240329","1829","2223","20230930","394","11","10","20230930","-1","30","30","20230930","0"
"05/29/2024 00:00:00","12/31/9999 00:00:00","False","Batch","05/28/2024 18:42:44","BATCH","05/29/2024 00:00:00","PVS_XP_2060","121","33","B","20240527","20240528","20240601","20240329","3931","5119","20240301","1188","37","115","20240301","78","26","26","20240301","0"
"05/29/2024 00:00:00","12/31/9999 00:00:00","False","Batch","05/28/2024 18:42:44","BATCH","05/29/2024 00:00:00","PVS_XP_2060","121","34","B","20240527","20240528","20240601","20240401","7045","8485","20230930","1440","33","87","20230930","54","36","30","20230930","-6"
"05/29/2024 00:00:00","12/31/9999 00:00:00","False","Batch","05/28/2024 18:42:44","BATCH","05/29/2024 00:00:00","PVS_XP_2060","121","35","B","20240527","20240528","20240601","20240328","4727","5839","20231201","1112","23","60","20231201","37","40","40","20231201","0"
"05/29/2024 00:00:00","12/31/9999 00:00:00","False","Batch","05/28/2024 18:42:44","BATCH","05/29/2024 00:00:00","PVS_XP_2060","121","36","B","20240527","20240528","20240601","20240402","2832","3533","20230331","701","27","37","20230331","10","23","23","20230331","0"
"05/29/2024 00:00:00","12/31/9999 00:00:00","False","Batch","05/28/2024 18:42:44","BATCH","05/29/2024 00:00:00","PVS_XP_2060","121","37","B","20240527","20240528","20240601","20240325","2628","3250","20231130","622","24","32","20231130","8","24","24","20231130","0"
"05/29/2024 00:00:00","12/31/9999 00:00:00","False","Batch","05/28/2024 18:42:44","BATCH","05/29/2024 00:00:00","PVS_XP_2060","121","38","B","20240527","20240528","20240601","20240402","3229","4310","20231031","1081","30","36","20231031","6","34","34","20231031","0"
"05/29/2024 00:00:00","12/31/9999 00:00:00","False","Batch","05/28/2024 18:42:44","BATCH","05/29/2024 00:00:00","PVS_XP_2060","121","39","B","20240527","20240528","20240601","20240329","2747","3456","20231231","709","26","75","20231201","49","11","11","20231201","0"
"05/29/2024 00:00:00","12/31/9999 00:00:00","False","Batch","05/28/2024 18:42:44","BATCH","05/29/2024 00:00:00","PVS_XP_2060","121","40","B","20240527","20240528","20240601","20240329","17040","20625","20231101","3585","105","209","20231101","104","66","66","20231101","0"
"05/29/2024 00:00:00","12/31/9999 00:00:00","False","Batch","05/28/2024 18:42:44","BATCH","05/29/2024 00:00:00","PVS_XP_2060","121","41","B","20240527","20240528","20240601","20240401","3388","3941","20231031","553","20","30","20231031","10","24","24","20231031","0"
"05/29/2024 00:00:00","12/31/9999 00:00:00","False","Batch","05/28/2024 18:42:44","BATCH","05/29/2024 00:00:00","PVS_XP_2060","121","42","B","20240527","20240528","20240601","20240329","5715","7661","20220630","1946","55","83","20231001","28","42","42","20231001","0"
"05/29/2024 00:00:00","12/31/9999 00:00:00","False","Batch","05/28/2024 18:42:44","BATCH","05/29/2024 00:00:00","PVS_XP_2060","121","43","B","20240527","20240528","20240601","20240401","6812","8689","20230401","1877","21","69","20230401","48","44","44","20230401","0"
"05/29/2024 00:00:00","12/31/9999 00:00:00","False","Batch","05/28/2024 18:42:44","BATCH","05/29/2024 00:00:00","PVS_XP_2060","121","44","B","20240527","20240528","20240601","20240329","4114","5274","20240101","1160","17","12","20240101","-5","40","40","20240101","0"
"05/29/2024 00:00:00","12/31/9999 00:00:00","False","Batch","05/28/2024 18:42:44","BATCH","05/29/2024 00:00:00","PVS_XP_2060","121","45","B","20240527","20240528","20240601","20240401","4359","5828","20240105","1469","16","71","20240105","55","32","32","20240105","0"
"05/29/2024 00:00:00","12/31/9999 00:00:00","False","Batch","05/28/2024 18:42:44","BATCH","05/29/2024 00:00:00","PVS_XP_2060","121","46","B","20240527","20240528","20240601","20240329","7313","9302","20240101","1989","68","68","20240101","0","46","45","20240101","-1"
"05/29/2024 00:00:00","12/31/9999 00:00:00","False","Batch","05/28/2024 18:42:44","BATCH","05/29/2024 00:00:00","PVS_XP_2060","121","47","B","20240527","20240528","20240601","20240329","4511","5281","20240229","770","30","47","20240229","17","26","24","20240229","-2"
"05/30/2018 00:00:00","06/25/2024 00:00:00","False","Batch","05/29/2018 19:02:23","BATCH","06/26/2024 00:00:00","PVS_XP_2060","121","02","B","20180528","20180529","20180601","20180401","3472","4453","20180101","981","33","60","20180101","27","30","29","20180101","-1"
"06/26/2024 00:00:00","12/31/9999 00:00:00","False","Batch","06/25/2024 18:30:46","BATCH","06/26/2024 00:00:00","PVS_XP_2060","121","02","B","20240624","20240625","20240701","20240531","3498","4199","20240101","701","19","33","20240101","14","28","27","20240101","-1"
"05/30/2018 00:00:00","07/28/2024 00:00:00","False","Batch","05/29/2018 19:02:23","BATCH","07/29/2024 00:00:00","PVS_XP_2060","121","31","B","20180528","20180529","20180601","20180417","1583","1905","20180401","322","16","16","20180401","0","12","12","20180401","0"
"07/29/2024 00:00:00","12/31/9999 00:00:00","False","Batch","07/26/2024 18:34:04","BATCH","07/29/2024 00:00:00","PVS_XP_2060","121","31","B","20240725","20240726","20240801","20240430","1345","1551","20240401","206","16","16","20240401","0","12","12","20240401","0"
"05/27/2021 00:00:00","08/27/2024 00:00:00","False","Batch","05/26/2021 18:58:20","BATCH","08/28/2024 00:00:00","PVS_XP_2060","121","03","B","20210525","20210526","20210601","20180406","3712","4078","20200930","366","23","91","20200930","68","40","38","20200930","-2"
"08/28/2024 00:00:00","12/31/9999 00:00:00","False","Batch","08/27/2024 18:38:47","BATCH","08/28/2024 00:00:00","PVS_XP_2060","121","03","B","20240826","20240827","20240901","20240712","3261","3928","20230930","667","23","91","20230930","68","40","38","20230930","-2"
"05/30/2018 00:00:00","09/25/2024 00:00:00","False","Batch","05/29/2018 19:02:23","BATCH","09/26/2024 00:00:00","PVS_XP_2060","121","17","B","20180528","20180529","20180601","20180401","3018","3749","20180331","731","48","82","20180331","34","20","20","20180331","0"
"09/26/2024 00:00:00","12/31/9999 00:00:00","False","Batch","09/25/2024 18:42:15","BATCH","09/26/2024 00:00:00","PVS_XP_2060","121","17","B","20240924","20240925","20241001","20240813","2846","3567","20240331","721","29","82","20240331","53","20","20","20240331","0"
"05/28/2025 00:00:00","12/31/9999 00:00:00","False","Batch","05/27/2025 18:58:54","BATCH","05/28/2025 00:00:00","PVS_XP_2060","121","16","B","20250526","20250527","20250601","20240329","2601","2914","20250401","313","26","44","20250401","18","25","26","20250401","1"
"05/28/2025 00:00:00","12/31/9999 00:00:00","False","Batch","05/27/2025 18:58:54","BATCH","05/28/2025 00:00:00","PVS_XP_2060","121","29","B","20250526","20250527","20250601","20240322","2423","2796","20250306","373","27","27","20250306","0","28","24","20250306","-4"
"05/28/2025 00:00:00","11/25/2025 00:00:00","False","Batch","05/27/2025 18:58:54","BATCH","11/26/2025 00:00:00","PVS_XP_2060","121","13","B","20250526","20250527","20250601","20240328","19396","20457","20240401","1061","216","280","20240401","64","153","145","20240401","-8"
"11/26/2025 00:00:00","12/31/9999 00:00:00","False","Batch","11/25/2025 18:55:47","BATCH","11/26/2025 00:00:00","PVS_XP_2060","121","10","B","20251121","20251125","20251201","20240401","4366","4977","20250331","611","31","65","20250331","34","52","52","20250331","0"
"11/26/2025 00:00:00","12/31/9999 00:00:00","False","Batch","11/25/2025 18:55:47","BATCH","11/26/2025 00:00:00","PVS_XP_2060","121","13","B","20251121","20251125","20251201","20240328","19396","20129","20250401","733","216","255","20250401","39","153","145","20250401","-8"
