"TekiyoKaishi_DT","TekiyoShuryo_DT","Del_FLG","Sakuseisha_ID","Sakusei_DT","Koshinsha_ID","Koshin_DT","KoshinProgram_ID","Meisho_KBN","Meisho_CD","Meisho_KJ","YobiKomoku_1","YobiKomoku_2","YobiKomoku_3","YobiKomoku_4","YobiKomoku_5","Biko"
"06/13/2013 00:00:00","12/31/9999 00:00:00","False","itg02109","06/14/2013 00:00:00","BATCH","04/14/2026 00:00:00","PVS_XP_2096","PVZ_U0001"," ","変更","","","","","","前回納品から今回納品までに何らかのアイテムに変更があったデータ"
"06/13/2013 00:00:00","12/31/9999 00:00:00","False","itg02109","06/14/2013 00:00:00","BATCH","04/14/2026 00:00:00","PVS_XP_2096","PVZ_U0001","1","追加","","","","","","前回納品から今回納品までに追加されたデータ"
"06/13/2013 00:00:00","12/31/9999 00:00:00","False","itg02109","06/14/2013 00:00:00","BATCH","04/14/2026 00:00:00","PVS_XP_2096","PVZ_U0001","2","削除","","","","","","前回納品から今回納品までに削除されたデータ"
"06/13/2013 00:00:00","12/31/9999 00:00:00","False","itg02109","06/14/2013 00:00:00","BATCH","04/14/2026 00:00:00","PVS_XP_2096","PVZ_U0001","PVZ_U0001","予備／追加削除区分","","","","","","親子関係があるファイルの子ファイルに於けるデータ更新内容"
"06/13/2013 00:00:00","12/31/9999 00:00:00","False","itg02109","06/14/2013 00:00:00","BATCH","04/14/2026 00:00:00","PVS_XP_2096","PVZ_U0002","1","ケアミックス","","","","","",""
"06/13/2013 00:00:00","12/31/9999 00:00:00","False","itg02109","06/14/2013 00:00:00","BATCH","04/14/2026 00:00:00","PVS_XP_2096","PVZ_U0002","2","全床療養","","","","","",""
"06/13/2013 00:00:00","12/31/9999 00:00:00","False","itg02109","06/14/2013 00:00:00","BATCH","04/14/2026 00:00:00","PVS_XP_2096","PVZ_U0002","9","不明","","","","","",""
"06/13/2013 00:00:00","12/31/9999 00:00:00","False","itg02109","06/14/2013 00:00:00","BATCH","04/14/2026 00:00:00","PVS_XP_2096","PVZ_U0002","PVZ_U0002","ケアミックス区分","","","","","","当該施設がケアミックス等を表す区分がセットされる。療養型病床群にフラグありの場合にのみセットされる。"
"06/13/2013 00:00:00","12/31/9999 00:00:00","False","itg02109","06/14/2013 00:00:00","BATCH","04/14/2026 00:00:00","PVS_XP_2096","PVZ_U0003","1","完全型","","","","","",""
"06/13/2013 00:00:00","12/31/9999 00:00:00","False","itg02109","06/14/2013 00:00:00","BATCH","04/14/2026 00:00:00","PVS_XP_2096","PVZ_U0003","2","移行型","","","","","",""
"06/13/2013 00:00:00","12/31/9999 00:00:00","False","itg02109","06/14/2013 00:00:00","BATCH","04/14/2026 00:00:00","PVS_XP_2096","PVZ_U0003","3","完全型・移行型","","","","","",""
"06/13/2013 00:00:00","12/31/9999 00:00:00","False","itg02109","06/14/2013 00:00:00","BATCH","04/14/2026 00:00:00","PVS_XP_2096","PVZ_U0003","9","不明","","","","","",""
"06/13/2013 00:00:00","12/31/9999 00:00:00","False","itg02109","06/14/2013 00:00:00","BATCH","04/14/2026 00:00:00","PVS_XP_2096","PVZ_U0003","PVZ_U0003","完全型・移行型区分","","","","","","当該施設の療養型病床群が完全型か移行型かを表す区分がセットされる。"
"06/13/2013 00:00:00","12/31/9999 00:00:00","False","itg02109","06/14/2013 00:00:00","BATCH","04/14/2026 00:00:00","PVS_XP_2096","PVZ_U0004"," ","先進医療Ａ（旧：先進医療承認技術）","","","","","",""
"06/13/2013 00:00:00","12/31/9999 00:00:00","False","itg02109","06/14/2013 00:00:00","BATCH","04/14/2026 00:00:00","PVS_XP_2096","PVZ_U0004","1","保険適用された為、先進医療より外れた技術","","","","","",""
"06/13/2013 00:00:00","12/31/9999 00:00:00","False","itg02109","06/14/2013 00:00:00","BATCH","04/14/2026 00:00:00","PVS_XP_2096","PVZ_U0004","2","有用性なしと認められた為、先進医療より外れた技術","","","","","",""
"06/13/2013 00:00:00","12/31/9999 00:00:00","False","itg02109","06/14/2013 00:00:00","BATCH","04/14/2026 00:00:00","PVS_XP_2096","PVZ_U0004","3","実施施設からの辞退（申請）により先進医療より外れた技術","","","","","",""
"06/13/2013 00:00:00","12/31/9999 00:00:00","False","itg02109","06/14/2013 00:00:00","BATCH","04/14/2026 00:00:00","PVS_XP_2096","PVZ_U0004","4","再編された技術","","","","","",""
"06/13/2013 00:00:00","12/31/9999 00:00:00","False","itg02109","06/14/2013 00:00:00","BATCH","04/14/2026 00:00:00","PVS_XP_2096","PVZ_U0004","5","先進医療Ｂ（旧：高度医療技術）","","","","","",""
"06/13/2013 00:00:00","12/31/9999 00:00:00","False","itg02109","06/14/2013 00:00:00","BATCH","04/14/2026 00:00:00","PVS_XP_2096","PVZ_U0004","8","その他理由により先進医療より外れた技術","","","","","",""
"06/13/2013 00:00:00","12/31/9999 00:00:00","False","itg02109","06/14/2013 00:00:00","BATCH","04/14/2026 00:00:00","PVS_XP_2096","PVZ_U0004","9","当社にて誤って重複してコード設定したもの","","","","","",""
"06/13/2013 00:00:00","12/31/9999 00:00:00","False","itg02109","06/14/2013 00:00:00","BATCH","04/14/2026 00:00:00","PVS_XP_2096","PVZ_U0004","PVZ_U0004","先進医療区分","","","","","","先進医療実施医療機関１～４０（コード３桁＋区分１桁）。区分は先進医療技術より外れた場合（保険適用化、技術の再編等）及び高度医療技術の場合にセットされ、通常の先進医療技術の場合はスペースがセットされる。"
"06/13/2013 00:00:00","12/31/9999 00:00:00","False","itg02109","06/14/2013 00:00:00","BATCH","04/14/2026 00:00:00","PVS_XP_2096","PVZ_U0005","1","ナショナルセンター","","","","","",""
"06/13/2013 00:00:00","12/31/9999 00:00:00","False","itg02109","06/14/2013 00:00:00","BATCH","04/14/2026 00:00:00","PVS_XP_2096","PVZ_U0005","2","高度専門医療施設","","","","","",""
"06/13/2013 00:00:00","12/31/9999 00:00:00","False","itg02109","06/14/2013 00:00:00","BATCH","04/14/2026 00:00:00","PVS_XP_2096","PVZ_U0005","3","全国災害医療病院","","","","","",""
"06/13/2013 00:00:00","12/31/9999 00:00:00","False","itg02109","06/14/2013 00:00:00","BATCH","04/14/2026 00:00:00","PVS_XP_2096","PVZ_U0005","4","広域災害拠点病院","","","","","",""
"06/13/2013 00:00:00","12/31/9999 00:00:00","False","itg02109","06/14/2013 00:00:00","BATCH","04/14/2026 00:00:00","PVS_XP_2096","PVZ_U0005","5","基幹医療施設","","","","","",""
"06/13/2013 00:00:00","12/31/9999 00:00:00","False","itg02109","06/14/2013 00:00:00","BATCH","04/14/2026 00:00:00","PVS_XP_2096","PVZ_U0005","6","防災拠点国立病院","","","","","",""
"06/13/2013 00:00:00","12/31/9999 00:00:00","False","itg02109","06/14/2013 00:00:00","BATCH","04/14/2026 00:00:00","PVS_XP_2096","PVZ_U0005","7","専門医療施設","","","","","",""
"06/13/2013 00:00:00","12/31/9999 00:00:00","False","itg02109","06/14/2013 00:00:00","BATCH","04/14/2026 00:00:00","PVS_XP_2096","PVZ_U0005","8","地方拠点病院","","","","","",""
"06/13/2013 00:00:00","12/31/9999 00:00:00","False","itg02109","06/14/2013 00:00:00","BATCH","04/14/2026 00:00:00","PVS_XP_2096","PVZ_U0005","9","不明","","","","","",""
"06/13/2013 00:00:00","12/31/9999 00:00:00","False","itg02109","06/14/2013 00:00:00","BATCH","04/14/2026 00:00:00","PVS_XP_2096","PVZ_U0005","PVZ_U0005","政策医療区分","","","","","","当該分野での役割りが区分１桁でセットされる"
"06/13/2013 00:00:00","12/31/9999 00:00:00","False","itg02109","06/14/2013 00:00:00","BATCH","04/14/2026 00:00:00","PVS_XP_2096","PVZ_U0006","P","看護種別区分","","","","","",""
"06/13/2013 00:00:00","12/31/9999 00:00:00","False","itg02109","06/14/2013 00:00:00","BATCH","04/14/2026 00:00:00","PVS_XP_2096","PVZ_U0006","PVZ_U0006","看護種別区分","","","","","","看護種別区分 現在未使用"
"06/13/2013 00:00:00","12/31/9999 00:00:00","False","itg02109","06/14/2013 00:00:00","BATCH","04/14/2026 00:00:00","PVS_XP_2096","PVZ_U0007"," ","外総診の取得・取消なし","","","","","",""
"06/13/2013 00:00:00","12/31/9999 00:00:00","False","itg02109","06/14/2013 00:00:00","BATCH","04/14/2026 00:00:00","PVS_XP_2096","PVZ_U0007","1","外総診を取得している","","","","","",""
"06/13/2013 00:00:00","12/31/9999 00:00:00","False","itg02109","06/14/2013 00:00:00","BATCH","04/14/2026 00:00:00","PVS_XP_2096","PVZ_U0007","2","外総診を一度取得したが辞退した","","","","","",""
"06/13/2013 00:00:00","12/31/9999 00:00:00","False","itg02109","06/14/2013 00:00:00","BATCH","04/14/2026 00:00:00","PVS_XP_2096","PVZ_U0007","3","外総診を再度取得した","","","","","",""
"06/13/2013 00:00:00","12/31/9999 00:00:00","False","itg02109","06/14/2013 00:00:00","BATCH","04/14/2026 00:00:00","PVS_XP_2096","PVZ_U0007","PVZ_U0007","外総診_フラグ","","","","","","外総診（外来総合診療料）につきましては、平成14年9月30日をもって制度上廃止となりました。廃止から10年近くが経過した為、平成25年2月の当社次期システムへの移行を機に、外総診のデータ部分はブランクとなります。"
"06/13/2013 00:00:00","12/31/9999 00:00:00","False","itg02109","06/14/2013 00:00:00","BATCH","04/14/2026 00:00:00","PVS_XP_2096","PVZ_U0008","A","新規","","","","","","前回納品から今回納品までに新規登録されたデータ"
"06/13/2013 00:00:00","12/31/9999 00:00:00","False","itg02109","06/14/2013 00:00:00","BATCH","04/14/2026 00:00:00","PVS_XP_2096","PVZ_U0008","B","変更","","","","","","前回納品から今回納品までに何らかのアイテムの変更があったデータ"
"06/13/2013 00:00:00","12/31/9999 00:00:00","False","itg02109","06/14/2013 00:00:00","BATCH","04/14/2026 00:00:00","PVS_XP_2096","PVZ_U0008","C","削除","","","","","","前回納品から今回納品までに削除されたデータ"
"06/13/2013 00:00:00","12/31/9999 00:00:00","False","itg02109","06/14/2013 00:00:00","BATCH","04/14/2026 00:00:00","PVS_XP_2096","PVZ_U0008","PVZ_U0008","修正区分","","","","","","データの新規、変更、削除を表す区分"
"06/13/2013 00:00:00","12/31/9999 00:00:00","False","itg02109","06/14/2013 00:00:00","BATCH","04/14/2026 00:00:00","PVS_XP_2096","PVZ_U0009","1","廃院（ＴＥＬ確認済み）","","","","","","施設直接電話で廃院の確認がとれた"
"06/13/2013 00:00:00","12/31/9999 00:00:00","False","itg02109","06/14/2013 00:00:00","BATCH","04/14/2026 00:00:00","PVS_XP_2096","PVZ_U0009","2","廃院（保健所等の行政機関へ確認済み）","","","","","","保健所等で確認がとれた"
"06/13/2013 00:00:00","12/31/9999 00:00:00","False","itg02109","06/14/2013 00:00:00","BATCH","04/14/2026 00:00:00","PVS_XP_2096","PVZ_U0009","3","院長死亡による廃院","","","","","","院長が死亡で廃院となった。（会員データによる）"
"06/13/2013 00:00:00","12/31/9999 00:00:00","False","itg02109","06/14/2013 00:00:00","BATCH","04/14/2026 00:00:00","PVS_XP_2096","PVZ_U0009","4","院長高齢による廃院","","","","","","院長が高齢で廃院となった。（会員データによる）"
"06/13/2013 00:00:00","12/31/9999 00:00:00","False","itg02109","06/14/2013 00:00:00","BATCH","04/14/2026 00:00:00","PVS_XP_2096","PVZ_U0009","5","重複により削除","","","","","","重複登録があり、一方を削除"
"06/13/2013 00:00:00","12/31/9999 00:00:00","False","itg02109","06/14/2013 00:00:00","BATCH","04/14/2026 00:00:00","PVS_XP_2096","PVZ_U0009","6","登録対象外の為の削除","","","","","","誤登録の施設を削除"
"06/13/2013 00:00:00","12/31/9999 00:00:00","False","itg02109","06/14/2013 00:00:00","BATCH","04/14/2026 00:00:00","PVS_XP_2096","PVZ_U0009","7","吸収・合併により廃院","","","","","","吸収または合併により廃院（閉鎖）となった"
"06/13/2013 00:00:00","12/31/9999 00:00:00","False","itg02109","06/14/2013 00:00:00","BATCH","04/14/2026 00:00:00","PVS_XP_2096","PVZ_U0009","8","応答なし長期不通","","","","","","ＮＴＴに確認したが登録がなかった（保健所等でも未確認）"
"06/13/2013 00:00:00","12/31/9999 00:00:00","False","itg02109","06/14/2013 00:00:00","BATCH","04/14/2026 00:00:00","PVS_XP_2096","PVZ_U0009","9","ユーザ確認","","","","","","会員からのフィードバック情報"
"06/13/2013 00:00:00","12/31/9999 00:00:00","False","itg02109","06/14/2013 00:00:00","BATCH","04/14/2026 00:00:00","PVS_XP_2096","PVZ_U0009","D","削除新規","","","","","","削除新規処理"
"06/13/2013 00:00:00","12/31/9999 00:00:00","False","itg02109","06/14/2013 00:00:00","BATCH","04/14/2026 00:00:00","PVS_XP_2096","PVZ_U0009","PVZ_U0009","削除予定理由","","","","","","削除予定の理由を表す区分"
"06/13/2013 00:00:00","12/31/9999 00:00:00","False","itg02109","06/14/2013 00:00:00","BATCH","04/14/2026 00:00:00","PVS_XP_2096","PVZ_U0010","1","あて名に尋ねあたらない","","","","","",""
"06/13/2013 00:00:00","12/31/9999 00:00:00","False","itg02109","06/14/2013 00:00:00","BATCH","04/14/2026 00:00:00","PVS_XP_2096","PVZ_U0010","2","あて名不完全（新住居表示変更も含む）","","","","","",""
"06/13/2013 00:00:00","12/31/9999 00:00:00","False","itg02109","06/14/2013 00:00:00","BATCH","04/14/2026 00:00:00","PVS_XP_2096","PVZ_U0010","3","転居先不明","","","","","",""
"06/13/2013 00:00:00","12/31/9999 00:00:00","False","itg02109","06/14/2013 00:00:00","BATCH","04/14/2026 00:00:00","PVS_XP_2096","PVZ_U0010","4","転居先の有効期限（１年）が切れました","","","","","",""
"06/13/2013 00:00:00","12/31/9999 00:00:00","False","itg02109","06/14/2013 00:00:00","BATCH","04/14/2026 00:00:00","PVS_XP_2096","PVZ_U0010","6","削除予定に掲載中","","","","","","廃院のフィードバックがあった施設。または死亡、重複、誤登録だった個人。"
"06/13/2013 00:00:00","12/31/9999 00:00:00","False","itg02109","06/14/2013 00:00:00","BATCH","04/14/2026 00:00:00","PVS_XP_2096","PVZ_U0010","7","自宅情報の利用停止要求あり","","","","","",""
"06/13/2013 00:00:00","12/31/9999 00:00:00","False","itg02109","06/14/2013 00:00:00","BATCH","04/14/2026 00:00:00","PVS_XP_2096","PVZ_U0010","8","住所不明後丸１年経過によりスペース","","","","","",""
"06/13/2013 00:00:00","12/31/9999 00:00:00","False","itg02109","06/14/2013 00:00:00","BATCH","04/14/2026 00:00:00","PVS_XP_2096","PVZ_U0010","PVZ_U0010","住所不明","","","","","","住所不明の理由"
"06/13/2013 00:00:00","12/31/9999 00:00:00","False","itg02109","06/14/2013 00:00:00","BATCH","04/14/2026 00:00:00","PVS_XP_2096","PVZ_U0011","1","大学","","A","","","","国立大学法人附属・都道府県立・市立・私立大学附属病院"
"06/13/2013 00:00:00","12/31/9999 00:00:00","False","itg02109","06/14/2013 00:00:00","BATCH","04/14/2026 00:00:00","PVS_XP_2096","PVZ_U0011","2","国立","","B","","","","厚生労働省開設の国立病院(独立行政法人国立病院機構を含む)"
"06/13/2013 00:00:00","12/31/9999 00:00:00","False","itg02109","06/14/2013 00:00:00","BATCH","04/14/2026 00:00:00","PVS_XP_2096","PVZ_U0011","3","公立","","C","","","","都道府県立・市町村立病院"
"06/13/2013 00:00:00","12/31/9999 00:00:00","False","itg02109","06/14/2013 00:00:00","BATCH","04/14/2026 00:00:00","PVS_XP_2096","PVZ_U0011","4","公的","","D","","","","※公的区分として何があるかはマニュアル参照のこと"
"06/13/2013 00:00:00","12/31/9999 00:00:00","False","itg02109","06/14/2013 00:00:00","BATCH","04/14/2026 00:00:00","PVS_XP_2096","PVZ_U0011","5","一般","","E","","","","コードA～D以外の法人・個人等の開設病院"
"06/13/2013 00:00:00","12/31/9999 00:00:00","False","itg02109","06/14/2013 00:00:00","BATCH","04/14/2026 00:00:00","PVS_XP_2096","PVZ_U0011","6","診療所","","F","","","","開業医、診療所（上記の区分に関係なく患者１９人以下の収容施設のものを全ていれる。）"
"06/13/2013 00:00:00","12/31/9999 00:00:00","False","itg02109","06/14/2013 00:00:00","BATCH","04/14/2026 00:00:00","PVS_XP_2096","PVZ_U0011","9","その他、不明、医学部",""," ","","","","その他、不明、医学部"
"06/13/2013 00:00:00","12/31/9999 00:00:00","False","itg02109","06/14/2013 00:00:00","BATCH","04/14/2026 00:00:00","PVS_XP_2096","PVZ_U0011","PVZ_U0011","再審査区分","","","","","","再審査申請用の施設区分をコードでセットする"
"06/13/2013 00:00:00","12/31/9999 00:00:00","False","itg02109","06/14/2013 00:00:00","BATCH","04/14/2026 00:00:00","PVS_XP_2096","PVZ_U0012","1","全病棟閉鎖","","","","","","「病棟閉鎖」「休床」"
"06/13/2013 00:00:00","12/31/9999 00:00:00","False","itg02109","06/14/2013 00:00:00","BATCH","04/14/2026 00:00:00","PVS_XP_2096","PVZ_U0012","2","一部病棟閉鎖","","","","","","例えば一般病床20床・精神病床20床の内、精神病床のみが休床（閉鎖）中のことを言う。"
"06/13/2013 00:00:00","12/31/9999 00:00:00","False","itg02109","06/14/2013 00:00:00","BATCH","04/14/2026 00:00:00","PVS_XP_2096","PVZ_U0012","PVZ_U0012","病棟閉鎖フラグ","","","","","","病院の病棟が閉鎖されている事実を示すフラグ"
"06/13/2013 00:00:00","12/31/9999 00:00:00","False","itg02109","06/14/2013 00:00:00","BATCH","04/14/2026 00:00:00","PVS_XP_2096","PVZ_UX031","001","集中治療室（ＩＣＵ）","","","","","",""
"06/13/2013 00:00:00","12/31/9999 00:00:00","False","itg02109","06/14/2013 00:00:00","BATCH","04/14/2026 00:00:00","PVS_XP_2096","PVZ_UX031","002","冠状動脈疾患専用集中治療室（ＣＣＵ）","","","","","",""
"06/13/2013 00:00:00","12/31/9999 00:00:00","False","itg02109","06/14/2013 00:00:00","BATCH","04/14/2026 00:00:00","PVS_XP_2096","PVZ_UX031","003","脳卒中専用集中治療室（ＳＣＵ）","","","","","",""
"06/13/2013 00:00:00","12/31/9999 00:00:00","False","itg02109","06/14/2013 00:00:00","BATCH","04/14/2026 00:00:00","PVS_XP_2096","PVZ_UX031","004","呼吸器疾患専用集中治療室（ＲＣＵ）","","","","","",""
"06/13/2013 00:00:00","12/31/9999 00:00:00","False","itg02109","06/14/2013 00:00:00","BATCH","04/14/2026 00:00:00","PVS_XP_2096","PVZ_UX031","005","新生児集中治療室（ＮＩＣＵ）","","","","","",""
"06/13/2013 00:00:00","12/31/9999 00:00:00","False","itg02109","06/14/2013 00:00:00","BATCH","04/14/2026 00:00:00","PVS_XP_2096","PVZ_UX031","006","母体胎児集中治療室（ＭＦＩＣＵ）","","","","","",""
"06/13/2013 00:00:00","12/31/9999 00:00:00","False","itg02109","06/14/2013 00:00:00","BATCH","04/14/2026 00:00:00","PVS_XP_2096","PVZ_UX031","007","広範囲熱傷特定集中治療室","","","","","",""
"06/13/2013 00:00:00","12/31/9999 00:00:00","False","itg02109","06/14/2013 00:00:00","BATCH","04/14/2026 00:00:00","PVS_XP_2096","PVZ_UX031","008","手術室","","","","","",""
"06/13/2013 00:00:00","12/31/9999 00:00:00","False","itg02109","06/14/2013 00:00:00","BATCH","04/14/2026 00:00:00","PVS_XP_2096","PVZ_UX031","009","無菌治療室","","","","","",""
"06/13/2013 00:00:00","12/31/9999 00:00:00","False","itg02109","06/14/2013 00:00:00","BATCH","04/14/2026 00:00:00","PVS_XP_2096","PVZ_UX031","010","機能訓練室","","","","","",""
"06/13/2013 00:00:00","12/31/9999 00:00:00","False","itg02109","06/14/2013 00:00:00","BATCH","04/14/2026 00:00:00","PVS_XP_2096","PVZ_UX031","011","精神科保護室","","","","","",""
"06/13/2013 00:00:00","12/31/9999 00:00:00","False","itg02109","06/14/2013 00:00:00","BATCH","04/14/2026 00:00:00","PVS_XP_2096","PVZ_UX031","012","病理解剖室","","","","","",""
"06/13/2013 00:00:00","12/31/9999 00:00:00","False","itg02109","06/14/2013 00:00:00","BATCH","04/14/2026 00:00:00","PVS_XP_2096","PVZ_UX031","013","高気圧酸素治療室","","","","","",""
"06/13/2013 00:00:00","12/31/9999 00:00:00","False","itg02109","06/14/2013 00:00:00","BATCH","04/14/2026 00:00:00","PVS_XP_2096","PVZ_UX031","014","患者搬送車（ヘリコプター含む）","","","","","",""
"06/13/2013 00:00:00","12/31/9999 00:00:00","False","itg02109","06/14/2013 00:00:00","BATCH","04/14/2026 00:00:00","PVS_XP_2096","PVZ_UX031","015","新生児搬送車","","","","","",""
"06/13/2013 00:00:00","12/31/9999 00:00:00","False","itg02109","06/14/2013 00:00:00","BATCH","04/14/2026 00:00:00","PVS_XP_2096","PVZ_UX031","PVZ_UX031","施設設備コード","","","","","",""
"06/13/2013 00:00:00","12/31/9999 00:00:00","False","itg02109","06/14/2013 00:00:00","BATCH","04/14/2026 00:00:00","PVS_XP_2096","PVZ_UX032","0101","皮膚・形成外科領域　　皮膚･形成外科領域の一次診療","","","","","",""
"06/13/2013 00:00:00","12/31/9999 00:00:00","False","itg02109","06/14/2013 00:00:00","BATCH","04/14/2026 00:00:00","PVS_XP_2096","PVZ_UX032","0102","皮膚・形成外科領域　　真菌検査（顕微鏡検査）","","","","","",""
"06/13/2013 00:00:00","12/31/9999 00:00:00","False","itg02109","06/14/2013 00:00:00","BATCH","04/14/2026 00:00:00","PVS_XP_2096","PVZ_UX032","0103","皮膚・形成外科領域　　皮膚生検","","","","","",""
"06/13/2013 00:00:00","12/31/9999 00:00:00","False","itg02109","06/14/2013 00:00:00","BATCH","04/14/2026 00:00:00","PVS_XP_2096","PVZ_UX032","0104","皮膚・形成外科領域　　凍結療法","","","","","",""
"06/13/2013 00:00:00","12/31/9999 00:00:00","False","itg02109","06/14/2013 00:00:00","BATCH","04/14/2026 00:00:00","PVS_XP_2096","PVZ_UX032","0105","皮膚・形成外科領域　　光線療法（紫外線・赤外線・ＰＵＶＡ）","","","","","",""
"06/13/2013 00:00:00","12/31/9999 00:00:00","False","itg02109","06/14/2013 00:00:00","BATCH","04/14/2026 00:00:00","PVS_XP_2096","PVZ_UX032","0106","皮膚・形成外科領域　　中等症の熱傷の入院治療","","","","","",""
"06/13/2013 00:00:00","12/31/9999 00:00:00","False","itg02109","06/14/2013 00:00:00","BATCH","04/14/2026 00:00:00","PVS_XP_2096","PVZ_UX032","0107","皮膚・形成外科領域　　顔面外傷の治療","","","","","",""
"06/13/2013 00:00:00","12/31/9999 00:00:00","False","itg02109","06/14/2013 00:00:00","BATCH","04/14/2026 00:00:00","PVS_XP_2096","PVZ_UX032","0108","皮膚・形成外科領域　　皮膚悪性腫瘍手術","","","","","",""
"06/13/2013 00:00:00","12/31/9999 00:00:00","False","itg02109","06/14/2013 00:00:00","BATCH","04/14/2026 00:00:00","PVS_XP_2096","PVZ_UX032","0109","皮膚・形成外科領域　　皮膚悪性腫瘍化学療法","","","","","",""
"06/13/2013 00:00:00","12/31/9999 00:00:00","False","itg02109","06/14/2013 00:00:00","BATCH","04/14/2026 00:00:00","PVS_XP_2096","PVZ_UX032","0110","皮膚・形成外科領域　　良性腫瘍・母斑その他の切除・縫合手術","","","","","",""
"06/13/2013 00:00:00","12/31/9999 00:00:00","False","itg02109","06/14/2013 00:00:00","BATCH","04/14/2026 00:00:00","PVS_XP_2096","PVZ_UX032","0111","皮膚・形成外科領域　　マイクロサージェリーによる遊離組織移植","","","","","",""
"06/13/2013 00:00:00","12/31/9999 00:00:00","False","itg02109","06/14/2013 00:00:00","BATCH","04/14/2026 00:00:00","PVS_XP_2096","PVZ_UX032","0112","皮膚・形成外科領域　　唇顎口蓋裂手術","","","","","",""
"06/13/2013 00:00:00","12/31/9999 00:00:00","False","itg02109","06/14/2013 00:00:00","BATCH","04/14/2026 00:00:00","PVS_XP_2096","PVZ_UX032","0113","皮膚・形成外科領域　　アトピー性皮膚炎の治療","","","","","",""
"06/13/2013 00:00:00","12/31/9999 00:00:00","False","itg02109","06/14/2013 00:00:00","BATCH","04/14/2026 00:00:00","PVS_XP_2096","PVZ_UX032","0201","神経・脳血管領域　　神経･脳血管領域の一次診療","","","","","",""
"06/13/2013 00:00:00","12/31/9999 00:00:00","False","itg02109","06/14/2013 00:00:00","BATCH","04/14/2026 00:00:00","PVS_XP_2096","PVZ_UX032","0202","神経・脳血管領域　　脳波検査","","","","","",""
"06/13/2013 00:00:00","12/31/9999 00:00:00","False","itg02109","06/14/2013 00:00:00","BATCH","04/14/2026 00:00:00","PVS_XP_2096","PVZ_UX032","0203","神経・脳血管領域　　長期継続頭蓋内脳波検査","","","","","",""
"06/13/2013 00:00:00","12/31/9999 00:00:00","False","itg02109","06/14/2013 00:00:00","BATCH","04/14/2026 00:00:00","PVS_XP_2096","PVZ_UX032","0204","神経・脳血管領域　　光トポグラフィー","","","","","",""
"06/13/2013 00:00:00","12/31/9999 00:00:00","False","itg02109","06/14/2013 00:00:00","BATCH","04/14/2026 00:00:00","PVS_XP_2096","PVZ_UX032","0205","神経・脳血管領域　　神経磁気診断","","","","","",""
"06/13/2013 00:00:00","12/31/9999 00:00:00","False","itg02109","06/14/2013 00:00:00","BATCH","04/14/2026 00:00:00","PVS_XP_2096","PVZ_UX032","0206","神経・脳血管領域　　頭蓋内圧持続測定","","","","","",""
"06/13/2013 00:00:00","12/31/9999 00:00:00","False","itg02109","06/14/2013 00:00:00","BATCH","04/14/2026 00:00:00","PVS_XP_2096","PVZ_UX032","0207","神経・脳血管領域　　頸部動脈血栓内膜剥離術","","","","","",""
"06/13/2013 00:00:00","12/31/9999 00:00:00","False","itg02109","06/14/2013 00:00:00","BATCH","04/14/2026 00:00:00","PVS_XP_2096","PVZ_UX032","0208","神経・脳血管領域　　選択的脳血栓・塞栓溶解術（終日対応）","","","","","",""
"06/13/2013 00:00:00","12/31/9999 00:00:00","False","itg02109","06/14/2013 00:00:00","BATCH","04/14/2026 00:00:00","PVS_XP_2096","PVZ_UX032","0209","神経・脳血管領域　　選択的脳血栓・塞栓溶解術（終日対応以外）","","","","","",""
"06/13/2013 00:00:00","12/31/9999 00:00:00","False","itg02109","06/14/2013 00:00:00","BATCH","04/14/2026 00:00:00","PVS_XP_2096","PVZ_UX032","0210","神経・脳血管領域　　抗血栓療法","","","","","",""
"06/13/2013 00:00:00","12/31/9999 00:00:00","False","itg02109","06/14/2013 00:00:00","BATCH","04/14/2026 00:00:00","PVS_XP_2096","PVZ_UX032","0211","神経・脳血管領域　　頭蓋内血腫除去術（終日対応）","","","","","",""
"06/13/2013 00:00:00","12/31/9999 00:00:00","False","itg02109","06/14/2013 00:00:00","BATCH","04/14/2026 00:00:00","PVS_XP_2096","PVZ_UX032","0212","神経・脳血管領域　　頭蓋内血腫除去術（終日対応以外）","","","","","",""
"06/13/2013 00:00:00","12/31/9999 00:00:00","False","itg02109","06/14/2013 00:00:00","BATCH","04/14/2026 00:00:00","PVS_XP_2096","PVZ_UX032","0213","神経・脳血管領域　　脳動脈瘤根治術（被包術、クリッピング）（終日対応）","","","","","",""
"06/13/2013 00:00:00","12/31/9999 00:00:00","False","itg02109","06/14/2013 00:00:00","BATCH","04/14/2026 00:00:00","PVS_XP_2096","PVZ_UX032","0214","神経・脳血管領域　　脳動脈瘤根治術（被包術、クリッピング）（終日対応以外）","","","","","",""
"06/13/2013 00:00:00","12/31/9999 00:00:00","False","itg02109","06/14/2013 00:00:00","BATCH","04/14/2026 00:00:00","PVS_XP_2096","PVZ_UX032","0215","神経・脳血管領域　　脳動静脈奇形摘出術","","","","","",""
"06/13/2013 00:00:00","12/31/9999 00:00:00","False","itg02109","06/14/2013 00:00:00","BATCH","04/14/2026 00:00:00","PVS_XP_2096","PVZ_UX032","0216","神経・脳血管領域　　脳血管内手術","","","","","",""
"06/13/2013 00:00:00","12/31/9999 00:00:00","False","itg02109","06/14/2013 00:00:00","BATCH","04/14/2026 00:00:00","PVS_XP_2096","PVZ_UX032","0217","神経・脳血管領域　　脳腫瘍摘出術","","","","","",""
"06/13/2013 00:00:00","12/31/9999 00:00:00","False","itg02109","06/14/2013 00:00:00","BATCH","04/14/2026 00:00:00","PVS_XP_2096","PVZ_UX032","0218","神経・脳血管領域　　脊髄腫瘍摘出術","","","","","",""
"06/13/2013 00:00:00","12/31/9999 00:00:00","False","itg02109","06/14/2013 00:00:00","BATCH","04/14/2026 00:00:00","PVS_XP_2096","PVZ_UX032","0219","神経・脳血管領域　　悪性脳腫瘍放射線療法","","","","","",""
"06/13/2013 00:00:00","12/31/9999 00:00:00","False","itg02109","06/14/2013 00:00:00","BATCH","04/14/2026 00:00:00","PVS_XP_2096","PVZ_UX032","0220","神経・脳血管領域　　悪性脳腫瘍化学療法","","","","","",""
"06/13/2013 00:00:00","12/31/9999 00:00:00","False","itg02109","06/14/2013 00:00:00","BATCH","04/14/2026 00:00:00","PVS_XP_2096","PVZ_UX032","0221","神経・脳血管領域　　小児脳外科手術","","","","","",""
"06/13/2013 00:00:00","12/31/9999 00:00:00","False","itg02109","06/14/2013 00:00:00","BATCH","04/14/2026 00:00:00","PVS_XP_2096","PVZ_UX032","0222","神経・脳血管領域　　機能的脳神経手術（てんかん手術を含む）","","","","","",""
"06/13/2013 00:00:00","12/31/9999 00:00:00","False","itg02109","06/14/2013 00:00:00","BATCH","04/14/2026 00:00:00","PVS_XP_2096","PVZ_UX032","0301","精神科・神経科領域　　精神科・神経科領域の一次診療","","","","","",""
"06/13/2013 00:00:00","12/31/9999 00:00:00","False","itg02109","06/14/2013 00:00:00","BATCH","04/14/2026 00:00:00","PVS_XP_2096","PVZ_UX032","0302","精神科・神経科領域　　臨床心理・神経心理検査","","","","","",""
"06/13/2013 00:00:00","12/31/9999 00:00:00","False","itg02109","06/14/2013 00:00:00","BATCH","04/14/2026 00:00:00","PVS_XP_2096","PVZ_UX032","0303","精神科・神経科領域　　精神療法","","","","","",""
"06/13/2013 00:00:00","12/31/9999 00:00:00","False","itg02109","06/14/2013 00:00:00","BATCH","04/14/2026 00:00:00","PVS_XP_2096","PVZ_UX032","0304","精神科・神経科領域　　精神分析療法","","","","","",""
"06/13/2013 00:00:00","12/31/9999 00:00:00","False","itg02109","06/14/2013 00:00:00","BATCH","04/14/2026 00:00:00","PVS_XP_2096","PVZ_UX032","0305","精神科・神経科領域　　心身医学療法","","","","","",""
"06/13/2013 00:00:00","12/31/9999 00:00:00","False","itg02109","06/14/2013 00:00:00","BATCH","04/14/2026 00:00:00","PVS_XP_2096","PVZ_UX032","0306","精神科・神経科領域　　終夜睡眠ポリグラフィー","","","","","",""
"06/13/2013 00:00:00","12/31/9999 00:00:00","False","itg02109","06/14/2013 00:00:00","BATCH","04/14/2026 00:00:00","PVS_XP_2096","PVZ_UX032","0307","精神科・神経科領域　　禁煙指導（ニコチン依存症管理）","","","","","",""
"06/13/2013 00:00:00","12/31/9999 00:00:00","False","itg02109","06/14/2013 00:00:00","BATCH","04/14/2026 00:00:00","PVS_XP_2096","PVZ_UX032","0308","精神科・神経科領域　　思春期のうつ病・躁うつ病","","","","","",""
"06/13/2013 00:00:00","12/31/9999 00:00:00","False","itg02109","06/14/2013 00:00:00","BATCH","04/14/2026 00:00:00","PVS_XP_2096","PVZ_UX032","0309","精神科・神経科領域　　睡眠障害","","","","","",""
"06/13/2013 00:00:00","12/31/9999 00:00:00","False","itg02109","06/14/2013 00:00:00","BATCH","04/14/2026 00:00:00","PVS_XP_2096","PVZ_UX032","0310","精神科・神経科領域　　摂食障害（拒食症･過食症）","","","","","",""
"06/13/2013 00:00:00","12/31/9999 00:00:00","False","itg02109","06/14/2013 00:00:00","BATCH","04/14/2026 00:00:00","PVS_XP_2096","PVZ_UX032","0311","精神科・神経科領域　　アルコール依存症","","","","","",""
"06/13/2013 00:00:00","12/31/9999 00:00:00","False","itg02109","06/14/2013 00:00:00","BATCH","04/14/2026 00:00:00","PVS_XP_2096","PVZ_UX032","0312","精神科・神経科領域　　薬物依存症","","","","","",""
"06/13/2013 00:00:00","12/31/9999 00:00:00","False","itg02109","06/14/2013 00:00:00","BATCH","04/14/2026 00:00:00","PVS_XP_2096","PVZ_UX032","0313","精神科・神経科領域　　神経症性障害（強迫性障害、不安障害、パニック障害等）","","","","","",""
"06/13/2013 00:00:00","12/31/9999 00:00:00","False","itg02109","06/14/2013 00:00:00","BATCH","04/14/2026 00:00:00","PVS_XP_2096","PVZ_UX032","0314","精神科・神経科領域　　認知症","","","","","",""
"06/13/2013 00:00:00","12/31/9999 00:00:00","False","itg02109","06/14/2013 00:00:00","BATCH","04/14/2026 00:00:00","PVS_XP_2096","PVZ_UX032","0315","精神科・神経科領域　　心的外傷後ストレス障害（ＰＴＳＤ）","","","","","",""
"06/13/2013 00:00:00","12/31/9999 00:00:00","False","itg02109","06/14/2013 00:00:00","BATCH","04/14/2026 00:00:00","PVS_XP_2096","PVZ_UX032","0316","精神科・神経科領域　　発達障害（自閉症、学習障害等）","","","","","",""
"06/13/2013 00:00:00","12/31/9999 00:00:00","False","itg02109","06/14/2013 00:00:00","BATCH","04/14/2026 00:00:00","PVS_XP_2096","PVZ_UX032","0317","精神科・神経科領域　　精神科ショート・ケア","","","","","",""
"06/13/2013 00:00:00","12/31/9999 00:00:00","False","itg02109","06/14/2013 00:00:00","BATCH","04/14/2026 00:00:00","PVS_XP_2096","PVZ_UX032","0318","精神科・神経科領域　　精神科デイ・ケア","","","","","",""
"06/13/2013 00:00:00","12/31/9999 00:00:00","False","itg02109","06/14/2013 00:00:00","BATCH","04/14/2026 00:00:00","PVS_XP_2096","PVZ_UX032","0319","精神科・神経科領域　　精神科ナイト・ケア","","","","","",""
"06/13/2013 00:00:00","12/31/9999 00:00:00","False","itg02109","06/14/2013 00:00:00","BATCH","04/14/2026 00:00:00","PVS_XP_2096","PVZ_UX032","0320","精神科・神経科領域　　精神科デイ・ナイト・ケア","","","","","",""
"06/13/2013 00:00:00","12/31/9999 00:00:00","False","itg02109","06/14/2013 00:00:00","BATCH","04/14/2026 00:00:00","PVS_XP_2096","PVZ_UX032","0321","精神科・神経科領域　　重度認知症患者デイ・ケア","","","","","",""
"06/13/2013 00:00:00","12/31/9999 00:00:00","False","itg02109","06/14/2013 00:00:00","BATCH","04/14/2026 00:00:00","PVS_XP_2096","PVZ_UX032","0401","眼領域　　眼領域の一次診療","","","","","",""
"06/13/2013 00:00:00","12/31/9999 00:00:00","False","itg02109","06/14/2013 00:00:00","BATCH","04/14/2026 00:00:00","PVS_XP_2096","PVZ_UX032","0402","眼領域　　硝子体手術","","","","","",""
"06/13/2013 00:00:00","12/31/9999 00:00:00","False","itg02109","06/14/2013 00:00:00","BATCH","04/14/2026 00:00:00","PVS_XP_2096","PVZ_UX032","0403","眼領域　　水晶体再建術（白内障手術）","","","","","",""
"06/13/2013 00:00:00","12/31/9999 00:00:00","False","itg02109","06/14/2013 00:00:00","BATCH","04/14/2026 00:00:00","PVS_XP_2096","PVZ_UX032","0404","眼領域　　緑内障手術","","","","","",""
"06/13/2013 00:00:00","12/31/9999 00:00:00","False","itg02109","06/14/2013 00:00:00","BATCH","04/14/2026 00:00:00","PVS_XP_2096","PVZ_UX032","0405","眼領域　　網膜光凝固術（網膜剥離手術）","","","","","",""
"06/13/2013 00:00:00","12/31/9999 00:00:00","False","itg02109","06/14/2013 00:00:00","BATCH","04/14/2026 00:00:00","PVS_XP_2096","PVZ_UX032","0406","眼領域　　斜視手術","","","","","",""
"06/13/2013 00:00:00","12/31/9999 00:00:00","False","itg02109","06/14/2013 00:00:00","BATCH","04/14/2026 00:00:00","PVS_XP_2096","PVZ_UX032","0407","眼領域　　角膜移植術","","","","","",""
"06/13/2013 00:00:00","12/31/9999 00:00:00","False","itg02109","06/14/2013 00:00:00","BATCH","04/14/2026 00:00:00","PVS_XP_2096","PVZ_UX032","0408","眼領域　　コンタクトレンズ検査","","","","","",""
"06/13/2013 00:00:00","12/31/9999 00:00:00","False","itg02109","06/14/2013 00:00:00","BATCH","04/14/2026 00:00:00","PVS_XP_2096","PVZ_UX032","0409","眼領域　　小児視力障害診療","","","","","",""
"06/13/2013 00:00:00","12/31/9999 00:00:00","False","itg02109","06/14/2013 00:00:00","BATCH","04/14/2026 00:00:00","PVS_XP_2096","PVZ_UX032","0501","耳鼻咽喉領域　　耳鼻咽喉領域の一次診療","","","","","",""
"06/13/2013 00:00:00","12/31/9999 00:00:00","False","itg02109","06/14/2013 00:00:00","BATCH","04/14/2026 00:00:00","PVS_XP_2096","PVZ_UX032","0502","耳鼻咽喉領域　　喉頭ファイバースコピー","","","","","",""
"06/13/2013 00:00:00","12/31/9999 00:00:00","False","itg02109","06/14/2013 00:00:00","BATCH","04/14/2026 00:00:00","PVS_XP_2096","PVZ_UX032","0503","耳鼻咽喉領域　　純音聴力検査","","","","","",""
"06/13/2013 00:00:00","12/31/9999 00:00:00","False","itg02109","06/14/2013 00:00:00","BATCH","04/14/2026 00:00:00","PVS_XP_2096","PVZ_UX032","0504","耳鼻咽喉領域　　補聴器適合検査","","","","","",""
"06/13/2013 00:00:00","12/31/9999 00:00:00","False","itg02109","06/14/2013 00:00:00","BATCH","04/14/2026 00:00:00","PVS_XP_2096","PVZ_UX032","0505","耳鼻咽喉領域　　電気味覚検査","","","","","",""
"06/13/2013 00:00:00","12/31/9999 00:00:00","False","itg02109","06/14/2013 00:00:00","BATCH","04/14/2026 00:00:00","PVS_XP_2096","PVZ_UX032","0506","耳鼻咽喉領域　　小児聴力障害診療","","","","","",""
"06/13/2013 00:00:00","12/31/9999 00:00:00","False","itg02109","06/14/2013 00:00:00","BATCH","04/14/2026 00:00:00","PVS_XP_2096","PVZ_UX032","0507","耳鼻咽喉領域　　鼓室形成手術","","","","","",""
"06/13/2013 00:00:00","12/31/9999 00:00:00","False","itg02109","06/14/2013 00:00:00","BATCH","04/14/2026 00:00:00","PVS_XP_2096","PVZ_UX032","0508","耳鼻咽喉領域　　副鼻腔炎手術","","","","","",""
"06/13/2013 00:00:00","12/31/9999 00:00:00","False","itg02109","06/14/2013 00:00:00","BATCH","04/14/2026 00:00:00","PVS_XP_2096","PVZ_UX032","0509","耳鼻咽喉領域　　内視鏡下副鼻腔炎手術","","","","","",""
"06/13/2013 00:00:00","12/31/9999 00:00:00","False","itg02109","06/14/2013 00:00:00","BATCH","04/14/2026 00:00:00","PVS_XP_2096","PVZ_UX032","0510","耳鼻咽喉領域　　舌悪性腫瘍手術","","","","","",""
"06/13/2013 00:00:00","12/31/9999 00:00:00","False","itg02109","06/14/2013 00:00:00","BATCH","04/14/2026 00:00:00","PVS_XP_2096","PVZ_UX032","0511","耳鼻咽喉領域　　舌悪性腫瘍化学療法","","","","","",""
"06/13/2013 00:00:00","12/31/9999 00:00:00","False","itg02109","06/14/2013 00:00:00","BATCH","04/14/2026 00:00:00","PVS_XP_2096","PVZ_UX032","0512","耳鼻咽喉領域　　舌悪性腫瘍放射線療法","","","","","",""
"06/13/2013 00:00:00","12/31/9999 00:00:00","False","itg02109","06/14/2013 00:00:00","BATCH","04/14/2026 00:00:00","PVS_XP_2096","PVZ_UX032","0513","耳鼻咽喉領域　　咽頭悪性腫瘍手術","","","","","",""
"06/13/2013 00:00:00","12/31/9999 00:00:00","False","itg02109","06/14/2013 00:00:00","BATCH","04/14/2026 00:00:00","PVS_XP_2096","PVZ_UX032","0514","耳鼻咽喉領域　　咽頭悪性腫瘍化学療法","","","","","",""
"06/13/2013 00:00:00","12/31/9999 00:00:00","False","itg02109","06/14/2013 00:00:00","BATCH","04/14/2026 00:00:00","PVS_XP_2096","PVZ_UX032","0515","耳鼻咽喉領域　　咽頭悪性腫瘍放射線療法","","","","","",""
"06/13/2013 00:00:00","12/31/9999 00:00:00","False","itg02109","06/14/2013 00:00:00","BATCH","04/14/2026 00:00:00","PVS_XP_2096","PVZ_UX032","0516","耳鼻咽喉領域　　喉頭悪性腫瘍手術","","","","","",""
"06/13/2013 00:00:00","12/31/9999 00:00:00","False","itg02109","06/14/2013 00:00:00","BATCH","04/14/2026 00:00:00","PVS_XP_2096","PVZ_UX032","0517","耳鼻咽喉領域　　喉頭悪性腫瘍化学療法","","","","","",""
"06/13/2013 00:00:00","12/31/9999 00:00:00","False","itg02109","06/14/2013 00:00:00","BATCH","04/14/2026 00:00:00","PVS_XP_2096","PVZ_UX032","0518","耳鼻咽喉領域　　喉頭悪性腫瘍放射線療法","","","","","",""
"06/13/2013 00:00:00","12/31/9999 00:00:00","False","itg02109","06/14/2013 00:00:00","BATCH","04/14/2026 00:00:00","PVS_XP_2096","PVZ_UX032","0519","耳鼻咽喉領域　　摂食機能障害の治療","","","","","",""
"06/13/2013 00:00:00","12/31/9999 00:00:00","False","itg02109","06/14/2013 00:00:00","BATCH","04/14/2026 00:00:00","PVS_XP_2096","PVZ_UX032","0601","呼吸器領域　　呼吸器領域の一次診療","","","","","",""
"06/13/2013 00:00:00","12/31/9999 00:00:00","False","itg02109","06/14/2013 00:00:00","BATCH","04/14/2026 00:00:00","PVS_XP_2096","PVZ_UX032","0602","呼吸器領域　　気管支ファイバースコピー","","","","","",""
"06/13/2013 00:00:00","12/31/9999 00:00:00","False","itg02109","06/14/2013 00:00:00","BATCH","04/14/2026 00:00:00","PVS_XP_2096","PVZ_UX032","0603","呼吸器領域　　肺悪性腫瘍摘出術","","","","","",""
"06/13/2013 00:00:00","12/31/9999 00:00:00","False","itg02109","06/14/2013 00:00:00","BATCH","04/14/2026 00:00:00","PVS_XP_2096","PVZ_UX032","0604","呼吸器領域　　胸腔鏡下肺悪性腫瘍摘出術","","","","","",""
"06/13/2013 00:00:00","12/31/9999 00:00:00","False","itg02109","06/14/2013 00:00:00","BATCH","04/14/2026 00:00:00","PVS_XP_2096","PVZ_UX032","0605","呼吸器領域　　肺悪性腫瘍化学療法","","","","","",""
"06/13/2013 00:00:00","12/31/9999 00:00:00","False","itg02109","06/14/2013 00:00:00","BATCH","04/14/2026 00:00:00","PVS_XP_2096","PVZ_UX032","0606","呼吸器領域　　肺悪性腫瘍放射線療法","","","","","",""
"06/13/2013 00:00:00","12/31/9999 00:00:00","False","itg02109","06/14/2013 00:00:00","BATCH","04/14/2026 00:00:00","PVS_XP_2096","PVZ_UX032","0607","呼吸器領域　　在宅持続陽圧呼吸療法（睡眠時無呼吸症候群治療）","","","","","",""
"06/13/2013 00:00:00","12/31/9999 00:00:00","False","itg02109","06/14/2013 00:00:00","BATCH","04/14/2026 00:00:00","PVS_XP_2096","PVZ_UX032","0608","呼吸器領域　　在宅酸素療法","","","","","",""
"06/13/2013 00:00:00","12/31/9999 00:00:00","False","itg02109","06/14/2013 00:00:00","BATCH","04/14/2026 00:00:00","PVS_XP_2096","PVZ_UX032","0701","消化器系領域　　消化器系領域の一次診療","","","","","",""
"06/13/2013 00:00:00","12/31/9999 00:00:00","False","itg02109","06/14/2013 00:00:00","BATCH","04/14/2026 00:00:00","PVS_XP_2096","PVZ_UX032","0702","消化器系領域　　上部消化管内視鏡検査","","","","","",""
"06/13/2013 00:00:00","12/31/9999 00:00:00","False","itg02109","06/14/2013 00:00:00","BATCH","04/14/2026 00:00:00","PVS_XP_2096","PVZ_UX032","0703","消化器系領域　　上部消化管内視鏡的切除術","","","","","",""
"06/13/2013 00:00:00","12/31/9999 00:00:00","False","itg02109","06/14/2013 00:00:00","BATCH","04/14/2026 00:00:00","PVS_XP_2096","PVZ_UX032","0704","消化器系領域　　下部消化管内視鏡検査","","","","","",""
"06/13/2013 00:00:00","12/31/9999 00:00:00","False","itg02109","06/14/2013 00:00:00","BATCH","04/14/2026 00:00:00","PVS_XP_2096","PVZ_UX032","0705","消化器系領域　　下部消化管内視鏡的切除術","","","","","",""
"06/13/2013 00:00:00","12/31/9999 00:00:00","False","itg02109","06/14/2013 00:00:00","BATCH","04/14/2026 00:00:00","PVS_XP_2096","PVZ_UX032","0706","消化器系領域　　虫垂切除術（乳幼児を除く）","","","","","",""
"06/13/2013 00:00:00","12/31/9999 00:00:00","False","itg02109","06/14/2013 00:00:00","BATCH","04/14/2026 00:00:00","PVS_XP_2096","PVZ_UX032","0707","消化器系領域　　食道悪性腫瘍手術","","","","","",""
"06/13/2013 00:00:00","12/31/9999 00:00:00","False","itg02109","06/14/2013 00:00:00","BATCH","04/14/2026 00:00:00","PVS_XP_2096","PVZ_UX032","0708","消化器系領域　　食道悪性腫瘍化学療法","","","","","",""
"06/13/2013 00:00:00","12/31/9999 00:00:00","False","itg02109","06/14/2013 00:00:00","BATCH","04/14/2026 00:00:00","PVS_XP_2096","PVZ_UX032","0709","消化器系領域　　食道悪性腫瘍放射線療法","","","","","",""
"06/13/2013 00:00:00","12/31/9999 00:00:00","False","itg02109","06/14/2013 00:00:00","BATCH","04/14/2026 00:00:00","PVS_XP_2096","PVZ_UX032","0710","消化器系領域　　胃悪性腫瘍手術","","","","","",""
"06/13/2013 00:00:00","12/31/9999 00:00:00","False","itg02109","06/14/2013 00:00:00","BATCH","04/14/2026 00:00:00","PVS_XP_2096","PVZ_UX032","0711","消化器系領域　　腹腔鏡下胃悪性腫瘍手術","","","","","",""
"06/13/2013 00:00:00","12/31/9999 00:00:00","False","itg02109","06/14/2013 00:00:00","BATCH","04/14/2026 00:00:00","PVS_XP_2096","PVZ_UX032","0712","消化器系領域　　胃悪性腫瘍化学療法","","","","","",""
"06/13/2013 00:00:00","12/31/9999 00:00:00","False","itg02109","06/14/2013 00:00:00","BATCH","04/14/2026 00:00:00","PVS_XP_2096","PVZ_UX032","0713","消化器系領域　　胃悪性腫瘍放射線療法","","","","","",""
"06/13/2013 00:00:00","12/31/9999 00:00:00","False","itg02109","06/14/2013 00:00:00","BATCH","04/14/2026 00:00:00","PVS_XP_2096","PVZ_UX032","0714","消化器系領域　　大腸悪性腫瘍手術","","","","","",""
"06/13/2013 00:00:00","12/31/9999 00:00:00","False","itg02109","06/14/2013 00:00:00","BATCH","04/14/2026 00:00:00","PVS_XP_2096","PVZ_UX032","0715","消化器系領域　　腹腔鏡下大腸悪性腫瘍手術","","","","","",""
"06/13/2013 00:00:00","12/31/9999 00:00:00","False","itg02109","06/14/2013 00:00:00","BATCH","04/14/2026 00:00:00","PVS_XP_2096","PVZ_UX032","0716","消化器系領域　　大腸悪性腫瘍化学療法","","","","","",""
"06/13/2013 00:00:00","12/31/9999 00:00:00","False","itg02109","06/14/2013 00:00:00","BATCH","04/14/2026 00:00:00","PVS_XP_2096","PVZ_UX032","0717","消化器系領域　　人工肛門の管理","","","","","",""
"06/13/2013 00:00:00","12/31/9999 00:00:00","False","itg02109","06/14/2013 00:00:00","BATCH","04/14/2026 00:00:00","PVS_XP_2096","PVZ_UX032","0801","肝・胆道・膵臓領域　　肝･胆道・膵臓領域の一次診療","","","","","",""
"06/13/2013 00:00:00","12/31/9999 00:00:00","False","itg02109","06/14/2013 00:00:00","BATCH","04/14/2026 00:00:00","PVS_XP_2096","PVZ_UX032","0802","肝・胆道・膵臓領域　　肝生検","","","","","",""
"06/13/2013 00:00:00","12/31/9999 00:00:00","False","itg02109","06/14/2013 00:00:00","BATCH","04/14/2026 00:00:00","PVS_XP_2096","PVZ_UX032","0803","肝・胆道・膵臓領域　　肝悪性腫瘍手術","","","","","",""
"06/13/2013 00:00:00","12/31/9999 00:00:00","False","itg02109","06/14/2013 00:00:00","BATCH","04/14/2026 00:00:00","PVS_XP_2096","PVZ_UX032","0804","肝・胆道・膵臓領域　　肝悪性腫瘍化学療法","","","","","",""
"06/13/2013 00:00:00","12/31/9999 00:00:00","False","itg02109","06/14/2013 00:00:00","BATCH","04/14/2026 00:00:00","PVS_XP_2096","PVZ_UX032","0805","肝・胆道・膵臓領域　　胆道悪性腫瘍手術","","","","","",""
"06/13/2013 00:00:00","12/31/9999 00:00:00","False","itg02109","06/14/2013 00:00:00","BATCH","04/14/2026 00:00:00","PVS_XP_2096","PVZ_UX032","0806","肝・胆道・膵臓領域　　胆道悪性腫瘍化学療法","","","","","",""
"06/13/2013 00:00:00","12/31/9999 00:00:00","False","itg02109","06/14/2013 00:00:00","BATCH","04/14/2026 00:00:00","PVS_XP_2096","PVZ_UX032","0807","肝・胆道・膵臓領域　　開腹による胆石症手術","","","","","",""
"06/13/2013 00:00:00","12/31/9999 00:00:00","False","itg02109","06/14/2013 00:00:00","BATCH","04/14/2026 00:00:00","PVS_XP_2096","PVZ_UX032","0808","肝・胆道・膵臓領域　　腹腔鏡下胆石症手術","","","","","",""
"06/13/2013 00:00:00","12/31/9999 00:00:00","False","itg02109","06/14/2013 00:00:00","BATCH","04/14/2026 00:00:00","PVS_XP_2096","PVZ_UX032","0809","肝・胆道・膵臓領域　　内視鏡的胆道ドレナージ","","","","","",""
"06/13/2013 00:00:00","12/31/9999 00:00:00","False","itg02109","06/14/2013 00:00:00","BATCH","04/14/2026 00:00:00","PVS_XP_2096","PVZ_UX032","0810","肝・胆道・膵臓領域　　経皮経肝的胆道ドレナージ","","","","","",""
"06/13/2013 00:00:00","12/31/9999 00:00:00","False","itg02109","06/14/2013 00:00:00","BATCH","04/14/2026 00:00:00","PVS_XP_2096","PVZ_UX032","0811","肝・胆道・膵臓領域　　膵悪性腫瘍手術","","","","","",""
"06/13/2013 00:00:00","12/31/9999 00:00:00","False","itg02109","06/14/2013 00:00:00","BATCH","04/14/2026 00:00:00","PVS_XP_2096","PVZ_UX032","0812","肝・胆道・膵臓領域　　膵悪性腫瘍化学療法","","","","","",""
"06/13/2013 00:00:00","12/31/9999 00:00:00","False","itg02109","06/14/2013 00:00:00","BATCH","04/14/2026 00:00:00","PVS_XP_2096","PVZ_UX032","0813","肝・胆道・膵臓領域　　膵悪性腫瘍放射線療法","","","","","",""
"06/13/2013 00:00:00","12/31/9999 00:00:00","False","itg02109","06/14/2013 00:00:00","BATCH","04/14/2026 00:00:00","PVS_XP_2096","PVZ_UX032","0814","肝・胆道・膵臓領域　　体外衝撃波胆石破砕術","","","","","",""
"06/13/2013 00:00:00","12/31/9999 00:00:00","False","itg02109","06/14/2013 00:00:00","BATCH","04/14/2026 00:00:00","PVS_XP_2096","PVZ_UX032","0815","肝・胆道・膵臓領域　　生体肝移植","","","","","",""
"06/13/2013 00:00:00","12/31/9999 00:00:00","False","itg02109","06/14/2013 00:00:00","BATCH","04/14/2026 00:00:00","PVS_XP_2096","PVZ_UX032","0901","循環器系領域　　循環器系領域の一次診療","","","","","",""
"06/13/2013 00:00:00","12/31/9999 00:00:00","False","itg02109","06/14/2013 00:00:00","BATCH","04/14/2026 00:00:00","PVS_XP_2096","PVZ_UX032","0902","循環器系領域　　ホルター型心電図検査","","","","","",""
"06/13/2013 00:00:00","12/31/9999 00:00:00","False","itg02109","06/14/2013 00:00:00","BATCH","04/14/2026 00:00:00","PVS_XP_2096","PVZ_UX032","0903","循環器系領域　　心臓カテーテル法による諸検査（終日対応）","","","","","",""
"06/13/2013 00:00:00","12/31/9999 00:00:00","False","itg02109","06/14/2013 00:00:00","BATCH","04/14/2026 00:00:00","PVS_XP_2096","PVZ_UX032","0904","循環器系領域　　心臓カテーテル法による諸検査（終日対応以外）","","","","","",""
"06/13/2013 00:00:00","12/31/9999 00:00:00","False","itg02109","06/14/2013 00:00:00","BATCH","04/14/2026 00:00:00","PVS_XP_2096","PVZ_UX032","0905","循環器系領域　　心臓カテーテル法による血管内視鏡検査","","","","","",""
"06/13/2013 00:00:00","12/31/9999 00:00:00","False","itg02109","06/14/2013 00:00:00","BATCH","04/14/2026 00:00:00","PVS_XP_2096","PVZ_UX032","0906","循環器系領域　　冠動脈バイパス術","","","","","",""
"06/13/2013 00:00:00","12/31/9999 00:00:00","False","itg02109","06/14/2013 00:00:00","BATCH","04/14/2026 00:00:00","PVS_XP_2096","PVZ_UX032","0907","循環器系領域　　経皮的冠動脈形成術（ＰＴＣＡ）","","","","","",""
"06/13/2013 00:00:00","12/31/9999 00:00:00","False","itg02109","06/14/2013 00:00:00","BATCH","04/14/2026 00:00:00","PVS_XP_2096","PVZ_UX032","0908","循環器系領域　　経皮的冠動脈血栓吸引術","","","","","",""
"06/13/2013 00:00:00","12/31/9999 00:00:00","False","itg02109","06/14/2013 00:00:00","BATCH","04/14/2026 00:00:00","PVS_XP_2096","PVZ_UX032","0909","循環器系領域　　経皮的冠動脈ステント留置術","","","","","",""
"06/13/2013 00:00:00","12/31/9999 00:00:00","False","itg02109","06/14/2013 00:00:00","BATCH","04/14/2026 00:00:00","PVS_XP_2096","PVZ_UX032","0910","循環器系領域　　弁膜症手術","","","","","",""
"06/13/2013 00:00:00","12/31/9999 00:00:00","False","itg02109","06/14/2013 00:00:00","BATCH","04/14/2026 00:00:00","PVS_XP_2096","PVZ_UX032","0911","循環器系領域　　開心術","","","","","",""
"06/13/2013 00:00:00","12/31/9999 00:00:00","False","itg02109","06/14/2013 00:00:00","BATCH","04/14/2026 00:00:00","PVS_XP_2096","PVZ_UX032","0912","循環器系領域　　大動脈瘤手術","","","","","",""
"06/13/2013 00:00:00","12/31/9999 00:00:00","False","itg02109","06/14/2013 00:00:00","BATCH","04/14/2026 00:00:00","PVS_XP_2096","PVZ_UX032","0913","循環器系領域　　下肢静脈瘤手術","","","","","",""
"06/13/2013 00:00:00","12/31/9999 00:00:00","False","itg02109","06/14/2013 00:00:00","BATCH","04/14/2026 00:00:00","PVS_XP_2096","PVZ_UX032","0914","循環器系領域　　ペースメーカー移植術","","","","","",""
"06/13/2013 00:00:00","12/31/9999 00:00:00","False","itg02109","06/14/2013 00:00:00","BATCH","04/14/2026 00:00:00","PVS_XP_2096","PVZ_UX032","0915","循環器系領域　　ペースメーカー管理","","","","","",""
"06/13/2013 00:00:00","12/31/9999 00:00:00","False","itg02109","06/14/2013 00:00:00","BATCH","04/14/2026 00:00:00","PVS_XP_2096","PVZ_UX032","1001","腎・泌尿器系領域　　腎･泌尿器系領域の一次診療","","","","","",""
"06/13/2013 00:00:00","12/31/9999 00:00:00","False","itg02109","06/14/2013 00:00:00","BATCH","04/14/2026 00:00:00","PVS_XP_2096","PVZ_UX032","1002","腎・泌尿器系領域　　膀胱鏡検査","","","","","",""
"06/13/2013 00:00:00","12/31/9999 00:00:00","False","itg02109","06/14/2013 00:00:00","BATCH","04/14/2026 00:00:00","PVS_XP_2096","PVZ_UX032","1003","腎・泌尿器系領域　　腎生検","","","","","",""
"06/13/2013 00:00:00","12/31/9999 00:00:00","False","itg02109","06/14/2013 00:00:00","BATCH","04/14/2026 00:00:00","PVS_XP_2096","PVZ_UX032","1004","腎・泌尿器系領域　　血液透析","","","","","",""
"06/13/2013 00:00:00","12/31/9999 00:00:00","False","itg02109","06/14/2013 00:00:00","BATCH","04/14/2026 00:00:00","PVS_XP_2096","PVZ_UX032","1005","腎・泌尿器系領域　　夜間透析","","","","","",""
"06/13/2013 00:00:00","12/31/9999 00:00:00","False","itg02109","06/14/2013 00:00:00","BATCH","04/14/2026 00:00:00","PVS_XP_2096","PVZ_UX032","1006","腎・泌尿器系領域　　腹膜透析（ＣＡＰＤ）","","","","","",""
"06/13/2013 00:00:00","12/31/9999 00:00:00","False","itg02109","06/14/2013 00:00:00","BATCH","04/14/2026 00:00:00","PVS_XP_2096","PVZ_UX032","1007","腎・泌尿器系領域　　体外衝撃波腎・尿路結石破砕術","","","","","",""
"06/13/2013 00:00:00","12/31/9999 00:00:00","False","itg02109","06/14/2013 00:00:00","BATCH","04/14/2026 00:00:00","PVS_XP_2096","PVZ_UX032","1008","腎・泌尿器系領域　　腎悪性腫瘍手術","","","","","",""
"06/13/2013 00:00:00","12/31/9999 00:00:00","False","itg02109","06/14/2013 00:00:00","BATCH","04/14/2026 00:00:00","PVS_XP_2096","PVZ_UX032","1009","腎・泌尿器系領域　　腎悪性腫瘍化学療法","","","","","",""
"06/13/2013 00:00:00","12/31/9999 00:00:00","False","itg02109","06/14/2013 00:00:00","BATCH","04/14/2026 00:00:00","PVS_XP_2096","PVZ_UX032","1010","腎・泌尿器系領域　　膀胱悪性腫瘍手術","","","","","",""
"06/13/2013 00:00:00","12/31/9999 00:00:00","False","itg02109","06/14/2013 00:00:00","BATCH","04/14/2026 00:00:00","PVS_XP_2096","PVZ_UX032","1011","腎・泌尿器系領域　　膀胱悪性腫瘍化学療法","","","","","",""
"06/13/2013 00:00:00","12/31/9999 00:00:00","False","itg02109","06/14/2013 00:00:00","BATCH","04/14/2026 00:00:00","PVS_XP_2096","PVZ_UX032","1012","腎・泌尿器系領域　　前立腺悪性腫瘍手術","","","","","",""
"06/13/2013 00:00:00","12/31/9999 00:00:00","False","itg02109","06/14/2013 00:00:00","BATCH","04/14/2026 00:00:00","PVS_XP_2096","PVZ_UX032","1013","腎・泌尿器系領域　　腹腔鏡下前立腺悪性腫瘍手術","","","","","",""
"06/13/2013 00:00:00","12/31/9999 00:00:00","False","itg02109","06/14/2013 00:00:00","BATCH","04/14/2026 00:00:00","PVS_XP_2096","PVZ_UX032","1014","腎・泌尿器系領域　　前立腺悪性腫瘍化学療法","","","","","",""
"06/13/2013 00:00:00","12/31/9999 00:00:00","False","itg02109","06/14/2013 00:00:00","BATCH","04/14/2026 00:00:00","PVS_XP_2096","PVZ_UX032","1015","腎・泌尿器系領域　　前立腺悪性腫瘍放射線療法","","","","","",""
"06/13/2013 00:00:00","12/31/9999 00:00:00","False","itg02109","06/14/2013 00:00:00","BATCH","04/14/2026 00:00:00","PVS_XP_2096","PVZ_UX032","1016","腎・泌尿器系領域　　生体腎移植","","","","","",""
"06/13/2013 00:00:00","12/31/9999 00:00:00","False","itg02109","06/14/2013 00:00:00","BATCH","04/14/2026 00:00:00","PVS_XP_2096","PVZ_UX032","1017","腎・泌尿器系領域　　尿失禁の治療","","","","","",""
"06/13/2013 00:00:00","12/31/9999 00:00:00","False","itg02109","06/14/2013 00:00:00","BATCH","04/14/2026 00:00:00","PVS_XP_2096","PVZ_UX032","1101","産科領域　　産科領域の一次診療","","","","","",""
"06/13/2013 00:00:00","12/31/9999 00:00:00","False","itg02109","06/14/2013 00:00:00","BATCH","04/14/2026 00:00:00","PVS_XP_2096","PVZ_UX032","1102","産科領域　　正常分娩","","","","","",""
"06/13/2013 00:00:00","12/31/9999 00:00:00","False","itg02109","06/14/2013 00:00:00","BATCH","04/14/2026 00:00:00","PVS_XP_2096","PVZ_UX032","1103","産科領域　　選択帝王切開術","","","","","",""
"06/13/2013 00:00:00","12/31/9999 00:00:00","False","itg02109","06/14/2013 00:00:00","BATCH","04/14/2026 00:00:00","PVS_XP_2096","PVZ_UX032","1104","産科領域　　緊急帝王切開術","","","","","",""
"06/13/2013 00:00:00","12/31/9999 00:00:00","False","itg02109","06/14/2013 00:00:00","BATCH","04/14/2026 00:00:00","PVS_XP_2096","PVZ_UX032","1105","産科領域　　卵管形成手術","","","","","",""
"06/13/2013 00:00:00","12/31/9999 00:00:00","False","itg02109","06/14/2013 00:00:00","BATCH","04/14/2026 00:00:00","PVS_XP_2096","PVZ_UX032","1106","産科領域　　卵管鏡下卵管形成術","","","","","",""
"06/13/2013 00:00:00","12/31/9999 00:00:00","False","itg02109","06/14/2013 00:00:00","BATCH","04/14/2026 00:00:00","PVS_XP_2096","PVZ_UX032","1107","産科領域　　ハイリスク妊産婦共同管理","","","","","",""
"06/13/2013 00:00:00","12/31/9999 00:00:00","False","itg02109","06/14/2013 00:00:00","BATCH","04/14/2026 00:00:00","PVS_XP_2096","PVZ_UX032","1201","婦人科領域　　婦人科領域の一次診療","","","","","",""
"06/13/2013 00:00:00","12/31/9999 00:00:00","False","itg02109","06/14/2013 00:00:00","BATCH","04/14/2026 00:00:00","PVS_XP_2096","PVZ_UX032","1202","婦人科領域　　更年期障害治療","","","","","",""
"06/13/2013 00:00:00","12/31/9999 00:00:00","False","itg02109","06/14/2013 00:00:00","BATCH","04/14/2026 00:00:00","PVS_XP_2096","PVZ_UX032","1203","婦人科領域　　子宮筋腫摘出術","","","","","",""
"06/13/2013 00:00:00","12/31/9999 00:00:00","False","itg02109","06/14/2013 00:00:00","BATCH","04/14/2026 00:00:00","PVS_XP_2096","PVZ_UX032","1204","婦人科領域　　腹腔鏡下子宮筋腫摘出術","","","","","",""
"06/13/2013 00:00:00","12/31/9999 00:00:00","False","itg02109","06/14/2013 00:00:00","BATCH","04/14/2026 00:00:00","PVS_XP_2096","PVZ_UX032","1205","婦人科領域　　子宮悪性腫瘍手術","","","","","",""
"06/13/2013 00:00:00","12/31/9999 00:00:00","False","itg02109","06/14/2013 00:00:00","BATCH","04/14/2026 00:00:00","PVS_XP_2096","PVZ_UX032","1206","婦人科領域　　子宮悪性腫瘍化学療法","","","","","",""
"06/13/2013 00:00:00","12/31/9999 00:00:00","False","itg02109","06/14/2013 00:00:00","BATCH","04/14/2026 00:00:00","PVS_XP_2096","PVZ_UX032","1207","婦人科領域　　子宮悪性腫瘍放射線療法","","","","","",""
"06/13/2013 00:00:00","12/31/9999 00:00:00","False","itg02109","06/14/2013 00:00:00","BATCH","04/14/2026 00:00:00","PVS_XP_2096","PVZ_UX032","1208","婦人科領域　　卵巣悪性腫瘍手術","","","","","",""
"06/13/2013 00:00:00","12/31/9999 00:00:00","False","itg02109","06/14/2013 00:00:00","BATCH","04/14/2026 00:00:00","PVS_XP_2096","PVZ_UX032","1209","婦人科領域　　卵巣悪性腫瘍化学療法","","","","","",""
"06/13/2013 00:00:00","12/31/9999 00:00:00","False","itg02109","06/14/2013 00:00:00","BATCH","04/14/2026 00:00:00","PVS_XP_2096","PVZ_UX032","1210","婦人科領域　　卵巣悪性腫瘍放射線療法","","","","","",""
"06/13/2013 00:00:00","12/31/9999 00:00:00","False","itg02109","06/14/2013 00:00:00","BATCH","04/14/2026 00:00:00","PVS_XP_2096","PVZ_UX032","1301","乳腺領域　　乳腺領域の一次診療","","","","","",""
"06/13/2013 00:00:00","12/31/9999 00:00:00","False","itg02109","06/14/2013 00:00:00","BATCH","04/14/2026 00:00:00","PVS_XP_2096","PVZ_UX032","1302","乳腺領域　　乳腺悪性腫瘍手術","","","","","",""
"06/13/2013 00:00:00","12/31/9999 00:00:00","False","itg02109","06/14/2013 00:00:00","BATCH","04/14/2026 00:00:00","PVS_XP_2096","PVZ_UX032","1303","乳腺領域　　乳腺悪性腫瘍化学療法","","","","","",""
"06/13/2013 00:00:00","12/31/9999 00:00:00","False","itg02109","06/14/2013 00:00:00","BATCH","04/14/2026 00:00:00","PVS_XP_2096","PVZ_UX032","1304","乳腺領域　　乳腺悪性腫瘍放射線療法","","","","","",""
"06/13/2013 00:00:00","12/31/9999 00:00:00","False","itg02109","06/14/2013 00:00:00","BATCH","04/14/2026 00:00:00","PVS_XP_2096","PVZ_UX032","1401","内分泌・代謝・栄養領域　　内分泌･代謝･栄養領域の一次診療","","","","","",""
"06/13/2013 00:00:00","12/31/9999 00:00:00","False","itg02109","06/14/2013 00:00:00","BATCH","04/14/2026 00:00:00","PVS_XP_2096","PVZ_UX032","1402","内分泌・代謝・栄養領域　　内分泌機能検査","","","","","",""
"06/13/2013 00:00:00","12/31/9999 00:00:00","False","itg02109","06/14/2013 00:00:00","BATCH","04/14/2026 00:00:00","PVS_XP_2096","PVZ_UX032","1403","内分泌・代謝・栄養領域　　インスリン療法","","","","","",""
"06/13/2013 00:00:00","12/31/9999 00:00:00","False","itg02109","06/14/2013 00:00:00","BATCH","04/14/2026 00:00:00","PVS_XP_2096","PVZ_UX032","1404","内分泌・代謝・栄養領域　　糖尿病患者教育（食事療法、運動療法、自己血糖測定）","","","","","",""
"06/13/2013 00:00:00","12/31/9999 00:00:00","False","itg02109","06/14/2013 00:00:00","BATCH","04/14/2026 00:00:00","PVS_XP_2096","PVZ_UX032","1405","内分泌・代謝・栄養領域　　糖尿病による合併症に対する継続的な管理・指導","","","","","",""
"06/13/2013 00:00:00","12/31/9999 00:00:00","False","itg02109","06/14/2013 00:00:00","BATCH","04/14/2026 00:00:00","PVS_XP_2096","PVZ_UX032","1406","内分泌・代謝・栄養領域　　甲状腺腫瘍手術","","","","","",""
"06/13/2013 00:00:00","12/31/9999 00:00:00","False","itg02109","06/14/2013 00:00:00","BATCH","04/14/2026 00:00:00","PVS_XP_2096","PVZ_UX032","1407","内分泌・代謝・栄養領域　　甲状腺悪性腫瘍化学療法","","","","","",""
"06/13/2013 00:00:00","12/31/9999 00:00:00","False","itg02109","06/14/2013 00:00:00","BATCH","04/14/2026 00:00:00","PVS_XP_2096","PVZ_UX032","1408","内分泌・代謝・栄養領域　　甲状腺悪性腫瘍放射線療法","","","","","",""
"06/13/2013 00:00:00","12/31/9999 00:00:00","False","itg02109","06/14/2013 00:00:00","BATCH","04/14/2026 00:00:00","PVS_XP_2096","PVZ_UX032","1409","内分泌・代謝・栄養領域　　副腎悪性腫瘍手術","","","","","",""
"06/13/2013 00:00:00","12/31/9999 00:00:00","False","itg02109","06/14/2013 00:00:00","BATCH","04/14/2026 00:00:00","PVS_XP_2096","PVZ_UX032","1410","内分泌・代謝・栄養領域　　副腎腫瘍摘出術","","","","","",""
"06/13/2013 00:00:00","12/31/9999 00:00:00","False","itg02109","06/14/2013 00:00:00","BATCH","04/14/2026 00:00:00","PVS_XP_2096","PVZ_UX032","1501","血液・免疫系領域　　血液・免疫系領域の一次診療","","","","","",""
"06/13/2013 00:00:00","12/31/9999 00:00:00","False","itg02109","06/14/2013 00:00:00","BATCH","04/14/2026 00:00:00","PVS_XP_2096","PVZ_UX032","1502","血液・免疫系領域　　骨髄生検","","","","","",""
"06/13/2013 00:00:00","12/31/9999 00:00:00","False","itg02109","06/14/2013 00:00:00","BATCH","04/14/2026 00:00:00","PVS_XP_2096","PVZ_UX032","1503","血液・免疫系領域　　リンパ節生検","","","","","",""
"06/13/2013 00:00:00","12/31/9999 00:00:00","False","itg02109","06/14/2013 00:00:00","BATCH","04/14/2026 00:00:00","PVS_XP_2096","PVZ_UX032","1504","血液・免疫系領域　　血液細胞核酸増幅同定検査","","","","","",""
"06/13/2013 00:00:00","12/31/9999 00:00:00","False","itg02109","06/14/2013 00:00:00","BATCH","04/14/2026 00:00:00","PVS_XP_2096","PVZ_UX032","1505","血液・免疫系領域　　白血病化学療法","","","","","",""
"06/13/2013 00:00:00","12/31/9999 00:00:00","False","itg02109","06/14/2013 00:00:00","BATCH","04/14/2026 00:00:00","PVS_XP_2096","PVZ_UX032","1506","血液・免疫系領域　　白血病放射線療法","","","","","",""
"06/13/2013 00:00:00","12/31/9999 00:00:00","False","itg02109","06/14/2013 00:00:00","BATCH","04/14/2026 00:00:00","PVS_XP_2096","PVZ_UX032","1507","血液・免疫系領域　　骨髄移植","","","","","",""
"06/13/2013 00:00:00","12/31/9999 00:00:00","False","itg02109","06/14/2013 00:00:00","BATCH","04/14/2026 00:00:00","PVS_XP_2096","PVZ_UX032","1508","血液・免疫系領域　　臍帯血移植","","","","","",""
"06/13/2013 00:00:00","12/31/9999 00:00:00","False","itg02109","06/14/2013 00:00:00","BATCH","04/14/2026 00:00:00","PVS_XP_2096","PVZ_UX032","1509","血液・免疫系領域　　リンパ組織悪性腫瘍化学療法","","","","","",""
"06/13/2013 00:00:00","12/31/9999 00:00:00","False","itg02109","06/14/2013 00:00:00","BATCH","04/14/2026 00:00:00","PVS_XP_2096","PVZ_UX032","1510","血液・免疫系領域　　リンパ組織悪性腫瘍放射線療法","","","","","",""
"06/13/2013 00:00:00","12/31/9999 00:00:00","False","itg02109","06/14/2013 00:00:00","BATCH","04/14/2026 00:00:00","PVS_XP_2096","PVZ_UX032","1511","血液・免疫系領域　　血液凝固異常の診断・治療","","","","","",""
"06/13/2013 00:00:00","12/31/9999 00:00:00","False","itg02109","06/14/2013 00:00:00","BATCH","04/14/2026 00:00:00","PVS_XP_2096","PVZ_UX032","1512","血液・免疫系領域　　エイズ診療","","","","","",""
"06/13/2013 00:00:00","12/31/9999 00:00:00","False","itg02109","06/14/2013 00:00:00","BATCH","04/14/2026 00:00:00","PVS_XP_2096","PVZ_UX032","1513","血液・免疫系領域　　アレルギーの減感作療法","","","","","",""
"06/13/2013 00:00:00","12/31/9999 00:00:00","False","itg02109","06/14/2013 00:00:00","BATCH","04/14/2026 00:00:00","PVS_XP_2096","PVZ_UX032","1601","筋・骨格系及び外傷領域　　筋・骨格系及び外傷領域の一次診療","","","","","",""
"06/13/2013 00:00:00","12/31/9999 00:00:00","False","itg02109","06/14/2013 00:00:00","BATCH","04/14/2026 00:00:00","PVS_XP_2096","PVZ_UX032","1602","筋・骨格系及び外傷領域　　関節鏡検査","","","","","",""
"06/13/2013 00:00:00","12/31/9999 00:00:00","False","itg02109","06/14/2013 00:00:00","BATCH","04/14/2026 00:00:00","PVS_XP_2096","PVZ_UX032","1603","筋・骨格系及び外傷領域　　手の外科手術","","","","","",""
"06/13/2013 00:00:00","12/31/9999 00:00:00","False","itg02109","06/14/2013 00:00:00","BATCH","04/14/2026 00:00:00","PVS_XP_2096","PVZ_UX032","1604","筋・骨格系及び外傷領域　　アキレス腱断裂手術（筋・腱手術）","","","","","",""
"06/13/2013 00:00:00","12/31/9999 00:00:00","False","itg02109","06/14/2013 00:00:00","BATCH","04/14/2026 00:00:00","PVS_XP_2096","PVZ_UX032","1605","筋・骨格系及び外傷領域　　骨折観血的手術","","","","","",""
"06/13/2013 00:00:00","12/31/9999 00:00:00","False","itg02109","06/14/2013 00:00:00","BATCH","04/14/2026 00:00:00","PVS_XP_2096","PVZ_UX032","1606","筋・骨格系及び外傷領域　　人工股関節置換術（関節手術）","","","","","",""
"06/13/2013 00:00:00","12/31/9999 00:00:00","False","itg02109","06/14/2013 00:00:00","BATCH","04/14/2026 00:00:00","PVS_XP_2096","PVZ_UX032","1607","筋・骨格系及び外傷領域　　人工膝関節置換術（関節手術）","","","","","",""
"06/13/2013 00:00:00","12/31/9999 00:00:00","False","itg02109","06/14/2013 00:00:00","BATCH","04/14/2026 00:00:00","PVS_XP_2096","PVZ_UX032","1608","筋・骨格系及び外傷領域　　脊椎手術","","","","","",""
"06/13/2013 00:00:00","12/31/9999 00:00:00","False","itg02109","06/14/2013 00:00:00","BATCH","04/14/2026 00:00:00","PVS_XP_2096","PVZ_UX032","1609","筋・骨格系及び外傷領域　　椎間板摘出術","","","","","",""
"06/13/2013 00:00:00","12/31/9999 00:00:00","False","itg02109","06/14/2013 00:00:00","BATCH","04/14/2026 00:00:00","PVS_XP_2096","PVZ_UX032","1610","筋・骨格系及び外傷領域　　椎間板ヘルニアに対する内視鏡下椎間板摘出術","","","","","",""
"06/13/2013 00:00:00","12/31/9999 00:00:00","False","itg02109","06/14/2013 00:00:00","BATCH","04/14/2026 00:00:00","PVS_XP_2096","PVZ_UX032","1611","筋・骨格系及び外傷領域　　軟部悪性腫瘍手術","","","","","",""
"06/13/2013 00:00:00","12/31/9999 00:00:00","False","itg02109","06/14/2013 00:00:00","BATCH","04/14/2026 00:00:00","PVS_XP_2096","PVZ_UX032","1612","筋・骨格系及び外傷領域　　軟部悪性腫瘍化学療法","","","","","",""
"06/13/2013 00:00:00","12/31/9999 00:00:00","False","itg02109","06/14/2013 00:00:00","BATCH","04/14/2026 00:00:00","PVS_XP_2096","PVZ_UX032","1613","筋・骨格系及び外傷領域　　骨悪性腫瘍手術","","","","","",""
"06/13/2013 00:00:00","12/31/9999 00:00:00","False","itg02109","06/14/2013 00:00:00","BATCH","04/14/2026 00:00:00","PVS_XP_2096","PVZ_UX032","1614","筋・骨格系及び外傷領域　　骨悪性腫瘍化学療法","","","","","",""
"06/13/2013 00:00:00","12/31/9999 00:00:00","False","itg02109","06/14/2013 00:00:00","BATCH","04/14/2026 00:00:00","PVS_XP_2096","PVZ_UX032","1615","筋・骨格系及び外傷領域　　小児整形外科手術","","","","","",""
"06/13/2013 00:00:00","12/31/9999 00:00:00","False","itg02109","06/14/2013 00:00:00","BATCH","04/14/2026 00:00:00","PVS_XP_2096","PVZ_UX032","1616","筋・骨格系及び外傷領域　　義肢装具の作成及び評価","","","","","",""
"06/13/2013 00:00:00","12/31/9999 00:00:00","False","itg02109","06/14/2013 00:00:00","BATCH","04/14/2026 00:00:00","PVS_XP_2096","PVZ_UX032","1701","リハビリ領域　　視能訓練","","","","","",""
"06/13/2013 00:00:00","12/31/9999 00:00:00","False","itg02109","06/14/2013 00:00:00","BATCH","04/14/2026 00:00:00","PVS_XP_2096","PVZ_UX032","1702","リハビリ領域　　摂食機能療法","","","","","",""
"06/13/2013 00:00:00","12/31/9999 00:00:00","False","itg02109","06/14/2013 00:00:00","BATCH","04/14/2026 00:00:00","PVS_XP_2096","PVZ_UX032","1703","リハビリ領域　　心大血管疾患リハビリテーション","","","","","",""
"06/13/2013 00:00:00","12/31/9999 00:00:00","False","itg02109","06/14/2013 00:00:00","BATCH","04/14/2026 00:00:00","PVS_XP_2096","PVZ_UX032","1704","リハビリ領域　　脳血管疾患等リハビリテーション","","","","","",""
"06/13/2013 00:00:00","12/31/9999 00:00:00","False","itg02109","06/14/2013 00:00:00","BATCH","04/14/2026 00:00:00","PVS_XP_2096","PVZ_UX032","1705","リハビリ領域　　運動器リハビリテーション","","","","","",""
"06/13/2013 00:00:00","12/31/9999 00:00:00","False","itg02109","06/14/2013 00:00:00","BATCH","04/14/2026 00:00:00","PVS_XP_2096","PVZ_UX032","1706","リハビリ領域　　呼吸器リハビリテーション","","","","","",""
"06/13/2013 00:00:00","12/31/9999 00:00:00","False","itg02109","06/14/2013 00:00:00","BATCH","04/14/2026 00:00:00","PVS_XP_2096","PVZ_UX032","1707","リハビリ領域　　難病患者リハビリテーション","","","","","",""
"06/13/2013 00:00:00","12/31/9999 00:00:00","False","itg02109","06/14/2013 00:00:00","BATCH","04/14/2026 00:00:00","PVS_XP_2096","PVZ_UX032","1708","リハビリ領域　　障害児（者）リハビリテーション料","","","","","",""
"06/13/2013 00:00:00","12/31/9999 00:00:00","False","itg02109","06/14/2013 00:00:00","BATCH","04/14/2026 00:00:00","PVS_XP_2096","PVZ_UX032","1801","小児領域　　小児領域の一次診療","","","","","",""
"06/13/2013 00:00:00","12/31/9999 00:00:00","False","itg02109","06/14/2013 00:00:00","BATCH","04/14/2026 00:00:00","PVS_XP_2096","PVZ_UX032","1802","小児領域　　小児循環器疾患","","","","","",""
"06/13/2013 00:00:00","12/31/9999 00:00:00","False","itg02109","06/14/2013 00:00:00","BATCH","04/14/2026 00:00:00","PVS_XP_2096","PVZ_UX032","1803","小児領域　　小児呼吸器疾患","","","","","",""
"06/13/2013 00:00:00","12/31/9999 00:00:00","False","itg02109","06/14/2013 00:00:00","BATCH","04/14/2026 00:00:00","PVS_XP_2096","PVZ_UX032","1804","小児領域　　小児腎疾患","","","","","",""
"06/13/2013 00:00:00","12/31/9999 00:00:00","False","itg02109","06/14/2013 00:00:00","BATCH","04/14/2026 00:00:00","PVS_XP_2096","PVZ_UX032","1805","小児領域　　小児神経疾患","","","","","",""
"06/13/2013 00:00:00","12/31/9999 00:00:00","False","itg02109","06/14/2013 00:00:00","BATCH","04/14/2026 00:00:00","PVS_XP_2096","PVZ_UX032","1806","小児領域　　小児アレルギー疾患","","","","","",""
"06/13/2013 00:00:00","12/31/9999 00:00:00","False","itg02109","06/14/2013 00:00:00","BATCH","04/14/2026 00:00:00","PVS_XP_2096","PVZ_UX032","1807","小児領域　　小児自己免疫疾患","","","","","",""
"06/13/2013 00:00:00","12/31/9999 00:00:00","False","itg02109","06/14/2013 00:00:00","BATCH","04/14/2026 00:00:00","PVS_XP_2096","PVZ_UX032","1808","小児領域　　小児糖尿病","","","","","",""
"06/13/2013 00:00:00","12/31/9999 00:00:00","False","itg02109","06/14/2013 00:00:00","BATCH","04/14/2026 00:00:00","PVS_XP_2096","PVZ_UX032","1809","小児領域　　小児内分泌疾患","","","","","",""
"06/13/2013 00:00:00","12/31/9999 00:00:00","False","itg02109","06/14/2013 00:00:00","BATCH","04/14/2026 00:00:00","PVS_XP_2096","PVZ_UX032","1810","小児領域　　小児先天性代謝疾患","","","","","",""
"06/13/2013 00:00:00","12/31/9999 00:00:00","False","itg02109","06/14/2013 00:00:00","BATCH","04/14/2026 00:00:00","PVS_XP_2096","PVZ_UX032","1811","小児領域　　小児血液疾患","","","","","",""
"06/13/2013 00:00:00","12/31/9999 00:00:00","False","itg02109","06/14/2013 00:00:00","BATCH","04/14/2026 00:00:00","PVS_XP_2096","PVZ_UX032","1812","小児領域　　小児悪性腫瘍","","","","","",""
"06/13/2013 00:00:00","12/31/9999 00:00:00","False","itg02109","06/14/2013 00:00:00","BATCH","04/14/2026 00:00:00","PVS_XP_2096","PVZ_UX032","1813","小児領域　　小児外科手術","","","","","",""
"06/13/2013 00:00:00","12/31/9999 00:00:00","False","itg02109","06/14/2013 00:00:00","BATCH","04/14/2026 00:00:00","PVS_XP_2096","PVZ_UX032","1814","小児領域　　小児の脳炎・髄膜炎","","","","","",""
"06/13/2013 00:00:00","12/31/9999 00:00:00","False","itg02109","06/14/2013 00:00:00","BATCH","04/14/2026 00:00:00","PVS_XP_2096","PVZ_UX032","1815","小児領域　　小児の腸重積","","","","","",""
"06/13/2013 00:00:00","12/31/9999 00:00:00","False","itg02109","06/14/2013 00:00:00","BATCH","04/14/2026 00:00:00","PVS_XP_2096","PVZ_UX032","1816","小児領域　　乳幼児の育児相談","","","","","",""
"06/13/2013 00:00:00","12/31/9999 00:00:00","False","itg02109","06/14/2013 00:00:00","BATCH","04/14/2026 00:00:00","PVS_XP_2096","PVZ_UX032","1817","小児領域　　夜尿症の治療","","","","","",""
"06/13/2013 00:00:00","12/31/9999 00:00:00","False","itg02109","06/14/2013 00:00:00","BATCH","04/14/2026 00:00:00","PVS_XP_2096","PVZ_UX032","1818","小児領域　　小児食物アレルギー負荷検査","","","","","",""
"06/13/2013 00:00:00","12/31/9999 00:00:00","False","itg02109","06/14/2013 00:00:00","BATCH","04/14/2026 00:00:00","PVS_XP_2096","PVZ_UX032","1901","麻酔領域　　麻酔科標榜医による麻酔（麻酔管理）","","","","","",""
"06/13/2013 00:00:00","12/31/9999 00:00:00","False","itg02109","06/14/2013 00:00:00","BATCH","04/14/2026 00:00:00","PVS_XP_2096","PVZ_UX032","1902","麻酔領域　　全身麻酔","","","","","",""
"06/13/2013 00:00:00","12/31/9999 00:00:00","False","itg02109","06/14/2013 00:00:00","BATCH","04/14/2026 00:00:00","PVS_XP_2096","PVZ_UX032","1903","麻酔領域　　硬膜外麻酔","","","","","",""
"06/13/2013 00:00:00","12/31/9999 00:00:00","False","itg02109","06/14/2013 00:00:00","BATCH","04/14/2026 00:00:00","PVS_XP_2096","PVZ_UX032","1904","麻酔領域　　脊椎麻酔","","","","","",""
"06/13/2013 00:00:00","12/31/9999 00:00:00","False","itg02109","06/14/2013 00:00:00","BATCH","04/14/2026 00:00:00","PVS_XP_2096","PVZ_UX032","1905","麻酔領域　　神経ブロック","","","","","",""
"06/13/2013 00:00:00","12/31/9999 00:00:00","False","itg02109","06/14/2013 00:00:00","BATCH","04/14/2026 00:00:00","PVS_XP_2096","PVZ_UX032","1906","麻酔領域　　硬膜外ブロックにおける麻酔剤の持続注入","","","","","",""
"06/13/2013 00:00:00","12/31/9999 00:00:00","False","itg02109","06/14/2013 00:00:00","BATCH","04/14/2026 00:00:00","PVS_XP_2096","PVZ_UX032","2001","緩和ケア領域　　医療用麻薬によるがん疼痛治療","","","","","",""
"06/13/2013 00:00:00","12/31/9999 00:00:00","False","itg02109","06/14/2013 00:00:00","BATCH","04/14/2026 00:00:00","PVS_XP_2096","PVZ_UX032","2002","緩和ケア領域　　緩和的放射線療法","","","","","",""
"06/13/2013 00:00:00","12/31/9999 00:00:00","False","itg02109","06/14/2013 00:00:00","BATCH","04/14/2026 00:00:00","PVS_XP_2096","PVZ_UX032","2003","緩和ケア領域　　がんに伴う精神症状のケア","","","","","",""
"06/13/2013 00:00:00","12/31/9999 00:00:00","False","itg02109","06/14/2013 00:00:00","BATCH","04/14/2026 00:00:00","PVS_XP_2096","PVZ_UX032","2101","放射線治療領域　　体外照射","","","","","",""
"06/13/2013 00:00:00","12/31/9999 00:00:00","False","itg02109","06/14/2013 00:00:00","BATCH","04/14/2026 00:00:00","PVS_XP_2096","PVZ_UX032","2102","放射線治療領域　　ガンマナイフによる定位放射線治療","","","","","",""
"06/13/2013 00:00:00","12/31/9999 00:00:00","False","itg02109","06/14/2013 00:00:00","BATCH","04/14/2026 00:00:00","PVS_XP_2096","PVZ_UX032","2103","放射線治療領域　　直線加速器による定位放射線治療","","","","","",""
"06/13/2013 00:00:00","12/31/9999 00:00:00","False","itg02109","06/14/2013 00:00:00","BATCH","04/14/2026 00:00:00","PVS_XP_2096","PVZ_UX032","2104","放射線治療領域　　密封小線源照射","","","","","",""
"06/13/2013 00:00:00","12/31/9999 00:00:00","False","itg02109","06/14/2013 00:00:00","BATCH","04/14/2026 00:00:00","PVS_XP_2096","PVZ_UX032","2105","放射線治療領域　　術中照射","","","","","",""
"06/13/2013 00:00:00","12/31/9999 00:00:00","False","itg02109","06/14/2013 00:00:00","BATCH","04/14/2026 00:00:00","PVS_XP_2096","PVZ_UX032","2201","画像診断　　画像診断管理（専ら画像診断を担当する医師による読影）","","","","","",""
"06/13/2013 00:00:00","12/31/9999 00:00:00","False","itg02109","06/14/2013 00:00:00","BATCH","04/14/2026 00:00:00","PVS_XP_2096","PVZ_UX032","2202","画像診断　　遠隔画像診断","","","","","",""
"06/13/2013 00:00:00","12/31/9999 00:00:00","False","itg02109","06/14/2013 00:00:00","BATCH","04/14/2026 00:00:00","PVS_XP_2096","PVZ_UX032","2203","画像診断　　単純ＣＴ撮影","","","","","",""
"06/13/2013 00:00:00","12/31/9999 00:00:00","False","itg02109","06/14/2013 00:00:00","BATCH","04/14/2026 00:00:00","PVS_XP_2096","PVZ_UX032","2204","画像診断　　特殊ＣＴ撮影","","","","","",""
"06/13/2013 00:00:00","12/31/9999 00:00:00","False","itg02109","06/14/2013 00:00:00","BATCH","04/14/2026 00:00:00","PVS_XP_2096","PVZ_UX032","2205","画像診断　　ＭＲＩ撮影","","","","","",""
"06/13/2013 00:00:00","12/31/9999 00:00:00","False","itg02109","06/14/2013 00:00:00","BATCH","04/14/2026 00:00:00","PVS_XP_2096","PVZ_UX032","2206","画像診断　　マンモグラフィー検査（乳房撮影）","","","","","",""
"06/13/2013 00:00:00","12/31/9999 00:00:00","False","itg02109","06/14/2013 00:00:00","BATCH","04/14/2026 00:00:00","PVS_XP_2096","PVZ_UX032","2207","画像診断　　ポジトロン断層撮影（ＰＥＴ）又はポジトロン断層・コンピューター断層複合撮影","","","","","",""
"06/13/2013 00:00:00","12/31/9999 00:00:00","False","itg02109","06/14/2013 00:00:00","BATCH","04/14/2026 00:00:00","PVS_XP_2096","PVZ_UX032","2301","病理診断　　病理診断（専ら病理診断を担当する医師による診断）","","","","","",""
"06/13/2013 00:00:00","12/31/9999 00:00:00","False","itg02109","06/14/2013 00:00:00","BATCH","04/14/2026 00:00:00","PVS_XP_2096","PVZ_UX032","2302","病理診断　　病理迅速検査","","","","","",""
"06/13/2013 00:00:00","12/31/9999 00:00:00","False","itg02109","06/14/2013 00:00:00","BATCH","04/14/2026 00:00:00","PVS_XP_2096","PVZ_UX032","2401","歯科領域　　歯科領域の一次診療","","","","","",""
"06/13/2013 00:00:00","12/31/9999 00:00:00","False","itg02109","06/14/2013 00:00:00","BATCH","04/14/2026 00:00:00","PVS_XP_2096","PVZ_UX032","2402","歯科領域　　成人の歯科矯正治療","","","","","",""
"06/13/2013 00:00:00","12/31/9999 00:00:00","False","itg02109","06/14/2013 00:00:00","BATCH","04/14/2026 00:00:00","PVS_XP_2096","PVZ_UX032","2403","歯科領域　　唇顎口蓋裂の歯科矯正治療","","","","","",""
"06/13/2013 00:00:00","12/31/9999 00:00:00","False","itg02109","06/14/2013 00:00:00","BATCH","04/14/2026 00:00:00","PVS_XP_2096","PVZ_UX032","2404","歯科領域　　顎変形症の歯科矯正治療","","","","","",""
"06/13/2013 00:00:00","12/31/9999 00:00:00","False","itg02109","06/14/2013 00:00:00","BATCH","04/14/2026 00:00:00","PVS_XP_2096","PVZ_UX032","2405","歯科領域　　障害者の歯科治療","","","","","",""
"06/13/2013 00:00:00","12/31/9999 00:00:00","False","itg02109","06/14/2013 00:00:00","BATCH","04/14/2026 00:00:00","PVS_XP_2096","PVZ_UX032","2406","歯科領域　　摂食機能障害の治療","","","","","",""
"06/13/2013 00:00:00","12/31/9999 00:00:00","False","itg02109","06/14/2013 00:00:00","BATCH","04/14/2026 00:00:00","PVS_XP_2096","PVZ_UX032","2501","口腔外科領域　　埋伏歯抜歯","","","","","",""
"06/13/2013 00:00:00","12/31/9999 00:00:00","False","itg02109","06/14/2013 00:00:00","BATCH","04/14/2026 00:00:00","PVS_XP_2096","PVZ_UX032","2502","口腔外科領域　　顎関節症治療","","","","","",""
"06/13/2013 00:00:00","12/31/9999 00:00:00","False","itg02109","06/14/2013 00:00:00","BATCH","04/14/2026 00:00:00","PVS_XP_2096","PVZ_UX032","2503","口腔外科領域　　顎変形症治療","","","","","",""
"06/13/2013 00:00:00","12/31/9999 00:00:00","False","itg02109","06/14/2013 00:00:00","BATCH","04/14/2026 00:00:00","PVS_XP_2096","PVZ_UX032","2504","口腔外科領域　　顎骨骨折治療","","","","","",""
"06/13/2013 00:00:00","12/31/9999 00:00:00","False","itg02109","06/14/2013 00:00:00","BATCH","04/14/2026 00:00:00","PVS_XP_2096","PVZ_UX032","2505","口腔外科領域　　口唇・舌・口腔粘膜の炎症・外傷・腫瘍の治療","","","","","",""
"06/13/2013 00:00:00","12/31/9999 00:00:00","False","itg02109","06/14/2013 00:00:00","BATCH","04/14/2026 00:00:00","PVS_XP_2096","PVZ_UX032","2506","口腔外科領域　　唇顎口蓋裂治療","","","","","",""
"06/13/2013 00:00:00","12/31/9999 00:00:00","False","itg02109","06/14/2013 00:00:00","BATCH","04/14/2026 00:00:00","PVS_XP_2096","PVZ_UX032","2601","その他　　漢方医学","","","","","",""
"06/13/2013 00:00:00","12/31/9999 00:00:00","False","itg02109","06/14/2013 00:00:00","BATCH","04/14/2026 00:00:00","PVS_XP_2096","PVZ_UX032","2602","その他　　鍼灸治療","","","","","",""
"06/13/2013 00:00:00","12/31/9999 00:00:00","False","itg02109","06/14/2013 00:00:00","BATCH","04/14/2026 00:00:00","PVS_XP_2096","PVZ_UX032","2603","その他　　外来での化学療法","","","","","",""
"06/13/2013 00:00:00","12/31/9999 00:00:00","False","itg02109","06/14/2013 00:00:00","BATCH","04/14/2026 00:00:00","PVS_XP_2096","PVZ_UX032","2604","その他　　在宅における看取り","","","","","",""
"06/13/2013 00:00:00","12/31/9999 00:00:00","False","itg02109","06/14/2013 00:00:00","BATCH","04/14/2026 00:00:00","PVS_XP_2096","PVZ_UX032","PVZ_UX032","疾患治療コード","","","","","",""
"06/13/2013 00:00:00","12/31/9999 00:00:00","False","itg02109","06/14/2013 00:00:00","BATCH","04/14/2026 00:00:00","PVS_XP_2096","PVZ_UX033","101","日帰り手術　　皮膚、皮下腫瘍摘出術","","","","","",""
"06/13/2013 00:00:00","12/31/9999 00:00:00","False","itg02109","06/14/2013 00:00:00","BATCH","04/14/2026 00:00:00","PVS_XP_2096","PVZ_UX033","102","日帰り手術　　腋臭症手術","","","","","",""
"06/13/2013 00:00:00","12/31/9999 00:00:00","False","itg02109","06/14/2013 00:00:00","BATCH","04/14/2026 00:00:00","PVS_XP_2096","PVZ_UX033","103","日帰り手術　　半月板切除術","","","","","",""
"06/13/2013 00:00:00","12/31/9999 00:00:00","False","itg02109","06/14/2013 00:00:00","BATCH","04/14/2026 00:00:00","PVS_XP_2096","PVZ_UX033","104","日帰り手術　　手根管開放手術","","","","","",""
"06/13/2013 00:00:00","12/31/9999 00:00:00","False","itg02109","06/14/2013 00:00:00","BATCH","04/14/2026 00:00:00","PVS_XP_2096","PVZ_UX033","105","日帰り手術　　水晶体再建術","","","","","",""
"06/13/2013 00:00:00","12/31/9999 00:00:00","False","itg02109","06/14/2013 00:00:00","BATCH","04/14/2026 00:00:00","PVS_XP_2096","PVZ_UX033","106","日帰り手術　　乳腺腫瘍摘出術","","","","","",""
"06/13/2013 00:00:00","12/31/9999 00:00:00","False","itg02109","06/14/2013 00:00:00","BATCH","04/14/2026 00:00:00","PVS_XP_2096","PVZ_UX033","107","日帰り手術　　気管支狭窄拡張術","","","","","",""
"06/13/2013 00:00:00","12/31/9999 00:00:00","False","itg02109","06/14/2013 00:00:00","BATCH","04/14/2026 00:00:00","PVS_XP_2096","PVZ_UX033","108","日帰り手術　　気管支腫瘍摘出術","","","","","",""
"06/13/2013 00:00:00","12/31/9999 00:00:00","False","itg02109","06/14/2013 00:00:00","BATCH","04/14/2026 00:00:00","PVS_XP_2096","PVZ_UX033","109","日帰り手術　　ヘルニア手術","","","","","",""
"06/13/2013 00:00:00","12/31/9999 00:00:00","False","itg02109","06/14/2013 00:00:00","BATCH","04/14/2026 00:00:00","PVS_XP_2096","PVZ_UX033","110","日帰り手術　　内視鏡的胃・十二指腸ポリープ・粘膜切除術","","","","","",""
"06/13/2013 00:00:00","12/31/9999 00:00:00","False","itg02109","06/14/2013 00:00:00","BATCH","04/14/2026 00:00:00","PVS_XP_2096","PVZ_UX033","111","日帰り手術　　内視鏡的結腸ポリープ・粘膜切除術","","","","","",""
"06/13/2013 00:00:00","12/31/9999 00:00:00","False","itg02109","06/14/2013 00:00:00","BATCH","04/14/2026 00:00:00","PVS_XP_2096","PVZ_UX033","112","日帰り手術　　経尿道的レーザー前立腺切除術","","","","","",""
"06/13/2013 00:00:00","12/31/9999 00:00:00","False","itg02109","06/14/2013 00:00:00","BATCH","04/14/2026 00:00:00","PVS_XP_2096","PVZ_UX033","201","一泊二日手術　　関節鼠摘出術","","","","","",""
"06/13/2013 00:00:00","12/31/9999 00:00:00","False","itg02109","06/14/2013 00:00:00","BATCH","04/14/2026 00:00:00","PVS_XP_2096","PVZ_UX033","202","一泊二日手術　　半月板縫合術","","","","","",""
"06/13/2013 00:00:00","12/31/9999 00:00:00","False","itg02109","06/14/2013 00:00:00","BATCH","04/14/2026 00:00:00","PVS_XP_2096","PVZ_UX033","203","一泊二日手術　　靱帯断裂縫合術","","","","","",""
"06/13/2013 00:00:00","12/31/9999 00:00:00","False","itg02109","06/14/2013 00:00:00","BATCH","04/14/2026 00:00:00","PVS_XP_2096","PVZ_UX033","204","一泊二日手術　　胸腔鏡下交感神経節切除術","","","","","",""
"06/13/2013 00:00:00","12/31/9999 00:00:00","False","itg02109","06/14/2013 00:00:00","BATCH","04/14/2026 00:00:00","PVS_XP_2096","PVZ_UX033","205","一泊二日手術　　顎下線腫瘍摘出術","","","","","",""
"06/13/2013 00:00:00","12/31/9999 00:00:00","False","itg02109","06/14/2013 00:00:00","BATCH","04/14/2026 00:00:00","PVS_XP_2096","PVZ_UX033","206","一泊二日手術　　甲状腺部分切除術、甲状腺腫摘出術","","","","","",""
"06/13/2013 00:00:00","12/31/9999 00:00:00","False","itg02109","06/14/2013 00:00:00","BATCH","04/14/2026 00:00:00","PVS_XP_2096","PVZ_UX033","207","一泊二日手術　　下肢静脈瘤手術","","","","","",""
"06/13/2013 00:00:00","12/31/9999 00:00:00","False","itg02109","06/14/2013 00:00:00","BATCH","04/14/2026 00:00:00","PVS_XP_2096","PVZ_UX033","208","一泊二日手術　　腹腔鏡下胆嚢摘出術","","","","","",""
"06/13/2013 00:00:00","12/31/9999 00:00:00","False","itg02109","06/14/2013 00:00:00","BATCH","04/14/2026 00:00:00","PVS_XP_2096","PVZ_UX033","209","一泊二日手術　　腹腔鏡下虫垂切除術","","","","","",""
"06/13/2013 00:00:00","12/31/9999 00:00:00","False","itg02109","06/14/2013 00:00:00","BATCH","04/14/2026 00:00:00","PVS_XP_2096","PVZ_UX033","210","一泊二日手術　　痔核手術","","","","","",""
"06/13/2013 00:00:00","12/31/9999 00:00:00","False","itg02109","06/14/2013 00:00:00","BATCH","04/14/2026 00:00:00","PVS_XP_2096","PVZ_UX033","211","一泊二日手術　　経尿道的尿路結石除去術","","","","","",""
"06/13/2013 00:00:00","12/31/9999 00:00:00","False","itg02109","06/14/2013 00:00:00","BATCH","04/14/2026 00:00:00","PVS_XP_2096","PVZ_UX033","212","一泊二日手術　　尿失禁手術","","","","","",""
"06/13/2013 00:00:00","12/31/9999 00:00:00","False","itg02109","06/14/2013 00:00:00","BATCH","04/14/2026 00:00:00","PVS_XP_2096","PVZ_UX033","213","一泊二日手術　　子宮頸部切除術","","","","","",""
"06/13/2013 00:00:00","12/31/9999 00:00:00","False","itg02109","06/14/2013 00:00:00","BATCH","04/14/2026 00:00:00","PVS_XP_2096","PVZ_UX033","214","一泊二日手術　　子宮鏡下子宮筋腫摘出術","","","","","",""
"06/13/2013 00:00:00","12/31/9999 00:00:00","False","itg02109","06/14/2013 00:00:00","BATCH","04/14/2026 00:00:00","PVS_XP_2096","PVZ_UX033","215","一泊二日手術　　子宮附属器腫瘍摘出術","","","","","",""
"06/13/2013 00:00:00","12/31/9999 00:00:00","False","itg02109","06/14/2013 00:00:00","BATCH","04/14/2026 00:00:00","PVS_XP_2096","PVZ_UX033","PVZ_UX033","短期滞在手術コード","","","","","",""
"06/13/2013 00:00:00","12/31/9999 00:00:00","False","itg02109","06/14/2013 00:00:00","BATCH","04/14/2026 00:00:00","PVS_XP_2096","PVZ_UX034","001","内科","","","","","",""
"06/13/2013 00:00:00","12/31/9999 00:00:00","False","itg02109","06/14/2013 00:00:00","BATCH","04/14/2026 00:00:00","PVS_XP_2096","PVZ_UX034","002","外科","","","","","",""
"06/13/2013 00:00:00","12/31/9999 00:00:00","False","itg02109","06/14/2013 00:00:00","BATCH","04/14/2026 00:00:00","PVS_XP_2096","PVZ_UX034","003","消化器","","","","","",""
"06/13/2013 00:00:00","12/31/9999 00:00:00","False","itg02109","06/14/2013 00:00:00","BATCH","04/14/2026 00:00:00","PVS_XP_2096","PVZ_UX034","004","循環器","","","","","",""
"06/13/2013 00:00:00","12/31/9999 00:00:00","False","itg02109","06/14/2013 00:00:00","BATCH","04/14/2026 00:00:00","PVS_XP_2096","PVZ_UX034","005","呼吸器","","","","","",""
"06/13/2013 00:00:00","12/31/9999 00:00:00","False","itg02109","06/14/2013 00:00:00","BATCH","04/14/2026 00:00:00","PVS_XP_2096","PVZ_UX034","006","内分泌・代謝・甲状腺・乳腺","","","","","",""
"06/13/2013 00:00:00","12/31/9999 00:00:00","False","itg02109","06/14/2013 00:00:00","BATCH","04/14/2026 00:00:00","PVS_XP_2096","PVZ_UX034","007","血液・腫瘍","","","","","",""
"06/13/2013 00:00:00","12/31/9999 00:00:00","False","itg02109","06/14/2013 00:00:00","BATCH","04/14/2026 00:00:00","PVS_XP_2096","PVZ_UX034","008","腎臓・透析","","","","","",""
"06/13/2013 00:00:00","12/31/9999 00:00:00","False","itg02109","06/14/2013 00:00:00","BATCH","04/14/2026 00:00:00","PVS_XP_2096","PVZ_UX034","009","膠原病・アレルギー・リウマチ","","","","","",""
"06/13/2013 00:00:00","12/31/9999 00:00:00","False","itg02109","06/14/2013 00:00:00","BATCH","04/14/2026 00:00:00","PVS_XP_2096","PVZ_UX034","010","感染症","","","","","",""
"06/13/2013 00:00:00","12/31/9999 00:00:00","False","itg02109","06/14/2013 00:00:00","BATCH","04/14/2026 00:00:00","PVS_XP_2096","PVZ_UX034","011","血管外科","","","","","",""
"06/13/2013 00:00:00","12/31/9999 00:00:00","False","itg02109","06/14/2013 00:00:00","BATCH","04/14/2026 00:00:00","PVS_XP_2096","PVZ_UX034","012","心臓・心臓血管","","","","","",""
"06/13/2013 00:00:00","12/31/9999 00:00:00","False","itg02109","06/14/2013 00:00:00","BATCH","04/14/2026 00:00:00","PVS_XP_2096","PVZ_UX034","013","移植","","","","","",""
"06/13/2013 00:00:00","12/31/9999 00:00:00","False","itg02109","06/14/2013 00:00:00","BATCH","04/14/2026 00:00:00","PVS_XP_2096","PVZ_UX034","014","肛門科・ストーマ","","","","","",""
"06/13/2013 00:00:00","12/31/9999 00:00:00","False","itg02109","06/14/2013 00:00:00","BATCH","04/14/2026 00:00:00","PVS_XP_2096","PVZ_UX034","015","整形外科・スポーツ整形","","","","","",""
"06/13/2013 00:00:00","12/31/9999 00:00:00","False","itg02109","06/14/2013 00:00:00","BATCH","04/14/2026 00:00:00","PVS_XP_2096","PVZ_UX034","016","リハビリテーション","","","","","",""
"06/13/2013 00:00:00","12/31/9999 00:00:00","False","itg02109","06/14/2013 00:00:00","BATCH","04/14/2026 00:00:00","PVS_XP_2096","PVZ_UX034","017","脳神経外科","","","","","",""
"06/13/2013 00:00:00","12/31/9999 00:00:00","False","itg02109","06/14/2013 00:00:00","BATCH","04/14/2026 00:00:00","PVS_XP_2096","PVZ_UX034","018","老年","","","","","",""
"06/13/2013 00:00:00","12/31/9999 00:00:00","False","itg02109","06/14/2013 00:00:00","BATCH","04/14/2026 00:00:00","PVS_XP_2096","PVZ_UX034","019","心療内科","","","","","",""
"06/13/2013 00:00:00","12/31/9999 00:00:00","False","itg02109","06/14/2013 00:00:00","BATCH","04/14/2026 00:00:00","PVS_XP_2096","PVZ_UX034","020","精神神経科・神経内科","","","","","",""
"06/13/2013 00:00:00","12/31/9999 00:00:00","False","itg02109","06/14/2013 00:00:00","BATCH","04/14/2026 00:00:00","PVS_XP_2096","PVZ_UX034","021","放射線","","","","","",""
"06/13/2013 00:00:00","12/31/9999 00:00:00","False","itg02109","06/14/2013 00:00:00","BATCH","04/14/2026 00:00:00","PVS_XP_2096","PVZ_UX034","022","麻酔科・ペインクリニック","","","","","",""
"06/13/2013 00:00:00","12/31/9999 00:00:00","False","itg02109","06/14/2013 00:00:00","BATCH","04/14/2026 00:00:00","PVS_XP_2096","PVZ_UX034","023","産科・婦人科","","","","","",""
"06/13/2013 00:00:00","12/31/9999 00:00:00","False","itg02109","06/14/2013 00:00:00","BATCH","04/14/2026 00:00:00","PVS_XP_2096","PVZ_UX034","024","美容外科・形成外科・皮膚科","","","","","",""
"06/13/2013 00:00:00","12/31/9999 00:00:00","False","itg02109","06/14/2013 00:00:00","BATCH","04/14/2026 00:00:00","PVS_XP_2096","PVZ_UX034","025","泌尿器科","","","","","",""
"06/13/2013 00:00:00","12/31/9999 00:00:00","False","itg02109","06/14/2013 00:00:00","BATCH","04/14/2026 00:00:00","PVS_XP_2096","PVZ_UX034","026","眼科","","","","","",""
"06/13/2013 00:00:00","12/31/9999 00:00:00","False","itg02109","06/14/2013 00:00:00","BATCH","04/14/2026 00:00:00","PVS_XP_2096","PVZ_UX034","027","耳鼻咽喉科","","","","","",""
"06/13/2013 00:00:00","12/31/9999 00:00:00","False","itg02109","06/14/2013 00:00:00","BATCH","04/14/2026 00:00:00","PVS_XP_2096","PVZ_UX034","028","がん・緩和ケア","","","","","",""
"06/13/2013 00:00:00","12/31/9999 00:00:00","False","itg02109","06/14/2013 00:00:00","BATCH","04/14/2026 00:00:00","PVS_XP_2096","PVZ_UX034","029","新生児","","","","","",""
"06/13/2013 00:00:00","12/31/9999 00:00:00","False","itg02109","06/14/2013 00:00:00","BATCH","04/14/2026 00:00:00","PVS_XP_2096","PVZ_UX034","030","小児科","","","","","",""
"06/13/2013 00:00:00","12/31/9999 00:00:00","False","itg02109","06/14/2013 00:00:00","BATCH","04/14/2026 00:00:00","PVS_XP_2096","PVZ_UX034","031","小児外科","","","","","",""
"06/13/2013 00:00:00","12/31/9999 00:00:00","False","itg02109","06/14/2013 00:00:00","BATCH","04/14/2026 00:00:00","PVS_XP_2096","PVZ_UX034","032","歯科・口腔外科","","","","","",""
"06/13/2013 00:00:00","12/31/9999 00:00:00","False","itg02109","06/14/2013 00:00:00","BATCH","04/14/2026 00:00:00","PVS_XP_2096","PVZ_UX034","033","臨床検査","","","","","",""
"06/13/2013 00:00:00","12/31/9999 00:00:00","False","itg02109","06/14/2013 00:00:00","BATCH","04/14/2026 00:00:00","PVS_XP_2096","PVZ_UX034","034","遺伝","","","","","",""
"06/13/2013 00:00:00","12/31/9999 00:00:00","False","itg02109","06/14/2013 00:00:00","BATCH","04/14/2026 00:00:00","PVS_XP_2096","PVZ_UX034","035","漢方・東洋医学","","","","","",""
"06/13/2013 00:00:00","12/31/9999 00:00:00","False","itg02109","06/14/2013 00:00:00","BATCH","04/14/2026 00:00:00","PVS_XP_2096","PVZ_UX034","036","義肢・装具","","","","","",""
"06/13/2013 00:00:00","12/31/9999 00:00:00","False","itg02109","06/14/2013 00:00:00","BATCH","04/14/2026 00:00:00","PVS_XP_2096","PVZ_UX034","PVZ_UX034","専門外来分類補助コード","","","","","",""
