"Dairiten_CD","TekiyoKaishi_DT","TekiyoShuryo_DT","Del_FLG","Sakuseisha_ID","Sakusei_DT","SakuseiProgram_ID","Koshinsha_ID","Koshin_DT","KoshinProgram_ID","DaihyoDairi_CD","Dairiten_NG","Blockdairi_CD","IchijiDairi_CD","SalsTokei_KBN","SitnDirtn_FLG","DaiSeisak_KBN","PrintI_CTL","PrintYK_CTL","Keikakutani_FLG","DairitenKenkei_KBN","RyutuBuin_CD","Kurini_FLG"
"01001","10/01/2025 00:00:00","12/31/9999 00:00:00","0","itg39895","09/16/2025 14:52:46","PVU_EX_1400","itg39895","09/16/2025 14:52:46","PVU_EX_1400","23048","（株）スズケン愛生舘営業部","01001","","3","3","3","001","001","5","","ecl08969","1"
"01003","10/01/2025 00:00:00","12/31/9999 00:00:00","0","itg39895","09/16/2025 14:04:48","PVU_EX_1400","itg39895","09/16/2025 14:04:48","PVU_EX_1400","13015","東邦薬品（株）北海道営業部","","","1","1","1","005","","1","","ecl08969","1"
"01005","10/13/2022 00:00:00","12/31/9999 00:00:00","0","itg04213","04/24/2018 13:37:16","PVU_EX_1400","itg04213","04/24/2018 13:37:16","PVU_EX_1400","01005","（株）モロオ","01005","","3","3","3","003","003","1","","ecl08969","1"
"01020","04/05/2022 00:00:00","12/31/9999 00:00:00","0","itg19647","04/05/2022 15:50:06","PVU_EX_1400","itg19647","04/05/2022 15:50:06","PVU_EX_1400","01020","（株）ほくやく","01020","","3","3","3","004","006","1","","ecl07372","1"
"01029","04/15/2020 00:00:00","12/31/9999 00:00:00","0","itg40916","10/10/2019 09:37:18","PVU_EX_1400","itg40916","10/10/2019 09:37:18","PVU_EX_1400","01029","北海道厚生連　医薬品課","01029","","1","1","3","007","","","","ecl07372","0"
"01048","01/14/2021 00:00:00","12/31/9999 00:00:00","0","itg36186","01/14/2021 15:42:49","PVU_EX_1400","itg36186","01/14/2021 15:53:23","PVU_EX_1400","13803","（株）井田両国堂　札幌店","01048","","","","3","","","","","","0"
"01049","10/09/2020 00:00:00","12/31/9999 00:00:00","0","itg04213","03/11/2019 09:21:41","PVU_EX_1400","itg04213","03/11/2019 09:21:41","PVU_EX_1400","40035","株）リードヘルスケア北海道","01049","","2","2","3","004","006","","","","1"
"01050","10/09/2020 00:00:00","12/31/9999 00:00:00","0","itg04213","10/09/2020 13:08:16","PVU_EX_1400","itg04213","10/09/2020 13:08:16","PVU_EX_1400","27803","（株）Ｐａｌｔａｃ北海道Ｒ","01050","","3","2","3","001","001","","","","1"
"01051","10/01/2025 00:00:00","12/31/9999 00:00:00","0","itg45886","04/03/2025 08:51:21","PVU_EX_1400","itg45886","04/03/2025 08:51:21","PVU_EX_1400","13159","メディセオ北海東北統括営業","01051","","1","1","1","","","1","","ecl10504","1"
"01053","10/01/2025 00:00:00","12/31/9999 00:00:00","0","itg04213","04/16/2025 11:45:56","PVU_EX_1400","itg04213","04/16/2025 11:45:56","PVU_EX_1400","13148","アルフレッサ（株）北海道","","","1","","3","010","","1","","","0"
"01888","01/01/2000 00:00:00","12/31/9999 00:00:00","0","","03/29/2018 18:50:00","803001","","03/29/2018 18:50:00","803001","","北海道の代理店","","","","","3","","","","","","0"
"01889","01/01/2000 00:00:00","12/31/9999 00:00:00","0","","03/29/2018 18:50:00","803001","","03/29/2018 18:50:00","803001","","北海道の代理店","","","","","3","","","","","","0"
"02001","05/01/2013 00:00:00","12/31/9999 00:00:00","0","ecld0918","03/29/2018 18:50:00","803001","ecld0918","03/29/2018 18:50:00","803001","04040","（株）アスカム青森支店","02001","","3","3","3","107","002","1","","","1"
"02003","05/01/2013 00:00:00","12/31/9999 00:00:00","0","ecl07868","03/29/2018 18:50:00","803001","ecl07868","03/29/2018 18:50:00","803001","02003","（株）ショウエ－","02003","","1","3","3","401","043","1","","","1"
"02004","10/10/2019 00:00:00","12/31/9999 00:00:00","0","itg04213","09/13/2018 16:18:25","PVU_EX_1400","itg04213","09/13/2018 16:18:25","PVU_EX_1400","","（株）小田島青森","","","1","3","3","201","003","5","","","1"
"02017","10/01/2025 00:00:00","12/31/9999 00:00:00","0","itg04213","04/16/2025 11:44:46","PVU_EX_1400","itg04213","04/16/2025 11:44:46","PVU_EX_1400","23048","（株）スズケン青森営業部","04504","","1","3","3","251","500","5","","ecl08449","1"
"02018","04/16/2025 00:00:00","12/31/9999 00:00:00","0","itg04283","04/16/2025 13:59:00","PVU_EX_1400","itg04283","04/16/2025 13:59:00","PVU_EX_1400","04041","（株）バイタルネット青森","","","3","3","3","111","001","5","","ecl08449","1"
"02026","04/16/2025 00:00:00","12/31/9999 00:00:00","0","itg04283","04/16/2025 13:59:39","PVU_EX_1400","itg04283","04/16/2025 13:59:39","PVU_EX_1400","07004","東北アルフレッサ（株）青森","07004","","1","3","3","301","600","5","","ecl08449","1"
"02027","10/01/2025 00:00:00","12/31/9999 00:00:00","0","itg04283","04/16/2025 14:00:10","PVU_EX_1400","itg04283","04/16/2025 14:00:10","PVU_EX_1400","13015","東邦薬品（株）青森営業部","","","1","3","3","151","002","1","","ecl08449","1"
"02888","01/01/2000 00:00:00","12/31/9999 00:00:00","0","","03/29/2018 18:50:00","803001","","03/29/2018 18:50:00","803001","","青森の代理店","","","","","3","","","","","","0"
"02889","01/01/2000 00:00:00","12/31/9999 00:00:00","0","","03/29/2018 18:50:00","803001","","03/29/2018 18:50:00","803001","","青森の代理店","","","","","3","","","","","","0"
"03002","10/10/2019 00:00:00","12/31/9999 00:00:00","0","itg04213","09/13/2018 16:18:48","PVU_EX_1400","itg04213","09/13/2018 16:18:48","PVU_EX_1400","","（株）小田島","","","1","3","3","202","003","5","","","1"
"03005","04/16/2025 00:00:00","12/31/9999 00:00:00","0","itg04283","04/16/2025 14:00:54","PVU_EX_1400","itg04283","04/16/2025 14:00:54","PVU_EX_1400","03005","（株）スズケン岩手","03005","","1","3","3","256","031","5","","ecl08449","1"
"03010","10/01/2018 00:00:00","12/31/9999 00:00:00","0","itg04213","09/14/2018 09:38:56","PVU_EX_1400","itg04213","09/14/2018 09:38:56","PVU_EX_1400","03010","（株）佐藤薬局","","03027","","","3","601","036","","","","0"
"03019","04/16/2025 00:00:00","12/31/9999 00:00:00","0","itg04283","04/16/2025 14:01:31","PVU_EX_1400","itg04283","04/16/2025 14:01:31","PVU_EX_1400","04041","（株）バイタルネット岩手","","","1","3","3","112","001","5","","ecl08449","1"
"03025","05/01/2013 00:00:00","12/31/9999 00:00:00","0","ecld0918","03/29/2018 18:50:00","803001","ecld0918","03/29/2018 18:50:00","803001","04040","（株）アスカム岩手支店","03025","","1","3","3","108","002","1","","","1"
"03027","04/16/2025 00:00:00","12/31/9999 00:00:00","0","itg04283","04/16/2025 14:02:02","PVU_EX_1400","itg04283","04/16/2025 14:02:02","PVU_EX_1400","07004","東北アルフレッサ（株）岩手","07004","","1","3","3","302","040","5","","ecl08449","1"
"03028","10/01/2025 00:00:00","12/31/9999 00:00:00","0","itg04283","04/16/2025 14:03:18","PVU_EX_1400","itg04283","04/16/2025 14:03:18","PVU_EX_1400","13015","東邦薬品（株）岩手営業部","","","1","3","3","153","002","1","","ecl08449","1"
"03031","04/01/2018 00:00:00","12/31/9999 00:00:00","0","itg04213","03/31/2018 16:18:21","PVU_EX_1400","itg04213","03/31/2018 16:18:21","PVU_EX_1400","","株式会社小田島アクティ","","","1","1","1","","","","","","0"
"03888","01/01/2000 00:00:00","12/31/9999 00:00:00","0","","03/29/2018 18:50:00","803001","","03/29/2018 18:50:00","803001","","岩手の代理店","","","","","3","","","","","","0"
"03889","01/01/2000 00:00:00","12/31/9999 00:00:00","0","","03/29/2018 18:50:00","803001","","03/29/2018 18:50:00","803001","","岩手の代理店","","","","","3","","","","","","0"
"04001","04/15/2024 00:00:00","12/31/9999 00:00:00","0","itg43581","04/15/2024 11:51:36","PVU_EX_1400","itg43581","04/15/2024 11:51:36","PVU_EX_1400","04041","（株）バイタルネット宮城","","","3","3","3","113","001","5","","ecl07689","1"
"04002","10/10/2019 00:00:00","12/31/9999 00:00:00","0","itg04213","09/13/2018 16:19:19","PVU_EX_1400","itg04213","09/13/2018 16:19:19","PVU_EX_1400","","（株）小田島宮城","","","1","3","3","203","003","5","","","1"
"04003","05/21/2018 00:00:00","12/31/9999 00:00:00","0","itg04213","05/21/2018 14:20:04","PVU_EX_1400","itg04213","05/21/2018 14:20:04","PVU_EX_1400","","バイタルＪＤ","","","","","1","","","","","","0"
"04004","05/01/2013 00:00:00","12/31/9999 00:00:00","0","ecld0918","03/29/2018 18:50:00","803001","ecld0918","03/29/2018 18:50:00","803001","04040","（株）アスカム宮城支店","04004","","3","3","3","109","002","1","","","1"
"04005","04/15/2020 00:00:00","12/31/9999 00:00:00","0","itg40916","02/08/2019 10:03:59","PVU_EX_1400","itg40916","02/08/2019 10:03:59","PVU_EX_1400","","イワキ（株）仙台支店","04005","","1","3","3","005","005","","","","0"
"04006","01/15/2021 00:00:00","12/31/9999 00:00:00","0","itg36186","01/15/2021 13:54:29","PVU_EX_1400","itg36186","01/15/2021 13:54:29","PVU_EX_1400","13803","（株）井田両国堂　仙台店","04006","","","","3","","","","","","0"
"04014","04/15/2024 00:00:00","12/31/9999 00:00:00","0","itg43581","04/15/2024 11:52:32","PVU_EX_1400","itg43581","04/15/2024 11:52:32","PVU_EX_1400","15022","（株）マルタケ仙台","","","1","3","3","501","011","","","ecl07689","0"
"04019","01/01/2000 00:00:00","12/31/9999 00:00:00","0","ecld0918","03/29/2018 18:50:00","803001","ecld0918","03/29/2018 18:50:00","803001","","純正化学メディカル事業所","","13049","","3","3","","","","","","0"
"04020","01/01/2000 00:00:00","12/31/9999 00:00:00","0","ecld0918","03/29/2018 18:50:00","803001","ecld0918","03/29/2018 18:50:00","803001","04005","小泉薬品（株）","","04005","","","3","013","013","","","","0"
"04030","10/09/2020 00:00:00","12/31/9999 00:00:00","0","itg04213","10/09/2020 13:09:52","PVU_EX_1400","itg04213","10/09/2020 13:09:52","PVU_EX_1400","27803","（株）Ｐａｌｔａｃ東北支社","04030","","2","2","2","999","","","","","0"
"04040","05/01/2013 00:00:00","12/31/9999 00:00:00","0","ecl04187","03/29/2018 18:50:00","803001","ecl04187","03/29/2018 18:50:00","803001","04040","（株）アスカム","","","3","3","3","002","002","","","","1"
"04041","10/09/2020 00:00:00","12/31/9999 00:00:00","0","itg04213","10/09/2020 13:10:58","PVU_EX_1400","itg04213","10/09/2020 13:10:58","PVU_EX_1400","04041","（株）バイタルネット","","","3","","3","001","001","","","","1"
"04042","10/01/2025 00:00:00","12/31/9999 00:00:00","0","itg46273","09/12/2025 11:50:06","PVU_EX_1400","itg46273","09/12/2025 11:50:06","PVU_EX_1400","04041","（株）バイタルネット本社","04001","","3","","3","551","001","","","ecl07689","1"
"04044","10/09/2020 00:00:00","12/31/9999 00:00:00","0","itg04213","03/12/2019 15:20:15","PVU_EX_1400","itg04213","03/12/2019 15:20:15","PVU_EX_1400","13181","（株）リードヘルスケア東北","04044","","3","","3","139","001","","","","1"
"04045","04/15/2020 00:00:00","12/31/9999 00:00:00","0","itg35320","04/15/2020 09:26:10","PVU_EX_1400","itg35320","04/15/2020 09:26:10","PVU_EX_1400","27803","（株）Ｐａｌｔａｃ東北","04045","","2","","3","","","","","","0"
"04046","04/16/2025 00:00:00","12/31/9999 00:00:00","0","itg04283","04/16/2025 14:06:17","PVU_EX_1400","itg04283","04/16/2025 14:06:17","PVU_EX_1400","07004","東北アルフレッサ（株）宮城","07004","","1","3","3","303","020","5","","ecl10504","1"
"04048","10/01/2025 00:00:00","12/31/9999 00:00:00","0","itg46273","09/16/2025 13:49:22","PVU_EX_1400","itg46273","09/16/2025 13:49:22","PVU_EX_1400","13159","メディセオ南東北統括営業部","01051","","1","1","3","351","","1","","","1"
"04050","10/09/2020 00:00:00","12/31/9999 00:00:00","0","itg04213","05/25/2018 11:07:02","PVU_EX_1400","itg04213","05/25/2018 11:15:44","PVU_EX_1400","40035","株）リードヘルスケア東日本","04044","","3","","3","139","001","","","","1"
"04051","10/01/2025 00:00:00","12/31/9999 00:00:00","0","itg43581","04/15/2024 11:56:34","PVU_EX_1400","itg43581","04/15/2024 11:56:34","PVU_EX_1400","13015","東邦薬品（株）宮城営業部","","","1","3","3","154","002","1","","ecl07689","1"
"04504","10/01/2025 00:00:00","12/31/9999 00:00:00","0","itg43581","04/15/2024 11:57:13","PVU_EX_1400","itg43581","04/15/2024 11:57:13","PVU_EX_1400","23048","（株）スズケン仙台営業部","04504","","1","3","3","252","015","5","","ecl07689","1"
"04888","01/01/2000 00:00:00","12/31/9999 00:00:00","0","","03/29/2018 18:50:00","803001","","03/29/2018 18:50:00","803001","","宮城の代理店","","","","","3","","","","","","0"
"04889","01/01/2000 00:00:00","12/31/9999 00:00:00","0","","03/29/2018 18:50:00","803001","","03/29/2018 18:50:00","803001","","宮城の代理店","","","","","3","","","","","","0"
"04890","10/09/2020 00:00:00","12/31/9999 00:00:00","0","itg04213","10/09/2020 13:14:15","PVU_EX_1400","itg04213","10/09/2020 13:14:15","PVU_EX_1400","13012","アルフレッサＨＣ北海道東北","13012","","2","2","2","237","","","","","0"
"05003","10/10/2019 00:00:00","12/31/9999 00:00:00","0","itg04213","09/13/2018 16:19:50","PVU_EX_1400","itg04213","09/13/2018 16:19:50","PVU_EX_1400","","（株）小田島秋田","","","1","3","3","204","003","5","","","1"
"05007","04/16/2025 00:00:00","12/31/9999 00:00:00","0","itg04283","04/16/2025 14:06:51","PVU_EX_1400","itg04283","04/16/2025 14:06:51","PVU_EX_1400","04041","（株）バイタルネット秋田","","","3","3","3","114","001","5","","ecl08449","1"
"05013","10/01/2025 00:00:00","12/31/9999 00:00:00","0","itg04283","04/16/2025 14:07:20","PVU_EX_1400","itg04283","04/16/2025 14:07:20","PVU_EX_1400","23048","（株）スズケン秋田営業部","04504","","1","3","3","253","015","5","","ecl08449","1"
"05016","04/16/2025 00:00:00","12/31/9999 00:00:00","0","itg04283","04/16/2025 14:08:00","PVU_EX_1400","itg04283","04/16/2025 14:08:00","PVU_EX_1400","07004","東北アルフレッサ（株）秋田","07004","","1","3","3","304","050","5","","ecl08449","1"
"05017","10/01/2025 00:00:00","12/31/9999 00:00:00","0","itg46273","09/16/2025 13:53:11","PVU_EX_1400","itg46273","09/16/2025 13:53:11","PVU_EX_1400","13159","メディセオ北東北統括営業部","01051","","1","1","3","352","039","1","","","1"
"05018","10/01/2025 00:00:00","12/31/9999 00:00:00","0","itg04283","04/16/2025 14:08:39","PVU_EX_1400","itg04283","04/16/2025 14:08:39","PVU_EX_1400","13015","東邦薬品（株）秋田営業部","","","1","3","3","152","010","1","","ecl08449","1"
"05888","01/01/2000 00:00:00","12/31/9999 00:00:00","0","","03/29/2018 18:50:00","803001","","03/29/2018 18:50:00","803001","","秋田の代理店","","","","","3","","","","","","0"
"05889","01/01/2000 00:00:00","12/31/9999 00:00:00","0","","03/29/2018 18:50:00","803001","","03/29/2018 18:50:00","803001","","秋田の代理店","","","","","3","","","","","","0"
"06002","05/01/2013 00:00:00","12/31/9999 00:00:00","0","ecld0918","03/29/2018 18:50:00","803001","ecld0918","03/29/2018 18:50:00","803001","04040","（株）アスカム山形支店","06002","","3","3","3","110","002","1","","","1"
"06007","04/15/2024 00:00:00","12/31/9999 00:00:00","0","itg43581","04/15/2024 11:57:47","PVU_EX_1400","itg43581","04/15/2024 11:57:47","PVU_EX_1400","15022","（株）マルタケ山形","","","1","3","3","502","028","","","ecl07689","1"
"06010","04/15/2024 00:00:00","12/31/9999 00:00:00","0","itg43581","04/15/2024 11:58:16","PVU_EX_1400","itg43581","04/15/2024 11:58:16","PVU_EX_1400","04041","（株）バイタルネット山形","","","3","3","3","115","001","5","","ecl07689","1"
"06014","10/01/2025 00:00:00","12/31/9999 00:00:00","0","itg43581","04/15/2024 11:58:41","PVU_EX_1400","itg43581","04/15/2024 11:58:41","PVU_EX_1400","23048","（株）スズケン山形営業部","04504","","1","3","3","254","","1","","ecl07689","1"
"06015","04/15/2024 00:00:00","12/31/9999 00:00:00","0","itg43581","04/15/2024 11:59:14","PVU_EX_1400","itg43581","04/15/2024 11:59:14","PVU_EX_1400","07004","東北アルフレッサ（株）山形","07004","","1","3","3","305","030","5","","ecl07689","1"
"06016","10/01/2025 00:00:00","12/31/9999 00:00:00","0","itg43581","04/15/2024 11:59:51","PVU_EX_1400","itg43581","04/15/2024 11:59:51","PVU_EX_1400","13015","東邦薬品（株）山形営業部","","","1","3","3","155","002","1","","ecl07689","1"
"06888","01/01/2000 00:00:00","12/31/9999 00:00:00","0","","03/29/2018 18:50:00","803001","","03/29/2018 18:50:00","803001","","山形の代理店","","","","","3","","","","","","0"
"06889","01/01/2000 00:00:00","12/31/9999 00:00:00","0","","03/29/2018 18:50:00","803001","","03/29/2018 18:50:00","803001","","山形の代理店","","","","","3","","","","","","0"
"07001","05/01/2013 00:00:00","12/31/9999 00:00:00","0","ecld0918","03/29/2018 18:50:00","803001","ecld0918","03/29/2018 18:50:00","803001","04040","（株）アスカム福島支店","07001","","3","3","3","111","002","1","","","1"
"07002","04/01/2026 00:00:00","12/31/9999 00:00:00","0","itg36186","03/12/2026 15:47:37","PVU_EX_1400","itg19647","03/12/2026 16:31:46","PVU_EX_1400","07004","東北アルフレッサ（株）本社","","","","","3","","","","","","0"
"07004","10/16/2024 00:00:00","12/31/9999 00:00:00","0","itg04213","10/16/2024 11:36:36","PVU_EX_1400","itg04213","10/16/2024 11:36:36","PVU_EX_1400","07004","東北アルフレッサ（株）","07004","","1","3","3","306","017","5","","","1"
"07005","04/16/2025 00:00:00","12/31/9999 00:00:00","0","itg04283","04/16/2025 14:09:26","PVU_EX_1400","itg04283","04/16/2025 14:09:26","PVU_EX_1400","07004","東北アルフレッサ（株）福島","07004","","1","3","3","306","017","5","","ecl10504","1"
"07020","10/10/2019 00:00:00","12/31/9999 00:00:00","0","itg04213","09/13/2018 16:21:02","PVU_EX_1400","itg04213","09/13/2018 16:21:02","PVU_EX_1400","","（株）小田島福島","","","1","3","3","205","003","5","","","1"
"07022","04/16/2025 00:00:00","12/31/9999 00:00:00","0","itg04283","04/16/2025 14:10:13","PVU_EX_1400","itg04283","04/16/2025 14:10:13","PVU_EX_1400","04041","（株）バイタルネット福島","","","3","3","3","116","001","5","","ecl10504","1"
"07025","10/01/2025 00:00:00","12/31/9999 00:00:00","0","itg04283","04/16/2025 14:11:01","PVU_EX_1400","itg04283","04/16/2025 14:11:01","PVU_EX_1400","23048","（株）スズケン福島営業部","04504","","1","3","3","255","015","5","","ecl10504","1"
"07027","12/01/2013 00:00:00","12/31/9999 00:00:00","0","ecl04321","03/29/2018 18:50:00","803001","ecl04321","03/29/2018 18:50:00","803001","23017","シーエス薬品（株）東北営業","07027","","3","3","3","017","017","","","","1"
"07028","10/01/2025 00:00:00","12/31/9999 00:00:00","0","itg04283","04/16/2025 14:11:30","PVU_EX_1400","itg04283","04/16/2025 14:11:30","PVU_EX_1400","13015","東邦薬品（株）福島営業部","","","1","3","3","156","002","1","","ecl10504","1"
"07031","04/15/2020 00:00:00","12/31/9999 00:00:00","0","itg40916","02/08/2019 10:27:49","PVU_EX_1400","itg40916","02/08/2019 10:27:49","PVU_EX_1400","07031","（株）杏栄薬品","","","","","3","420","","","","","0"
"07888","01/01/2000 00:00:00","12/31/9999 00:00:00","0","","03/29/2018 18:50:00","803001","","03/29/2018 18:50:00","803001","","福島の代理店","","","","","3","","","","","","0"
"07889","01/01/2000 00:00:00","12/31/9999 00:00:00","0","","03/29/2018 18:50:00","803001","","03/29/2018 18:50:00","803001","","福島の代理店","","","","","3","","","","","","0"
"08007","02/08/2019 00:00:00","12/31/9999 00:00:00","0","itg40916","02/08/2019 10:02:06","PVU_EX_1400","itg40916","02/08/2019 10:02:06","PVU_EX_1400","","岩渕薬品（株）水戸店","08007","","1","3","3","318","","","","","1"
"08010","10/01/2025 00:00:00","12/31/9999 00:00:00","0","itg43581","04/15/2024 12:00:53","PVU_EX_1400","itg43581","04/15/2024 12:00:53","PVU_EX_1400","23048","（株）スズケン茨城営業部","08010","","1","1","3","202","","1","","ecl07316","1"
"08021","10/01/2025 00:00:00","12/31/9999 00:00:00","0","itg45886","04/03/2025 08:53:54","PVU_EX_1400","itg45886","04/03/2025 08:53:54","PVU_EX_1400","13159","メディセオ北関東統括営業部","08021","","1","1","3","105","005","1","","ecl07316","1"
"08095","10/01/2025 00:00:00","12/31/9999 00:00:00","0","itg43581","04/15/2024 12:05:02","PVU_EX_1400","itg43581","04/15/2024 12:05:02","PVU_EX_1400","13015","東邦薬品（株）茨城営業部","","","3","3","3","203","","1","","ecl07316","1"
"08504","04/01/2026 00:00:00","12/31/9999 00:00:00","0","itg37786","02/16/2026 16:49:30","PVU_EX_1400","itg37786","02/16/2026 16:49:30","PVU_EX_1400","13148","アルフレッサ北関東甲信越","","","1","1","3","201","","5","","ecl07316","1"
"08888","01/01/2000 00:00:00","12/31/9999 00:00:00","0","ecl04742","03/29/2018 18:50:00","803001","ecl04742","03/29/2018 18:50:00","803001","","茨城の代理店","","","","","3","","","","","","0"
"08889","01/01/2000 00:00:00","12/31/9999 00:00:00","0","ecl04742","03/29/2018 18:50:00","803001","ecl04742","03/29/2018 18:50:00","803001","","茨城の代理店","","","","","3","","","","","","0"
"09003","04/15/2024 00:00:00","12/31/9999 00:00:00","0","itg43581","04/15/2024 12:07:06","PVU_EX_1400","itg43581","04/15/2024 12:07:06","PVU_EX_1400","09003","ナカノ薬品（株）","09003","","1","1","1","102","","1","","ecl07316","1"
"09012","04/15/2024 00:00:00","12/31/9999 00:00:00","0","itg43581","04/15/2024 12:07:42","PVU_EX_1400","itg43581","04/15/2024 12:07:42","PVU_EX_1400","04041","（株）バイタルネット栃木","","","1","3","3","104","","5","","ecl07316","1"
"09013","10/01/2025 00:00:00","12/31/9999 00:00:00","0","itg43581","04/15/2024 13:15:36","PVU_EX_1400","itg43581","04/15/2024 13:15:36","PVU_EX_1400","13015","東邦薬品（株）栃木営業部","","","1","3","3","103","004","1","","ecl07316","1"
"09015","10/01/2025 00:00:00","12/31/9999 00:00:00","0","itg43581","04/15/2024 13:16:01","PVU_EX_1400","itg43581","04/15/2024 13:16:01","PVU_EX_1400","13148","アルフレッサ（株）栃木","","","1","1","3","101","","5","","ecl07316","1"
"09016","10/01/2025 00:00:00","12/31/9999 00:00:00","0","itg43581","04/15/2024 13:16:29","PVU_EX_1400","itg43581","04/15/2024 13:16:29","PVU_EX_1400","13015","東邦薬品（株）薬粧事業部","","","1","","3","995","004","","","ecl07316","0"
"09888","01/01/2000 00:00:00","12/31/9999 00:00:00","0","ecl04742","03/29/2018 18:50:00","803001","ecl04742","03/29/2018 18:50:00","803001","","栃木の代理店","","","","","3","","","","","","0"
"09889","01/01/2000 00:00:00","12/31/9999 00:00:00","0","ecld0913","03/29/2018 18:50:00","803001","ecld0913","03/29/2018 18:50:00","803001","","栃木の代理店","","","","","3","","","","","","0"
"10002","10/01/2025 00:00:00","12/31/9999 00:00:00","0","itg04213","10/16/2024 11:40:47","PVU_EX_1400","itg04213","10/16/2024 11:40:47","PVU_EX_1400","13015","東邦薬品（株）群馬営業部","","","1","1","3","303","","1","","ecl09214","1"
"10008","10/10/2019 00:00:00","12/31/9999 00:00:00","0","itg40916","02/08/2019 09:36:03","PVU_EX_1400","itg40916","02/08/2019 09:36:03","PVU_EX_1400","","（株）Ｐａｌｔａｃ春日部","","","","","3","","","","","","0"
"10009","10/01/2025 00:00:00","12/31/9999 00:00:00","0","itg04213","10/16/2024 11:41:24","PVU_EX_1400","itg04213","10/16/2024 11:41:24","PVU_EX_1400","23048","（株）スズケン群馬営業部","08010","","1","1","3","302","","1","","ecl09214","1"
"10018","10/01/2025 00:00:00","12/31/9999 00:00:00","0","itg04213","10/16/2024 11:41:55","PVU_EX_1400","itg04213","10/16/2024 11:41:55","PVU_EX_1400","13148","アルフレッサ（株）群馬","","","1","3","3","301","","5","","ecl09214","1"
"10022","10/09/2020 00:00:00","12/31/9999 00:00:00","0","itg04213","10/09/2020 13:15:48","PVU_EX_1400","itg04213","10/09/2020 13:15:48","PVU_EX_1400","27803","（株）ＰＡＬＴＡＣ東京第二","10023","","2","","3","","","","","","0"
"10023","10/09/2020 00:00:00","12/31/9999 00:00:00","0","itg04213","10/09/2020 13:16:23","PVU_EX_1400","itg04213","10/09/2020 13:16:23","PVU_EX_1400","27803","（株）ＰＡＬＴＡＣ東京第二","10023","","2","","3","","","","","","0"
"10024","11/01/2016 00:00:00","12/31/9999 00:00:00","0","ecld0918","03/29/2018 18:50:00","803001","ecld0918","03/29/2018 18:50:00","803001","10024","（株）須江薬品","","","1","","3","304","","1","","","1"
"10888","01/01/2000 00:00:00","12/31/9999 00:00:00","0","ecl04742","03/29/2018 18:50:00","803001","ecl04742","03/29/2018 18:50:00","803001","","群馬の代理店","","","","","3","","","","","","0"
"10889","01/01/2000 00:00:00","12/31/9999 00:00:00","0","ecl04742","03/29/2018 18:50:00","803001","ecl04742","03/29/2018 18:50:00","803001","","群馬の代理店","","","","","3","","","","","","0"
"11004","10/01/2025 00:00:00","12/31/9999 00:00:00","0","itg39895","09/16/2025 14:59:14","PVU_EX_1400","itg39895","09/16/2025 14:59:14","PVU_EX_1400","23048","（株）スズケン埼玉営業部","13163","","1","1","1","224","","1","","ecl06189","1"
"11008","10/01/2025 00:00:00","12/31/9999 00:00:00","0","itg39895","09/16/2025 14:12:09","PVU_EX_1400","itg39895","09/16/2025 14:12:09","PVU_EX_1400","13015","東邦薬品（株）埼玉営業部","","","1","3","1","226","","1","","ecl06189","1"
"11009","04/01/2026 00:00:00","12/31/9999 00:00:00","0","itg37786","02/17/2026 16:28:13","PVU_EX_1400","itg37786","02/17/2026 16:28:13","PVU_EX_1400","13148","アルフレッサ首都圏","","","1","1","1","223","","5","","ecl06189","1"
"11022","12/01/2013 00:00:00","12/31/9999 00:00:00","0","ecl04321","03/29/2018 18:50:00","803001","ecl04321","03/29/2018 18:50:00","803001","23017","シーエス薬品（株）北関東営","","","3","","3","","","","","","0"
"11024","04/15/2020 00:00:00","12/31/9999 00:00:00","0","itg40916","02/08/2019 09:38:30","PVU_EX_1400","itg40916","02/08/2019 09:38:30","PVU_EX_1400","11024","（株）カクサン","11024","","1","1","1","229","","","","","1"
"11026","10/01/2025 00:00:00","12/31/9999 00:00:00","0","itg46273","09/16/2025 13:55:20","PVU_EX_1400","itg46273","09/16/2025 13:55:20","PVU_EX_1400","13159","メディセオ埼玉統括営業部","13160","","1","1","3","222","","1","","ecl06189","1"
"11111","01/01/2013 00:00:00","12/31/9999 00:00:00","0","ips00015","03/29/2018 18:50:00","803001","ips00015","03/29/2018 18:50:00","803001","11111","実績振替用","","","","","3","","","","","","0"
"11887","08/29/2016 00:00:00","12/31/9999 00:00:00","0","ITSP","03/30/2018 00:00:00","ENW","ITSP","03/30/2018 00:00:00","ENW","","アイン一括購入","","","","","3","","","","","","0"
"11888","01/01/2000 00:00:00","12/31/9999 00:00:00","0","ecl04742","03/29/2018 18:50:00","803001","ecl04742","03/29/2018 18:50:00","803001","","埼玉の代理店","","","","","3","","","","","","0"
"11889","01/01/2000 00:00:00","12/31/9999 00:00:00","0","ecl04742","03/29/2018 18:50:00","803001","ecl04742","03/29/2018 18:50:00","803001","","埼玉の代理店","","","","","3","","","","","","0"
"11890","04/15/2020 00:00:00","12/31/9999 00:00:00","0","itg40916","02/08/2019 10:06:03","PVU_EX_1400","itg40916","02/08/2019 10:06:03","PVU_EX_1400","","アルフレッサＨＣ関東支社","11890","","2","2","2","","","","","","0"
"12001","04/15/2021 00:00:00","12/31/9999 00:00:00","0","itg04213","04/15/2019 11:59:52","PVU_EX_1400","itg04213","04/15/2019 11:59:52","PVU_EX_1400","12001","岩渕薬品（株）","12001","","1","3","3","210","014","1","","ecl06828","1"
"12004","10/01/2025 00:00:00","12/31/9999 00:00:00","0","itg39895","09/16/2025 14:59:47","PVU_EX_1400","itg39895","09/16/2025 14:59:47","PVU_EX_1400","23048","（株）スズケン千葉営業部","13163","","1","1","1","209","","1","","ecl06828","1"
"12008","10/01/2025 00:00:00","12/31/9999 00:00:00","0","itg39895","09/16/2025 14:12:47","PVU_EX_1400","itg39895","09/16/2025 14:12:47","PVU_EX_1400","13015","東邦薬品（株）千葉営業部","","","1","3","1","211","","1","","ecl06828","1"
"12010","10/01/2025 00:00:00","12/31/9999 00:00:00","0","itg39895","09/16/2025 14:43:09","PVU_EX_1400","itg39895","09/16/2025 14:43:09","PVU_EX_1400","13148","アルフレッサ（株）千葉","","","1","1","1","208","","5","","ecl06828","1"
"12033","10/09/2020 00:00:00","12/31/9999 00:00:00","0","itg04213","10/09/2020 13:17:07","PVU_EX_1400","itg04213","10/09/2020 13:17:07","PVU_EX_1400","27803","（株）ＰＡＬＴＡＣ東京第一","12033","","2","","3","","","","","","0"
"12037","10/01/2025 00:00:00","12/31/9999 00:00:00","0","itg46273","09/16/2025 13:57:05","PVU_EX_1400","itg46273","09/16/2025 13:57:05","PVU_EX_1400","13159","メディセオ千葉統括営業部","13160","","1","1","3","207","","1","","ecl06828","1"
"12888","01/01/2000 00:00:00","12/31/9999 00:00:00","0","ecl04742","03/29/2018 18:50:00","803001","ecl04742","03/29/2018 18:50:00","803001","","千葉の代理店","","","","","3","","","","","","0"
"12889","01/01/2000 00:00:00","12/31/9999 00:00:00","0","ecl04742","03/29/2018 18:50:00","803001","ecl04742","03/29/2018 18:50:00","803001","","千葉の代理店","","","","","3","","","","","","0"
"13001","05/08/2019 00:00:00","12/31/9999 00:00:00","0","itg40916","05/08/2019 10:46:14","PVU_EX_1400","itg40916","05/08/2019 12:05:12","PVU_EX_1400","13001","株式会社メッツ","","","","","3","001","","","","","0"
"13002","04/25/2022 00:00:00","12/31/9999 00:00:00","0","itg19647","04/25/2022 15:53:45","PVU_EX_1400","itg19647","04/25/2022 15:53:45","PVU_EX_1400","","ＥＡファーマの代理店","","","3","3","3","","","","","","0"
"13003","10/09/2020 00:00:00","12/31/9999 00:00:00","0","itg04213","04/19/2018 18:50:05","PVU_EX_1400","itg04213","04/19/2018 18:50:05","PVU_EX_1400","13003","イワキ株式会社","13003","","2","3","2","236","003","","","","0"
"13004","04/01/2026 00:00:00","12/31/9999 00:00:00","0","itg36186","03/03/2026 10:12:45","PVU_EX_1400","itg36186","03/03/2026 10:12:45","PVU_EX_1400","13148","アルフレッサ共同仕入部","","","","","1","","","","","","0"
"13010","04/15/2024 00:00:00","12/31/9999 00:00:00","0","itg43581","04/15/2024 13:17:41","PVU_EX_1400","itg43581","04/15/2024 13:17:41","PVU_EX_1400","13010","酒井薬品（株）","13010","","1","3","1","205","022","1","","ecl10170","1"
"13012","10/09/2020 00:00:00","12/31/9999 00:00:00","0","itg04213","10/09/2020 13:18:48","PVU_EX_1400","itg04213","10/09/2020 13:18:48","PVU_EX_1400","13012","アルフレッサヘルスケア（株","13012","","2","2","2","237","","","","","0"
"13013","10/01/2025 00:00:00","12/31/9999 00:00:00","0","itg46273","09/12/2025 11:32:41","PVU_EX_1400","itg46273","09/12/2025 11:32:41","PVU_EX_1400","13015","東邦薬品（株）東京営業部","13013","","1","3","1","206","024","1","","ecl10170","1"
"13014","12/04/2025 00:00:00","12/31/9999 00:00:00","0","itg45886","09/12/2025 10:24:57","PVU_EX_1400","itg45886","09/12/2025 10:30:08","PVU_EX_1400","13015","東邦薬品グループ","","","","","1","","","","","","1"
"13015","12/04/2025 00:00:00","12/31/9999 00:00:00","0","itg45886","10/28/2024 15:07:57","PVU_EX_1400","itg45886","10/28/2024 15:07:57","PVU_EX_1400","13015","東邦薬品（株）","","","","","1","","","","","","1"
"13017","04/01/2026 00:00:00","12/31/9999 00:00:00","0","itg37786","02/16/2026 16:52:46","PVU_EX_1400","itg37786","02/16/2026 16:52:46","PVU_EX_1400","13148","アルフレッサ東京","","","1","1","1","202","","5","","ecl10157","1"
"13038","10/09/2020 00:00:00","12/31/9999 00:00:00","0","itg04213","10/09/2020 13:19:26","PVU_EX_1400","itg04213","10/09/2020 13:19:26","PVU_EX_1400","","森川産業株式会社","","","","","3","","","","","","0"
"13049","04/01/2017 00:00:00","12/31/9999 00:00:00","0","ecl07868","03/29/2018 18:50:00","803001","ecl07868","03/29/2018 18:50:00","803001","13049","積水メディカル株式会社","13049","","","1","3","001","","","","","0"
"13078","04/15/2024 00:00:00","12/31/9999 00:00:00","0","itg43581","04/15/2024 13:19:23","PVU_EX_1400","itg43581","04/15/2024 13:19:23","PVU_EX_1400","04041","（株）バイタルネット東京","","","1","3","3","233","","5","","ecl10157","1"
"13079","12/04/2025 00:00:00","12/31/9999 00:00:00","0","itg46273","09/12/2025 11:18:48","PVU_EX_1400","itg46273","09/12/2025 11:18:48","PVU_EX_1400","04041","バイタルケーエスケーＨＤ","","","","","3","","","","","","1"
"13093","10/09/2020 00:00:00","12/31/9999 00:00:00","0","ecl04904","03/29/2018 18:50:00","803001","ecl04904","03/29/2018 18:50:00","803001","13093","中央物産株式会社","13093","","","","3","","","","","","0"
"13099","04/15/2024 00:00:00","12/31/9999 00:00:00","0","itg43581","04/15/2024 13:20:31","PVU_EX_1400","itg43581","04/15/2024 13:20:31","PVU_EX_1400","15022","（株）マルタケ東京","","","1","3","3","230","028","","","ecl10157","1"
"13147","12/02/2025 00:00:00","12/31/9999 00:00:00","0","itg45886","09/12/2025 10:25:50","PVU_EX_1400","itg45886","09/12/2025 10:25:50","PVU_EX_1400","13148","アルフレッサグループ","","","","","1","","","","","","1"
"13148","11/27/2025 00:00:00","12/31/9999 00:00:00","0","itg39895","10/28/2024 16:10:31","PVU_EX_1400","itg39895","10/28/2024 16:10:31","PVU_EX_1400","13148","アルフレッサ（株）","","","","","1","","","","","","1"
"13149","04/01/2026 00:00:00","12/31/9999 00:00:00","0","itg37786","02/17/2026 16:38:08","PVU_EX_1400","itg37786","02/17/2026 16:38:08","PVU_EX_1400","13148","アルフレッサ医薬営業","13149","","1","1","1","202","","","","ecl10157","1"
"13153","12/01/2013 00:00:00","12/31/9999 00:00:00","0","ecl04321","03/29/2018 18:50:00","803001","ecl04321","03/29/2018 18:50:00","803001","23017","シ－エス薬品（株）関東営業","13153","","3","3","3","238","","","","","1"
"13157","10/09/2020 00:00:00","12/31/9999 00:00:00","0","itg04213","10/09/2020 13:22:32","PVU_EX_1400","itg04213","10/09/2020 13:22:32","PVU_EX_1400","13157","株式会社　大木","13157","","2","3","2","234","001","","","","0"
"13159","12/04/2025 00:00:00","12/31/9999 00:00:00","0","itg39895","10/28/2024 16:15:05","PVU_EX_1400","itg39895","10/28/2024 16:15:05","PVU_EX_1400","13159","（株）メディセオ","","","","","3","","","","","","1"
"13160","10/01/2025 00:00:00","12/31/9999 00:00:00","0","itg46273","09/12/2025 11:44:59","PVU_EX_1400","itg46273","09/12/2025 11:44:59","PVU_EX_1400","13159","メディセオ東京統括営業部","13160","","1","1","3","201","","1","","ecl10170","1"
"13161","04/01/2026 00:00:00","12/31/9999 00:00:00","0","itg37786","02/20/2026 14:45:01","PVU_EX_1400","itg37786","02/20/2026 14:45:01","PVU_EX_1400","13159","メディセオメディカル営本部","13160","","1","1","3","","","","","ecl05886","0"
"13162","04/01/2026 00:00:00","12/31/9999 00:00:00","0","itg37786","02/20/2026 14:55:02","PVU_EX_1400","itg37786","02/20/2026 14:55:02","PVU_EX_1400","13159","メディセオ首都圏Ｇ営業部","13160","","1","1","3","","","1","","ecl10170","1"
"13163","10/01/2025 00:00:00","12/31/9999 00:00:00","0","itg43581","04/15/2024 13:23:08","PVU_EX_1400","itg43581","04/15/2024 13:23:08","PVU_EX_1400","23048","スズケン東京中央営業部","13163","","1","1","1","203","","1","","ecl10157","1"
"13164","10/01/2025 00:00:00","12/31/9999 00:00:00","0","itg43581","04/15/2024 13:23:38","PVU_EX_1400","itg43581","04/15/2024 13:23:38","PVU_EX_1400","23048","スズケン東京病院営業部","13163","","1","1","1","203","","1","","ecl10157","1"
"13165","10/01/2025 00:00:00","12/31/9999 00:00:00","0","itg43581","04/15/2024 13:24:10","PVU_EX_1400","itg43581","04/15/2024 13:24:10","PVU_EX_1400","23048","スズケン東京多摩営業部","13163","","1","1","1","203","","1","","ecl10157","1"
"13180","10/01/2025 00:00:00","12/31/9999 00:00:00","0","itg46273","09/16/2025 14:26:22","PVU_EX_1400","itg46273","09/16/2025 14:26:22","PVU_EX_1400","13159","メディセオ南東京統括営業部","13160","","1","1","3","202","","1","","","1"
"13181","10/09/2020 00:00:00","12/31/9999 00:00:00","0","itg36186","04/09/2019 14:51:18","PVU_EX_1400","itg36186","04/09/2019 14:51:18","PVU_EX_1400","40035","（株）リードＨＣ　首都圏","13181","","","","3","","","","","","0"
"13193","10/09/2019 00:00:00","12/31/9999 00:00:00","0","ecl07060","03/29/2018 18:50:00","803001","ecl07060","03/29/2018 18:50:00","803001","13193","全老健共済会","13193","","1","1","1","","","","","ecl05687","0"
"13200","09/01/2017 00:00:00","12/31/9999 00:00:00","0","ecl04750","03/29/2018 18:50:00","803001","ecl04750","03/29/2018 18:50:00","803001","13200","ＨＳ","13200","","","1","1","","","","","","0"
"13201","10/01/2017 00:00:00","12/31/9999 00:00:00","0","ecl07652","03/29/2018 18:50:00","803001","ecl07652","03/29/2018 18:50:00","803001","13201","医）北斗会メデックス","13201","","1","1","1","","","","","ecl09558","0"
"13214","04/01/2018 00:00:00","12/31/9999 00:00:00","0","itg04213","03/31/2018 16:23:32","PVU_EX_1400","itg04213","03/31/2018 16:23:32","PVU_EX_1400","","ヘルシーフード株式会社","","","1","1","1","","","","","","0"
"13217","03/01/2019 00:00:00","12/31/9999 00:00:00","0","itg04213","02/15/2019 13:50:35","PVU_EX_1400","itg04213","02/15/2019 14:14:31","PVU_EX_1400","13217","セコムメディファーマ（株）","13217","","1","1","1","","","","","ecl09300","0"
"13777","01/01/2000 00:00:00","12/31/9999 00:00:00","0","eclbatch","03/29/2018 18:50:00","803001","eclbatch","03/29/2018 18:50:00","803001","13777","自衛隊本部","13777","","1","1","1","","","","","","0"
"13803","10/09/2020 00:00:00","12/31/9999 00:00:00","0","itg04213","10/09/2020 13:24:14","PVU_EX_1400","itg04213","10/09/2020 13:24:14","PVU_EX_1400","13803","（株）井田両国堂","13803","","","","3","","","","","","0"
"13888","01/01/2000 00:00:00","12/31/9999 00:00:00","0","","03/29/2018 18:50:00","803001","","03/29/2018 18:50:00","803001","","東京の代理店","","","","","3","","","","","","0"
"13889","01/01/2000 00:00:00","12/31/9999 00:00:00","0","","03/29/2018 18:50:00","803001","","03/29/2018 18:50:00","803001","","東京の代理店","","","","","3","","","","","","0"
"13982","02/08/2019 00:00:00","12/31/9999 00:00:00","0","itg40916","02/08/2019 10:07:37","PVU_EX_1400","itg40916","02/08/2019 10:07:37","PVU_EX_1400","","丹平中田（株）新","","","2","2","2","237","","","","","0"
"13983","04/03/2025 00:00:00","12/31/9999 00:00:00","0","itg19647","04/03/2025 13:42:09","PVU_EX_1400","itg19647","04/03/2025 13:42:09","PVU_EX_1400","13012","アルフレッサＨＣ関東支社","","","2","2","2","","","","","","0"
"13984","10/09/2020 00:00:00","12/31/9999 00:00:00","0","itg04213","10/09/2020 13:25:20","PVU_EX_1400","itg04213","10/09/2020 13:25:20","PVU_EX_1400","13012","アルフレッサＨＣ広域支社","13984","","2","2","2","","","","","","0"
"13985","04/15/2020 00:00:00","12/31/9999 00:00:00","0","itg40916","02/08/2019 10:10:54","PVU_EX_1400","itg40916","02/08/2019 10:10:54","PVU_EX_1400","","アルフレッサＨＣ広域第二","13985","","2","2","2","","","","","","0"
"13986","04/15/2020 00:00:00","12/31/9999 00:00:00","0","itg40916","02/08/2019 10:13:37","PVU_EX_1400","itg40916","02/08/2019 10:13:37","PVU_EX_1400","","アルフレッサＨＣ広域第三","13986","","2","2","2","","","","","","0"
"13990","01/01/2014 00:00:00","12/31/9999 00:00:00","0","ips00015","03/29/2018 18:50:00","803001","ips00015","03/29/2018 18:50:00","803001","","ＤＣＢ販路統計代理店","","","","","3","","","","","","0"
"14001","05/08/2018 00:00:00","12/31/9999 00:00:00","0","itg04213","05/08/2018 15:13:25","PVU_EX_1400","itg04213","05/08/2018 15:42:19","PVU_EX_1400","","神奈川東和薬品株式会社","","","","","1","","","","","","0"
"14002","05/08/2018 00:00:00","12/31/9999 00:00:00","0","itg04213","05/08/2018 15:24:46","PVU_EX_1400","itg04213","05/08/2018 15:40:22","PVU_EX_1400","","相模薬品株式会社","","","","","1","","","","","","0"
"14005","10/01/2025 00:00:00","12/31/9999 00:00:00","0","itg04283","04/16/2025 14:13:00","PVU_EX_1400","itg04283","04/16/2025 14:13:00","PVU_EX_1400","23048","（株）スズケン横浜営業部","13163","","1","1","1","216","","1","","ecl05710","1"
"14016","04/15/2020 00:00:00","12/31/9999 00:00:00","0","itg04213","12/03/2018 15:09:33","PVU_EX_1400","itg04213","12/03/2018 15:09:33","PVU_EX_1400","","中北薬品（株）","","","1","3","3","221","028","1","","","1"
"14025","10/01/2025 00:00:00","12/31/9999 00:00:00","0","itg04283","04/16/2025 14:13:38","PVU_EX_1400","itg04283","04/16/2025 14:13:38","PVU_EX_1400","13015","東邦薬品（株）神奈川営業部","","","3","3","1","220","","1","","ecl05710","1"
"14027","04/01/2026 00:00:00","12/31/9999 00:00:00","0","itg37786","02/18/2026 11:22:02","PVU_EX_1400","itg37786","02/18/2026 11:22:02","PVU_EX_1400","13148","アルフレッサメディカル","","","1","1","1","218","","5","","ecl05710","1"
"14034","10/01/2025 00:00:00","12/31/9999 00:00:00","0","itg04283","04/16/2025 14:14:47","PVU_EX_1400","itg04283","04/16/2025 14:14:47","PVU_EX_1400","23048","（株）スズケン湘南営業部","13163","","1","1","1","217","","1","","ecl05710","1"
"14053","10/09/2020 00:00:00","12/31/9999 00:00:00","0","itg04213","10/09/2020 13:25:58","PVU_EX_1400","itg04213","10/09/2020 13:25:58","PVU_EX_1400","27803","（株）Ｐａｌｔａｃ横浜支社","14053","","2","","3","","","","","","0"
"14056","10/01/2025 00:00:00","12/31/9999 00:00:00","0","itg04283","04/16/2025 14:15:22","PVU_EX_1400","itg04283","04/16/2025 14:15:22","PVU_EX_1400","13159","メディセオ神奈川統括営業部","13160","","1","1","3","215","","1","","ecl05710","1"
"14059","10/09/2020 00:00:00","12/31/9999 00:00:00","0","itg04213","10/09/2020 13:26:28","PVU_EX_1400","itg04213","10/09/2020 13:26:28","PVU_EX_1400","13012","アルフレッサＨＣ神甲支社","14059","","2","2","2","","","","","","0"
"14888","01/01/2000 00:00:00","12/31/9999 00:00:00","0","ecl04742","03/29/2018 18:50:00","803001","ecl04742","03/29/2018 18:50:00","803001","","神奈川の代理店","","","","","3","","","","","","0"
"14889","01/01/2000 00:00:00","12/31/9999 00:00:00","0","ecl04742","03/29/2018 18:50:00","803001","ecl04742","03/29/2018 18:50:00","803001","","神奈川の代理店","","","","","3","","","","","","0"
"15002","10/16/2024 00:00:00","12/31/9999 00:00:00","0","itg04213","10/16/2024 11:42:35","PVU_EX_1400","itg04213","10/16/2024 11:42:35","PVU_EX_1400","04041","（株）バイタルネット新潟","","","3","3","3","332","030","1","","ecl09214","1"
"15003","10/16/2024 00:00:00","12/31/9999 00:00:00","0","itg04213","10/16/2024 11:42:53","PVU_EX_1400","itg04213","10/16/2024 11:42:53","PVU_EX_1400","15022","（株）マルタケ関越","","","3","3","3","333","","1","","ecl09214","1"
"15006","11/01/2016 00:00:00","12/31/9999 00:00:00","0","ecld1316","03/29/2018 18:50:00","803001","ecld1316","03/29/2018 18:50:00","803001","16001","（株）井上誠昌堂　新潟","","","1","3","3","335","034","","","","0"
"15012","10/01/2025 00:00:00","12/31/9999 00:00:00","0","itg04213","10/16/2024 11:43:25","PVU_EX_1400","itg04213","10/16/2024 11:43:25","PVU_EX_1400","23048","（株）スズケン新潟営業部","08010","","1","1","1","331","","1","","ecl09214","1"
"15013","10/01/2025 00:00:00","12/31/9999 00:00:00","0","itg04213","10/16/2024 11:43:42","PVU_EX_1400","itg04213","10/16/2024 11:43:42","PVU_EX_1400","13015","東邦薬品（株）新潟営業部","","","3","3","3","334","","1","","ecl09214","1"
"15020","10/01/2025 00:00:00","12/31/9999 00:00:00","0","itg04213","10/16/2024 11:44:15","PVU_EX_1400","itg04213","10/16/2024 11:44:15","PVU_EX_1400","13148","アルフレッサ（株）新潟","","","1","1","3","330","","1","","ecl09214","1"
"15022","12/01/2023 00:00:00","12/31/9999 00:00:00","0","itg45886","11/30/2023 13:14:11","PVU_EX_1400","itg45886","11/30/2023 13:14:11","PVU_EX_1400","15022","（株）マルタケ","15022","","3","3","3","","","","","","1"
"15027","04/15/2020 00:00:00","12/31/9999 00:00:00","0","itg40916","02/08/2019 09:31:02","PVU_EX_1400","itg40916","02/08/2019 09:31:02","PVU_EX_1400","","（株）バイタルネット新潟","","","3","","3","999","001","","","","1"
"15029","04/15/2020 00:00:00","12/31/9999 00:00:00","0","itg40916","02/08/2019 16:12:13","PVU_EX_1400","itg40916","02/08/2019 16:12:13","PVU_EX_1400","","（株）ＰＡＬＴＡＣ新潟支店","","","2","","3","","","","","","0"
"15888","01/01/2000 00:00:00","12/31/9999 00:00:00","0","ecl04742","03/29/2018 18:50:00","803001","ecl04742","03/29/2018 18:50:00","803001","","新潟の代理店","","","","","3","","","","","","0"
"15889","01/01/2000 00:00:00","12/31/9999 00:00:00","0","ecl04742","03/29/2018 18:50:00","803001","ecl04742","03/29/2018 18:50:00","803001","","新潟の代理店","","","","","3","","","","","","0"
"16001","11/01/2016 00:00:00","12/31/9999 00:00:00","0","ecld0918","03/29/2018 18:50:00","803001","ecld0918","03/29/2018 18:50:00","803001","16001","（株）井上誠昌堂","","","1","3","3","027","001","","","","1"
"16002","05/16/2019 00:00:00","12/31/9999 00:00:00","0","itg40916","05/16/2019 15:23:28","PVU_EX_1400","itg40916","05/16/2019 15:23:28","PVU_EX_1400","16002","日医工株式会社","","","","","3","001","","","","","0"
"16003","04/01/2026 00:00:00","12/31/9999 00:00:00","0","itg37786","02/19/2026 16:24:14","PVU_EX_1400","itg37786","02/19/2026 16:24:14","PVU_EX_1400","17001","明祥（株）富山営業部","","","","","3","","","","","","0"
"16004","10/13/2022 00:00:00","12/31/9999 00:00:00","0","itg04213","04/24/2018 13:41:27","PVU_EX_1400","itg04213","04/24/2018 13:41:27","PVU_EX_1400","16004","（株）ファイネス","16004","","3","3","3","025","004","5","","ecl07399","1"
"16005","10/01/2025 00:00:00","12/31/9999 00:00:00","0","itg39895","09/16/2025 15:03:34","PVU_EX_1400","itg39895","09/16/2025 15:03:34","PVU_EX_1400","23048","（株）スズケン富山営業部","17004","","1","1","3","026","","5","","ecl07399","1"
"16006","04/01/2026 00:00:00","12/31/9999 00:00:00","0","itg36186","03/02/2026 16:47:35","PVU_EX_1400","itg36186","03/05/2026 10:10:59","PVU_EX_1400","17001","明祥　ＥＡ　富山営業部","","","","","3","","","","","","0"
"16021","10/01/2025 00:00:00","12/31/9999 00:00:00","0","itg45886","04/01/2024 13:07:37","PVU_EX_1400","itg45886","04/01/2024 13:07:37","PVU_EX_1400","13015","東邦薬品（株）北陸営業部","","","","","3","900","900","1","","ecl07399","0"
"16888","01/01/2000 00:00:00","12/31/9999 00:00:00","0","ecl04742","03/29/2018 18:50:00","803001","ecl04742","03/29/2018 18:50:00","803001","","富山の代理店","","","","","3","","","","","","0"
"16889","01/01/2000 00:00:00","12/31/9999 00:00:00","0","ecl04742","03/29/2018 18:50:00","803001","ecl04742","03/29/2018 18:50:00","803001","","富山の代理店","","","","","3","","","","","","0"
"17001","10/13/2022 00:00:00","12/31/9999 00:00:00","0","itg04213","04/24/2018 13:42:03","PVU_EX_1400","itg04213","04/24/2018 13:42:03","PVU_EX_1400","17001","明祥（株）","","","3","3","3","022","005","5","","ecl07399","1"
"17002","04/01/2026 00:00:00","12/31/9999 00:00:00","0","itg36186","03/12/2026 15:55:12","PVU_EX_1400","itg19647","03/12/2026 16:37:07","PVU_EX_1400","17001","明祥（株）石川営業部","","","","","3","","","","","","0"
"17004","10/01/2025 00:00:00","12/31/9999 00:00:00","0","itg39895","09/16/2025 15:04:04","PVU_EX_1400","itg39895","09/16/2025 15:04:04","PVU_EX_1400","23048","（株）スズケン金沢営業部","17004","","1","1","3","023","","5","","ecl07399","1"
"17011","10/09/2020 00:00:00","12/31/9999 00:00:00","0","itg04213","10/09/2020 13:27:49","PVU_EX_1400","itg04213","10/09/2020 13:27:49","PVU_EX_1400","27803","（株）ＰＡＬＴＡＣ北陸支社","","","2","","3","","","","","","0"
"17022","10/01/2025 00:00:00","12/31/9999 00:00:00","0","itg46273","09/16/2025 14:31:15","PVU_EX_1400","itg46273","09/16/2025 14:31:15","PVU_EX_1400","13159","メディセオ北陸統括営業部","26023","","1","1","3","398","014","1","","","1"
"17024","04/01/2026 00:00:00","12/31/9999 00:00:00","0","itg36186","03/05/2026 10:05:14","PVU_EX_1400","itg36186","03/05/2026 10:05:14","PVU_EX_1400","17001","明祥　ＥＡ　石川営業部","","","3","3","3","022","005","5","","","0"
"17888","01/01/2000 00:00:00","12/31/9999 00:00:00","0","ecld0913","03/29/2018 18:50:00","803001","ecld0913","03/29/2018 18:50:00","803001","","石川の代理店","","","","","3","","","","","","0"
"17889","01/01/2000 00:00:00","12/31/9999 00:00:00","0","ecl04742","03/29/2018 18:50:00","803001","ecl04742","03/29/2018 18:50:00","803001","","石川の代理店","","","","","3","","","","","","0"
"18001","04/01/2026 00:00:00","12/31/9999 00:00:00","0","itg37786","02/19/2026 16:13:28","PVU_EX_1400","itg37786","02/19/2026 16:13:28","PVU_EX_1400","17001","明祥（株）福井営業部","","","","","3","","","","","","0"
"18002","04/01/2026 00:00:00","12/31/9999 00:00:00","0","itg36186","03/02/2026 16:39:04","PVU_EX_1400","itg36186","03/05/2026 10:07:58","PVU_EX_1400","17001","明祥　ＥＡ　福井営業部","","","","","3","","","","","","0"
"18009","10/01/2025 00:00:00","12/31/9999 00:00:00","0","itg39895","09/16/2025 15:04:34","PVU_EX_1400","itg39895","09/16/2025 15:04:34","PVU_EX_1400","23048","（株）スズケン福井営業部","17004","","1","1","3","028","","5","","ecl07399","1"
"18888","01/01/2000 00:00:00","12/31/9999 00:00:00","0","ecld0913","03/29/2018 18:50:00","803001","ecld0913","03/29/2018 18:50:00","803001","","福井の代理店","","","","","3","","","","","","0"
"18889","01/01/2000 00:00:00","12/31/9999 00:00:00","0","ecl04742","03/29/2018 18:50:00","803001","ecl04742","03/29/2018 18:50:00","803001","","福井の代理店","","","","","3","","","","","","0"
"19003","10/01/2025 00:00:00","12/31/9999 00:00:00","0","itg43581","04/15/2024 13:33:25","PVU_EX_1400","itg43581","04/15/2024 13:33:25","PVU_EX_1400","23048","（株）スズケン甲府営業部","08010","","1","1","3","326","","1","","ecl07045","1"
"19011","10/01/2025 00:00:00","12/31/9999 00:00:00","0","itg43581","04/15/2024 13:34:16","PVU_EX_1400","itg43581","04/15/2024 13:34:16","PVU_EX_1400","13015","東邦薬品（株）山梨営業部","","","1","","3","323","","1","","ecl07045","1"
"19888","01/01/2000 00:00:00","12/31/9999 00:00:00","0","ecl04742","03/29/2018 18:50:00","803001","ecl04742","03/29/2018 18:50:00","803001","","山梨の代理店","","","","","3","","","","","","0"
"19889","01/01/2000 00:00:00","12/31/9999 00:00:00","0","ecl04742","03/29/2018 18:50:00","803001","ecl04742","03/29/2018 18:50:00","803001","","山梨の代理店","","","","","3","","","","","","0"
"20001","04/15/2024 00:00:00","12/31/9999 00:00:00","0","itg41755","04/15/2024 13:34:29","PVU_EX_1400","itg41755","04/15/2024 13:34:29","PVU_EX_1400","20001","岡野薬品（株）","20001","","1","3","3","325","040","","","ecl07045","0"
"20004","10/01/2025 00:00:00","12/31/9999 00:00:00","0","itg41755","04/15/2024 13:33:44","PVU_EX_1400","itg41755","04/15/2024 13:33:44","PVU_EX_1400","13148","アルフレッサ（株）長野山梨","","","1","1","1","321","037","5","","ecl07045","1"
"20005","04/15/2024 00:00:00","12/31/9999 00:00:00","0","itg41755","04/15/2024 13:33:13","PVU_EX_1400","itg41755","04/15/2024 13:33:13","PVU_EX_1400","20005","鍋林（株）","20005","","3","3","3","324","","1","","ecl07045","1"
"20010","10/01/2025 00:00:00","12/31/9999 00:00:00","0","itg41755","04/15/2024 13:32:38","PVU_EX_1400","itg41755","04/15/2024 13:32:38","PVU_EX_1400","23048","（株）スズケン長野営業部","08010","","1","3","3","322","041","1","","ecl07045","1"
"20017","04/15/2020 00:00:00","12/31/9999 00:00:00","0","itg40916","02/08/2019 11:03:16","PVU_EX_1400","itg40916","02/08/2019 11:03:16","PVU_EX_1400","20017","（株）アデックス","20017","","2","2","2","999","","","","","0"
"20022","04/01/2026 00:00:00","12/31/9999 00:00:00","0","itg37786","02/19/2026 16:44:05","PVU_EX_1400","itg37786","02/19/2026 16:44:05","PVU_EX_1400","13159","メディセオ甲信越統括営業部","20022","","1","1","3","327","007","1","","ecl07045","1"
"20023","10/01/2025 00:00:00","12/31/9999 00:00:00","0","itg41755","04/15/2024 13:29:22","PVU_EX_1400","itg41755","04/15/2024 13:29:22","PVU_EX_1400","13015","東邦薬品（株）長野営業部","","","1","","3","324","","1","","ecl07045","1"
"20888","01/01/2000 00:00:00","12/31/9999 00:00:00","0","ecl04742","03/29/2018 18:50:00","803001","ecl04742","03/29/2018 18:50:00","803001","","長野の代理店","","","","","3","","","","","","0"
"20889","01/01/2000 00:00:00","12/31/9999 00:00:00","0","ecl04742","03/29/2018 18:50:00","803001","ecl04742","03/29/2018 18:50:00","803001","","長野の代理店","","","","","3","","","","","","0"
"21002","10/01/2025 00:00:00","12/31/9999 00:00:00","0","itg39895","09/16/2025 14:33:40","PVU_EX_1400","itg39895","09/16/2025 14:33:40","PVU_EX_1400","13148","アルフレッサ（株）岐阜","13149","","1","3","3","203","010","5","","ecl09653","1"
"21004","10/01/2025 00:00:00","12/31/9999 00:00:00","0","itg39895","09/16/2025 15:05:06","PVU_EX_1400","itg39895","09/16/2025 15:05:06","PVU_EX_1400","23048","（株）スズケン岐阜営業部","23009","","1","3","3","202","012","1","","ecl09653","1"
"21888","01/01/2000 00:00:00","12/31/9999 00:00:00","0","","03/29/2018 18:50:00","803001","","03/29/2018 18:50:00","803001","","岐阜の代理店","","","","","3","","","","","","0"
"21889","01/01/2000 00:00:00","12/31/9999 00:00:00","0","","03/29/2018 18:50:00","803001","","03/29/2018 18:50:00","803001","","岐阜の代理店","","","","","3","","","","","","0"
"21890","10/01/2025 00:00:00","12/31/9999 00:00:00","0","itg39895","09/16/2025 14:16:20","PVU_EX_1400","itg39895","09/16/2025 14:16:20","PVU_EX_1400","13015","東邦薬品（株）岐阜営業部","","","1","3","3","104","023","1","","ecl09653","1"
"22002","10/01/2025 00:00:00","12/31/9999 00:00:00","0","itg39895","09/16/2025 15:05:38","PVU_EX_1400","itg39895","09/16/2025 15:05:38","PVU_EX_1400","23048","（株）スズケン静岡営業部","23009","","3","3","3","401","014","1","","ecl06507","1"
"22024","04/01/2026 00:00:00","12/31/9999 00:00:00","0","itg37786","02/17/2026 16:30:25","PVU_EX_1400","itg37786","02/17/2026 16:30:25","PVU_EX_1400","13148","アルフレッサ東海","24012","","1","3","3","205","","5","","ecl06507","1"
"22888","01/01/2000 00:00:00","12/31/9999 00:00:00","0","ecld0913","03/29/2018 18:50:00","803001","ecld0913","03/29/2018 18:50:00","803001","","静岡の代理店","","","","","3","","","","","","0"
"22889","01/01/2000 00:00:00","12/31/9999 00:00:00","0","ecl04742","03/29/2018 18:50:00","803001","ecl04742","03/29/2018 18:50:00","803001","","静岡の代理店","","","","","3","","","","","","0"
"22890","10/01/2025 00:00:00","12/31/9999 00:00:00","0","itg39895","09/16/2025 14:16:58","PVU_EX_1400","itg39895","09/16/2025 14:16:58","PVU_EX_1400","13015","東邦薬品（株）静岡営業部","","","1","3","3","106","023","1","","ecl06507","1"
"23001","05/08/2018 00:00:00","12/31/9999 00:00:00","0","itg04213","05/08/2018 15:32:10","PVU_EX_1400","itg04213","05/08/2018 15:39:49","PVU_EX_1400","","株式会社東海メディエイト","","","","","1","","","","","","0"
"23002","04/15/2024 00:00:00","12/31/9999 00:00:00","0","itg41755","04/15/2024 13:28:28","PVU_EX_1400","itg41755","04/15/2024 13:28:28","PVU_EX_1400","23002","中北薬品（株）","","","3","3","3","104","022","5","","ecl08319","1"
"23003","10/01/2025 00:00:00","12/31/9999 00:00:00","0","itg39895","09/16/2025 15:06:08","PVU_EX_1400","itg39895","09/16/2025 15:06:08","PVU_EX_1400","23048","（株）スズケン病院統轄部","23009","","3","3","1","","","1","","ecl09653","1"
"23009","10/01/2025 00:00:00","12/31/9999 00:00:00","0","itg39895","09/16/2025 15:06:36","PVU_EX_1400","itg39895","09/16/2025 15:06:36","PVU_EX_1400","23048","（株）スズケン名古屋営業部","23009","","3","3","3","101","026","1","","ecl09653","1"
"23017","12/01/2013 00:00:00","12/31/9999 00:00:00","0","ecl04321","03/29/2018 18:50:00","803001","ecl04321","03/29/2018 18:50:00","803001","23017","シーエス薬品（株）","23017","","3","3","2","108","027","","","","1"
"23047","12/04/2025 00:00:00","12/31/9999 00:00:00","0","itg45886","09/12/2025 10:26:44","PVU_EX_1400","itg45886","09/12/2025 10:26:44","PVU_EX_1400","23048","スズケングループ","","","","","3","","","","","","1"
"23048","12/04/2025 00:00:00","12/31/9999 00:00:00","0","itg39895","10/28/2024 16:25:35","PVU_EX_1400","itg39895","10/28/2024 16:39:29","PVU_EX_1400","23048","（株）スズケン","","","","","3","","","","","","1"
"23049","10/01/2025 00:00:00","12/31/9999 00:00:00","0","itg46273","09/12/2025 11:39:30","PVU_EX_1400","itg46273","09/12/2025 11:39:30","PVU_EX_1400","23048","（株）スズケンその他","13163","","3","","3","001","026","","","ecl10157","1"
"23052","10/01/2025 00:00:00","12/31/9999 00:00:00","0","itg41755","04/15/2024 13:26:36","PVU_EX_1400","itg41755","04/15/2024 13:26:36","PVU_EX_1400","13148","アルフレッサ（株）愛知","24012","","1","3","3","105","","5","","ecl08319","1"
"23074","04/15/2020 00:00:00","12/31/9999 00:00:00","0","itg35320","04/15/2020 13:45:49","PVU_EX_1400","itg35320","04/15/2020 13:45:49","PVU_EX_1400","","スズケン","","","3","3","3","117","001","","","","1"
"23075","02/08/2019 00:00:00","12/31/9999 00:00:00","0","itg40916","02/08/2019 15:40:45","PVU_EX_1400","itg40916","02/08/2019 15:40:45","PVU_EX_1400","","株）スズケン西日本営業部東","","","3","3","3","102","028","","","","1"
"23084","10/09/2020 00:00:00","12/31/9999 00:00:00","0","itg04213","04/19/2018 19:02:54","PVU_EX_1400","itg04213","04/19/2018 19:02:54","PVU_EX_1400","27803","ＰＡＬＴＡＣ名古屋支社","23084","","2","","3","","","","","","0"
"23100","10/01/2025 00:00:00","12/31/9999 00:00:00","0","itg45886","04/03/2025 08:56:32","PVU_EX_1400","itg45886","04/03/2025 08:56:32","PVU_EX_1400","13159","メディセオ中部統括営業部","23100","","1","1","3","110","","1","","ecl09653","1"
"23525","10/09/2020 00:00:00","12/31/9999 00:00:00","0","ecl04321","03/29/2018 18:50:00","803001","ecl04321","03/29/2018 18:50:00","803001","13803","（株）井田両国堂　名古屋","23525","","","","3","","","","","","0"
"23888","01/01/2000 00:00:00","12/31/9999 00:00:00","0","","03/29/2018 18:50:00","803001","","03/29/2018 18:50:00","803001","","愛知の代理店","","","","","3","","","","","","0"
"23889","01/01/2000 00:00:00","12/31/9999 00:00:00","0","","03/29/2018 18:50:00","803001","","03/29/2018 18:50:00","803001","","愛知の代理店","","","","","3","","","","","","0"
"23890","10/01/2025 00:00:00","12/31/9999 00:00:00","0","itg39895","09/16/2025 14:17:37","PVU_EX_1400","itg39895","09/16/2025 14:17:37","PVU_EX_1400","13015","東邦薬品（株）愛知営業部","","","1","3","3","103","023","1","","ecl09653","1"
"23891","10/09/2020 00:00:00","12/31/9999 00:00:00","0","itg04213","04/23/2018 16:06:20","PVU_EX_1400","itg04213","04/23/2018 16:06:20","PVU_EX_1400","13012","アルフレッサＨＣ中部支社","23891","","2","2","2","","","","","","0"
"24002","10/01/2025 00:00:00","12/31/9999 00:00:00","0","itg41755","04/15/2024 13:25:49","PVU_EX_1400","itg41755","04/15/2024 13:25:49","PVU_EX_1400","23048","（株）スズケン三重営業部","23009","","3","3","3","301","030","1","","ecl08319","1"
"24004","04/15/2020 00:00:00","12/31/9999 00:00:00","0","itg40916","02/08/2019 10:15:14","PVU_EX_1400","itg40916","02/08/2019 10:15:14","PVU_EX_1400","","丹平中田（株）東海営業部","24004","","1","1","3","","","","","","0"
"24011","01/01/2000 00:00:00","12/31/9999 00:00:00","0","ecld0918","03/29/2018 18:50:00","803001","ecld0918","03/29/2018 18:50:00","803001","13049","神宮薬品（株）","24011","13049","","3","3","","","","","","0"
"24012","10/01/2025 00:00:00","12/31/9999 00:00:00","0","itg41755","04/15/2024 13:25:03","PVU_EX_1400","itg41755","04/15/2024 13:25:03","PVU_EX_1400","13148","アルフレッサ（株）三重","24012","","1","3","3","303","","5","","ecl08319","1"
"24888","01/01/2000 00:00:00","12/31/9999 00:00:00","0","","03/29/2018 18:50:00","803001","","03/29/2018 18:50:00","803001","","三重の代理店","","","","","3","","","","","","0"
"24889","01/01/2000 00:00:00","12/31/9999 00:00:00","0","","03/29/2018 18:50:00","803001","","03/29/2018 18:50:00","803001","","三重の代理店","","","","","3","","","","","","0"
"24890","10/01/2025 00:00:00","12/31/9999 00:00:00","0","itg41755","04/15/2024 13:24:28","PVU_EX_1400","itg41755","04/15/2024 13:24:28","PVU_EX_1400","13015","東邦薬品（株）三重営業部","","","1","3","3","105","023","1","","ecl08319","1"
"25002","10/01/2025 00:00:00","12/31/9999 00:00:00","0","itg39895","09/16/2025 15:07:33","PVU_EX_1400","itg39895","09/16/2025 15:07:33","PVU_EX_1400","23048","（株）スズケン滋賀営業部","27014","","1","1","3","394","","5","","ecl05886","1"
"25007","10/09/2020 00:00:00","12/31/9999 00:00:00","0","itg04213","04/15/2019 12:40:28","PVU_EX_1400","itg04213","04/15/2019 12:40:28","PVU_EX_1400","25007","（株）大正堂","","13013","1","1","3","090","090","","","","0"
"25008","10/01/2025 00:00:00","12/31/9999 00:00:00","0","itg39895","09/16/2025 14:18:50","PVU_EX_1400","itg39895","09/16/2025 14:18:50","PVU_EX_1400","13015","東邦薬品（株）滋賀営業部","","","1","3","3","399","015","1","","ecl05886","1"
"25888","01/01/2000 00:00:00","12/31/9999 00:00:00","0","ecl07091","03/29/2018 18:50:00","803001","ecl07091","03/29/2018 18:50:00","803001","","滋賀の代理店","","","","","3","","","","","","0"
"25889","01/01/2000 00:00:00","12/31/9999 00:00:00","0","ecl04742","03/29/2018 18:50:00","803001","ecl04742","03/29/2018 18:50:00","803001","","滋賀の代理店","","","","","3","","","","","","0"
"26008","10/01/2025 00:00:00","12/31/9999 00:00:00","0","itg39895","09/16/2025 14:35:58","PVU_EX_1400","itg39895","09/16/2025 14:35:58","PVU_EX_1400","13148","アルフレッサ（株）京滋","27004","","1","3","3","391","005","5","","ecl05886","1"
"26011","10/01/2025 00:00:00","12/31/9999 00:00:00","0","itg39895","09/16/2025 15:08:00","PVU_EX_1400","itg39895","09/16/2025 15:08:00","PVU_EX_1400","23048","（株）スズケン京都営業部","27014","","1","1","3","393","","5","","ecl05886","1"
"26014","10/01/2025 00:00:00","12/31/9999 00:00:00","0","itg39895","09/16/2025 13:51:57","PVU_EX_1400","itg39895","09/16/2025 13:51:57","PVU_EX_1400","27041","（株）ケーエスケー京滋","26014","","3","3","3","395","","5","","ecl05886","1"
"26023","10/01/2025 00:00:00","12/31/9999 00:00:00","0","itg45886","04/03/2025 09:01:09","PVU_EX_1400","itg45886","04/03/2025 09:01:09","PVU_EX_1400","13159","メディセオ京都統括営業部","26023","","1","1","3","397","013","1","","ecl05886","1"
"26024","10/01/2025 00:00:00","12/31/9999 00:00:00","0","itg39895","09/16/2025 14:19:22","PVU_EX_1400","itg39895","09/16/2025 14:19:22","PVU_EX_1400","13015","東邦薬品（株）京都営業部","","","1","3","3","398","014","1","","ecl05886","1"
"26888","01/01/2000 00:00:00","12/31/9999 00:00:00","0","ecl07091","03/29/2018 18:50:00","803001","ecl07091","03/29/2018 18:50:00","803001","","京都の代理店","","","","","3","","","","","","0"
"26889","01/01/2000 00:00:00","12/31/9999 00:00:00","0","ecl04742","03/29/2018 18:50:00","803001","ecl04742","03/29/2018 18:50:00","803001","","京都の代理店","","","","","3","","","","","","0"
"27001","04/15/2020 00:00:00","12/31/9999 00:00:00","0","itg40916","02/08/2019 10:16:34","PVU_EX_1400","itg40916","02/08/2019 10:16:34","PVU_EX_1400","","丹平中田（株）西日本営業部","27001","","1","2","3","999","015","","","","0"
"27004","04/01/2026 00:00:00","12/31/9999 00:00:00","0","itg37786","02/17/2026 16:32:40","PVU_EX_1400","itg37786","02/17/2026 16:32:40","PVU_EX_1400","13148","アルフレッサ関西","27004","","3","3","3","361","001","5","","ecl10223","1"
"27014","10/01/2025 00:00:00","12/31/9999 00:00:00","0","itg39895","09/16/2025 15:08:28","PVU_EX_1400","itg39895","09/16/2025 15:08:28","PVU_EX_1400","23048","（株）スズケン大阪営業部","27014","","1","3","3","365","008","5","","ecl07843","1"
"27041","12/25/2025 00:00:00","12/31/9999 00:00:00","0","itg45886","12/25/2025 13:41:37","PVU_EX_1400","itg45886","12/25/2025 13:41:37","PVU_EX_1400","27041","（株）ケーエスケー","","","","","3","","","","","","1"
"27042","10/01/2025 00:00:00","12/31/9999 00:00:00","0","itg46273","09/12/2025 11:52:25","PVU_EX_1400","itg46273","09/12/2025 11:52:25","PVU_EX_1400","27041","（株）ケーエスケー大阪","27042","","3","3","3","368","008","5","","ecl07843","1"
"27068","12/01/2013 00:00:00","12/31/9999 00:00:00","0","ecl04321","03/29/2018 18:50:00","803001","ecl04321","03/29/2018 18:50:00","803001","23017","シーエス薬品（株）関西営業","","","3","","3","","","","","","0"
"27070","10/09/2020 00:00:00","12/31/9999 00:00:00","0","itg04213","04/23/2018 16:07:14","PVU_EX_1400","itg04213","04/23/2018 16:07:14","PVU_EX_1400","27803","（株）Ｐａｌｔａｃ近畿支社","27070","","2","","3","","","","","","0"
"27073","10/01/2025 00:00:00","12/31/9999 00:00:00","0","itg46273","09/16/2025 15:06:33","PVU_EX_1400","itg46273","09/16/2025 15:06:33","PVU_EX_1400","13159","メディセオ大阪・紀和統括","27073","","1","1","3","364","006","1","","","1"
"27074","04/01/2026 00:00:00","12/31/9999 00:00:00","0","itg37786","02/24/2026 14:20:14","PVU_EX_1400","itg37786","02/24/2026 14:20:14","PVU_EX_1400","13159","メディセオ大阪紀和統括営業","27074","","1","1","3","364","006","1","","ecl05673","1"
"27086","10/01/2025 00:00:00","12/31/9999 00:00:00","0","itg41755","04/15/2024 13:23:09","PVU_EX_1400","itg41755","04/15/2024 13:23:09","PVU_EX_1400","13015","東邦薬品（株）大阪営業部","","","1","1","3","371","","1","","ecl05673","1"
"27091","01/14/2021 00:00:00","12/31/9999 00:00:00","0","itg36186","01/14/2021 15:39:04","PVU_EX_1400","itg36186","01/14/2021 15:41:53","PVU_EX_1400","13803","（株）井田両国堂　千里店","27091","","","","3","","","","","","0"
"27100","04/01/2018 00:00:00","12/31/9999 00:00:00","0","itg04213","03/31/2018 16:11:28","PVU_EX_1400","itg04213","03/31/2018 16:11:28","PVU_EX_1400","","株式会社アピスライフケア","","","1","1","1","","","","","","0"
"27194","10/09/2019 00:00:00","12/31/9999 00:00:00","0","itg19647","10/08/2019 11:33:21","PVU_EX_1400","itg19647","10/08/2019 11:33:21","PVU_EX_1400","27194","医）北斗会ネオメデックス","27194","","","","1","","","","","ecl05687","0"
"27803","10/09/2020 00:00:00","12/31/9999 00:00:00","0","itg04213","04/23/2018 16:08:00","PVU_EX_1400","itg04213","04/23/2018 16:08:00","PVU_EX_1400","27803","（株）Ｐａｌｔａｃ近畿","27803","","2","","3","","","","","","0"
"27806","01/14/2021 00:00:00","12/31/9999 00:00:00","0","itg36186","01/14/2021 15:45:05","PVU_EX_1400","itg36186","01/14/2021 15:55:06","PVU_EX_1400","13803","（株）井田両国堂　大阪","27806","","","","3","","","","","","0"
"27888","01/01/2000 00:00:00","12/31/9999 00:00:00","0","","03/29/2018 18:50:00","803001","","03/29/2018 18:50:00","803001","","大阪の代理店","","","","","3","","","","","","0"
"27889","01/01/2000 00:00:00","12/31/9999 00:00:00","0","","03/29/2018 18:50:00","803001","","03/29/2018 18:50:00","803001","","大阪の代理店","","","","","3","","","","","","0"
"27890","10/09/2020 00:00:00","12/31/9999 00:00:00","0","itg04213","04/23/2018 16:09:05","PVU_EX_1400","itg04213","04/23/2018 16:09:05","PVU_EX_1400","13012","アルフレッサＨＣ関西支社","27890","","2","2","2","","","","","","0"
"28008","10/01/2025 00:00:00","12/31/9999 00:00:00","0","itg04283","04/16/2025 14:36:07","PVU_EX_1400","itg04283","04/16/2025 14:36:07","PVU_EX_1400","13148","アルフレッサ（株）兵庫","27004","","1","3","3","380","004","5","","ecl10223","1"
"28022","10/01/2025 00:00:00","12/31/9999 00:00:00","0","itg41755","04/15/2024 13:22:32","PVU_EX_1400","itg41755","04/15/2024 13:22:32","PVU_EX_1400","23048","（株）スズケン兵庫営業部","27014","","1","3","3","383","","5","","ecl05673","1"
"28023","10/01/2025 00:00:00","12/31/9999 00:00:00","0","itg04283","04/16/2025 14:36:40","PVU_EX_1400","itg04283","04/16/2025 14:36:40","PVU_EX_1400","27041","（株）ケーエスケー兵庫","28023","","3","3","3","382","011","5","","ecl10223","1"
"28026","04/05/2022 00:00:00","12/31/9999 00:00:00","0","itg19647","04/05/2022 16:13:12","PVU_EX_1400","itg19647","04/05/2022 16:13:12","PVU_EX_1400","","メディパルＨＤ","","","1","3","3","381","007","","","","1"
"28036","10/01/2025 00:00:00","12/31/9999 00:00:00","0","itg41755","04/15/2024 13:21:46","PVU_EX_1400","itg41755","04/15/2024 13:21:46","PVU_EX_1400","13159","メディセオ兵庫統括営業部","27074","","1","1","3","381","006","1","","ecl05673","1"
"28037","10/01/2025 00:00:00","12/31/9999 00:00:00","0","itg41755","04/15/2024 13:21:15","PVU_EX_1400","itg41755","04/15/2024 13:21:15","PVU_EX_1400","13015","東邦薬品（株）兵庫営業部","","","1","3","3","384","007","1","","ecl05673","1"
"28888","01/01/2000 00:00:00","12/31/9999 00:00:00","0","ecld0908","03/29/2018 18:50:00","803001","ecld0908","03/29/2018 18:50:00","803001","","兵庫の代理店","","","","","3","","","","","","0"
"28889","01/01/2000 00:00:00","12/31/9999 00:00:00","0","ecld0908","03/29/2018 18:50:00","803001","ecld0908","03/29/2018 18:50:00","803001","","兵庫の代理店","","","","","3","","","","","","0"
"29005","02/01/2012 00:00:00","12/31/9999 00:00:00","0","ecl02796","03/29/2018 18:50:00","803001","ecl02796","03/29/2018 18:50:00","803001","","（株）神田大薬局","","","","","3","999","999","","","","0"
"29010","10/01/2025 00:00:00","12/31/9999 00:00:00","0","itg39895","09/16/2025 14:37:43","PVU_EX_1400","itg39895","09/16/2025 14:37:43","PVU_EX_1400","13148","アルフレッサ奈良","27004","","3","3","3","362","002","","","","1"
"29012","10/01/2025 00:00:00","12/31/9999 00:00:00","0","itg39895","09/16/2025 15:09:30","PVU_EX_1400","itg39895","09/16/2025 15:09:30","PVU_EX_1400","23048","（株）スズケン奈良営業部","27014","","1","1","3","366","","5","","ecl07843","1"
"29015","10/01/2025 00:00:00","12/31/9999 00:00:00","0","itg39895","09/16/2025 14:38:20","PVU_EX_1400","itg39895","09/16/2025 14:38:20","PVU_EX_1400","13148","アルフレッサ（株）紀和","27004","","3","3","3","362","002","5","","ecl07843","1"
"29016","10/01/2025 00:00:00","12/31/9999 00:00:00","0","itg39895","09/16/2025 14:21:09","PVU_EX_1400","itg39895","09/16/2025 14:21:09","PVU_EX_1400","13015","東邦薬品（株）奈良営業部","","","1","3","3","372","016","1","","ecl07843","1"
"29888","01/01/2000 00:00:00","12/31/9999 00:00:00","0","","03/29/2018 18:50:00","803001","","03/29/2018 18:50:00","803001","","奈良の代理店","","","","","3","","","","","","0"
"29889","01/01/2000 00:00:00","12/31/9999 00:00:00","0","","03/29/2018 18:50:00","803001","","03/29/2018 18:50:00","803001","","奈良の代理店","","","","","3","","","","","","0"
"30008","10/01/2025 00:00:00","12/31/9999 00:00:00","0","itg39895","09/16/2025 14:38:56","PVU_EX_1400","itg39895","09/16/2025 14:38:56","PVU_EX_1400","13148","アルフレッサ和歌山","27004","","3","3","3","363","003","","","","1"
"30016","10/01/2025 00:00:00","12/31/9999 00:00:00","0","itg39895","09/16/2025 13:54:59","PVU_EX_1400","itg39895","09/16/2025 13:54:59","PVU_EX_1400","27041","（株）ケーエスケー紀和","","","3","3","3","369","009","1","","ecl07843","1"
"30017","02/08/2019 00:00:00","12/31/9999 00:00:00","0","itg40916","02/08/2019 10:39:18","PVU_EX_1400","itg40916","02/08/2019 10:39:18","PVU_EX_1400","30017","（株）ナカヤマ","","","1","1","3","375","","","","","0"
"30018","10/01/2025 00:00:00","12/31/9999 00:00:00","0","itg39895","09/16/2025 14:21:50","PVU_EX_1400","itg39895","09/16/2025 14:21:50","PVU_EX_1400","13015","東邦薬品（株）和歌山営業部","","","1","3","3","373","017","1","","ecl07843","1"
"30502","10/01/2025 00:00:00","12/31/9999 00:00:00","0","itg39895","09/16/2025 15:10:13","PVU_EX_1400","itg39895","09/16/2025 15:10:13","PVU_EX_1400","23048","（株）スズケン和歌山営業部","27014","","1","1","3","367","","5","","ecl07843","1"
"30888","01/01/2000 00:00:00","12/31/9999 00:00:00","0","","03/29/2018 18:50:00","803001","","03/29/2018 18:50:00","803001","","和歌山の代理店","","","","","3","","","","","","0"
"30889","01/01/2000 00:00:00","12/31/9999 00:00:00","0","","03/29/2018 18:50:00","803001","","03/29/2018 18:50:00","803001","","和歌山の代理店","","","","","3","","","","","","0"
"31888","01/01/2000 00:00:00","12/31/9999 00:00:00","0","ecld0913","03/29/2018 18:50:00","803001","ecld0913","03/29/2018 18:50:00","803001","","鳥取の代理店","","","","","3","","","","","","0"
"31889","01/01/2000 00:00:00","12/31/9999 00:00:00","0","ecl04742","03/29/2018 18:50:00","803001","ecl04742","03/29/2018 18:50:00","803001","","鳥取の代理店","","","","","3","","","","","","0"
"32001","04/01/2026 00:00:00","12/31/9999 00:00:00","0","itg37786","02/18/2026 16:25:49","PVU_EX_1400","itg37786","02/18/2026 16:25:49","PVU_EX_1400","34010","ティーエスアルフレッサ山陰","","","","","3","","","","","","0"
"32888","01/01/2000 00:00:00","12/31/9999 00:00:00","0","ecld0913","03/29/2018 18:50:00","803001","ecld0913","03/29/2018 18:50:00","803001","","島根の代理店","","","","","3","","","","","","0"
"32889","01/01/2000 00:00:00","12/31/9999 00:00:00","0","ecl04742","03/29/2018 18:50:00","803001","ecl04742","03/29/2018 18:50:00","803001","","島根の代理店","","","","","3","","","","","","0"
"33001","04/01/2026 00:00:00","12/31/9999 00:00:00","0","itg37786","02/19/2026 11:55:58","PVU_EX_1400","itg37786","02/19/2026 11:55:58","PVU_EX_1400","34010","ティーエスアルフレッサ岡山","","","","","3","","","","","","0"
"33888","01/01/2000 00:00:00","12/31/9999 00:00:00","0","ecld0913","03/29/2018 18:50:00","803001","ecld0913","03/29/2018 18:50:00","803001","","岡山の代理店","","","","","3","","","","","","0"
"33889","01/01/2000 00:00:00","12/31/9999 00:00:00","0","ecl04742","03/29/2018 18:50:00","803001","ecl04742","03/29/2018 18:50:00","803001","","岡山の代理店","","","","","3","","","","","","0"
"34001","04/01/2026 00:00:00","12/31/9999 00:00:00","0","itg37786","02/24/2026 14:28:17","PVU_EX_1400","itg37786","02/24/2026 14:28:17","PVU_EX_1400","34012","（株）エバルスＥＶ営業本部","34012","","","","3","","","","","","0"
"34002","04/01/2026 00:00:00","12/31/9999 00:00:00","0","itg36186","03/12/2026 15:50:18","PVU_EX_1400","itg19647","03/12/2026 16:33:39","PVU_EX_1400","34010","ティーエスアルフレッサ広島","","","","","3","","","","","","0"
"34003","04/16/2025 00:00:00","12/31/9999 00:00:00","0","itg04283","04/16/2025 14:38:15","PVU_EX_1400","itg04283","04/16/2025 14:38:15","PVU_EX_1400","34003","（株）サンキ","34003","","3","3","3","013","033","5","","ecl06052","1"
"34010","04/15/2024 00:00:00","12/31/9999 00:00:00","0","itg45886","11/30/2023 13:09:11","PVU_EX_1400","itg45886","11/30/2023 13:09:11","PVU_EX_1400","34010","ティーエスアルフレッサ（株","34010","","1","3","3","016","038","1","","ecl06770","0"
"34012","04/16/2025 00:00:00","12/31/9999 00:00:00","0","itg04283","04/16/2025 14:38:55","PVU_EX_1400","itg04283","04/16/2025 14:38:55","PVU_EX_1400","34012","（株）エバルス","34012","","1","3","3","017","028","5","","ecl06052","1"
"34019","12/01/2013 00:00:00","12/31/9999 00:00:00","0","ecld0918","03/29/2018 18:50:00","803001","ecld0918","03/29/2018 18:50:00","803001","34019","（株）健翔","34019","","2","3","3","","","","","","0"
"34031","04/15/2020 00:00:00","12/31/9999 00:00:00","0","itg40916","02/12/2019 09:40:25","PVU_EX_1400","itg40916","02/12/2019 09:40:25","PVU_EX_1400","","（株）Ｐａｌｔａｃ広島","34031","","2","","3","","","","","","0"
"34037","10/10/2019 00:00:00","12/31/9999 00:00:00","0","itg40916","10/10/2019 11:28:45","PVU_EX_1400","itg40916","10/10/2019 11:28:45","PVU_EX_1400","27803","（株）Ｐａｌｔａｃ中国支社","34031","","2","","3","","","","","","0"
"34039","01/14/2021 00:00:00","12/31/9999 00:00:00","0","itg36186","01/14/2021 15:45:51","PVU_EX_1400","itg36186","01/14/2021 15:45:51","PVU_EX_1400","13803","（株）井田両国堂　広島店","34039","","","","3","","","","","","0"
"34040","10/01/2025 00:00:00","12/31/9999 00:00:00","0","itg41755","04/15/2024 13:19:21","PVU_EX_1400","itg41755","04/15/2024 13:19:21","PVU_EX_1400","41006","（株）アステム広島営業部","","","1","1","3","020","040","1","","ecl06770","1"
"34041","04/15/2024 00:00:00","12/31/9999 00:00:00","0","itg41755","04/15/2024 13:18:49","PVU_EX_1400","itg41755","04/15/2024 13:18:49","PVU_EX_1400","34041","（株）セイエル","34041","","1","1","1","012","030","1","","ecl06770","1"
"34044","04/15/2020 00:00:00","12/31/9999 00:00:00","0","itg40916","02/08/2019 10:41:01","PVU_EX_1400","itg40916","02/08/2019 10:41:01","PVU_EX_1400","34044","共創未来広島薬品（株）","","","1","1","3","390","","","","","0"
"34888","01/01/2000 00:00:00","12/31/9999 00:00:00","0","","03/29/2018 18:50:00","803001","","03/29/2018 18:50:00","803001","","広島の代理店","","","","","3","","","","","","0"
"34889","01/01/2000 00:00:00","12/31/9999 00:00:00","0","","03/29/2018 18:50:00","803001","","03/29/2018 18:50:00","803001","","広島の代理店","","","","","3","","","","","","0"
"34890","10/09/2020 00:00:00","12/31/9999 00:00:00","0","itg04213","04/23/2018 16:09:58","PVU_EX_1400","itg04213","04/23/2018 16:09:58","PVU_EX_1400","13012","アルフレッサＨＣ西日本支社","34890","","2","2","2","","","","","","0"
"35001","04/01/2026 00:00:00","12/31/9999 00:00:00","0","itg37786","02/18/2026 11:33:14","PVU_EX_1400","itg37786","02/18/2026 11:33:14","PVU_EX_1400","34010","ティーエスアルフレッサ山口","","","","","3","","","","","","0"
"35002","04/15/2020 00:00:00","12/31/9999 00:00:00","0","itg40916","02/08/2019 16:51:59","PVU_EX_1400","itg40916","02/08/2019 16:51:59","PVU_EX_1400","35002","常盤薬品（株）","35002","","3","2","3","190","143","","","","0"
"35003","10/01/2025 00:00:00","12/31/9999 00:00:00","0","itg41755","04/15/2024 13:18:02","PVU_EX_1400","itg41755","04/15/2024 13:18:02","PVU_EX_1400","41006","（株）アステム山口営業部","","","3","3","3","022","042","1","","ecl06770","1"
"35013","12/01/2013 00:00:00","12/31/9999 00:00:00","0","ecl03580","03/29/2018 18:50:00","803001","ecl03580","03/29/2018 18:50:00","803001","40035","（株）リードヘルスケア中国","35013","","2","2","3","025","041","","","","0"
"35019","10/10/2019 00:00:00","12/31/9999 00:00:00","0","itg40916","10/10/2019 11:29:36","PVU_EX_1400","itg40916","10/10/2019 11:29:36","PVU_EX_1400","40035","（株）リードＨＣ中国営業部","35013","","2","2","3","025","041","","","","0"
"35022","04/15/2020 00:00:00","12/31/9999 00:00:00","0","itg40916","02/08/2019 10:42:32","PVU_EX_1400","itg40916","02/08/2019 10:42:32","PVU_EX_1400","35022","共創未来山口薬品（株）","","","1","1","3","380","","","","","0"
"35888","01/01/2000 00:00:00","12/31/9999 00:00:00","0","","03/29/2018 18:50:00","803001","","03/29/2018 18:50:00","803001","","山口の代理店","","","","","3","","","","","","0"
"35889","01/01/2000 00:00:00","12/31/9999 00:00:00","0","","03/29/2018 18:50:00","803001","","03/29/2018 18:50:00","803001","","山口の代理店","","","","","3","","","","","","0"
"36888","01/01/2000 00:00:00","12/31/9999 00:00:00","0","ecld0913","03/29/2018 18:50:00","803001","ecld0913","03/29/2018 18:50:00","803001","","徳島の代理店","","","","","3","022","022","","","","0"
"36889","01/01/2000 00:00:00","12/31/9999 00:00:00","0","ecl04742","03/29/2018 18:50:00","803001","ecl04742","03/29/2018 18:50:00","803001","","徳島の代理店","","","","","3","023","052","","","","0"
"37001","04/15/2021 00:00:00","12/31/9999 00:00:00","0","itg35320","04/15/2020 13:58:51","PVU_EX_1400","itg35320","04/15/2020 13:58:51","PVU_EX_1400","37001","四国アルフレッサ（株）","37001","","3","3","3","001","042","1","","ecl07086","1"
"37002","04/01/2026 00:00:00","12/31/9999 00:00:00","0","itg36186","03/12/2026 15:52:56","PVU_EX_1400","itg19647","03/12/2026 16:35:24","PVU_EX_1400","37001","四国アルフレッサ香川・高知","","","","","3","","","","","","0"
"37010","10/28/2025 00:00:00","12/31/9999 00:00:00","0","itg04283","10/28/2025 16:27:51","PVU_EX_1400","itg04283","10/28/2025 16:27:51","PVU_EX_1400","37010","（株）よんやく","37010","","3","3","3","003","044","1","","ecl09501","1"
"37011","10/09/2020 00:00:00","12/31/9999 00:00:00","0","itg04213","04/10/2019 09:01:59","PVU_EX_1400","itg04213","04/10/2019 09:01:59","PVU_EX_1400","37011","（株）よんやくその他","","","3","3","1","","","","","","0"
"37017","10/09/2020 00:00:00","12/31/9999 00:00:00","0","itg04213","05/21/2018 11:08:12","PVU_EX_1400","itg04213","05/21/2018 11:08:12","PVU_EX_1400","37017","四国薬業（株）","37017","","3","3","3","003","044","","","","1"
"37021","04/15/2021 00:00:00","12/31/9999 00:00:00","0","itg35320","04/15/2020 14:00:03","PVU_EX_1400","itg35320","04/15/2020 14:00:03","PVU_EX_1400","37021","（株）幸燿","37021","","3","3","3","002","043","1","","ecl07086","1"
"37023","10/09/2020 00:00:00","12/31/9999 00:00:00","0","itg04213","04/23/2018 16:11:12","PVU_EX_1400","itg04213","04/23/2018 16:11:12","PVU_EX_1400","27803","（株）ＰＡＬＴＡＣ四国","37023","","3","","3","001","042","","","","0"
"37888","01/01/2000 00:00:00","12/31/9999 00:00:00","0","ecld0913","03/29/2018 18:50:00","803001","ecld0913","03/29/2018 18:50:00","803001","","香川の代理店","","","","","3","011","011","","","","0"
"37889","01/01/2000 00:00:00","12/31/9999 00:00:00","0","ecl04742","03/29/2018 18:50:00","803001","ecl04742","03/29/2018 18:50:00","803001","","香川の代理店","","","","","3","012","055","","","","0"
"38001","04/01/2026 00:00:00","12/31/9999 00:00:00","0","itg37786","02/19/2026 14:34:02","PVU_EX_1400","itg37786","02/19/2026 14:34:02","PVU_EX_1400","37001","四国アルフレッサ愛媛・徳島","","","","","3","","","","","","0"
"38010","10/28/2025 00:00:00","12/31/9999 00:00:00","0","itg39895","09/16/2025 15:11:49","PVU_EX_1400","itg39895","09/16/2025 15:11:49","PVU_EX_1400","38010","（株）アスティス","38010","","3","3","3","004","045","1","","ecl09501","1"
"38019","10/10/2019 00:00:00","12/31/9999 00:00:00","0","itg40916","10/10/2019 11:31:01","PVU_EX_1400","itg40916","10/10/2019 11:31:01","PVU_EX_1400","40035","（株）リードＨＣ四国営業部","37010","","2","3","3","","101","","","","1"
"38888","01/01/2000 00:00:00","12/31/9999 00:00:00","0","ecld0913","03/29/2018 18:50:00","803001","ecld0913","03/29/2018 18:50:00","803001","","愛媛の代理店","","","","","3","014","014","","","","0"
"38889","01/01/2000 00:00:00","12/31/9999 00:00:00","0","ecl04742","03/29/2018 18:50:00","803001","ecl04742","03/29/2018 18:50:00","803001","","愛媛の代理店","","","","","3","015","058","","","","0"
"39001","04/15/2021 00:00:00","12/31/9999 00:00:00","0","itg35320","04/15/2020 14:03:40","PVU_EX_1400","itg35320","04/15/2020 14:03:40","PVU_EX_1400","39001","中澤氏家薬業（株）","39001","","3","3","3","005","047","1","","ecl07086","1"
"39017","10/09/2020 00:00:00","12/31/9999 00:00:00","0","itg04213","04/23/2018 16:11:47","PVU_EX_1400","itg04213","04/23/2018 16:11:47","PVU_EX_1400","39017","中澤氏家薬業（株）","39017","","3","3","3","005","047","","","","1"
"39888","01/01/2000 00:00:00","12/31/9999 00:00:00","0","ecld0913","03/29/2018 18:50:00","803001","ecld0913","03/29/2018 18:50:00","803001","","高知の代理店","","","","","3","019","019","","","","0"
"39889","01/01/2000 00:00:00","12/31/9999 00:00:00","0","ecl04742","03/29/2018 18:50:00","803001","ecl04742","03/29/2018 18:50:00","803001","","高知の代理店","","","","","3","020","063","","","","0"
"40001","04/01/2026 00:00:00","12/31/9999 00:00:00","0","itg37786","02/25/2026 13:29:44","PVU_EX_1400","itg37786","02/25/2026 13:29:44","PVU_EX_1400","40061","（株）アトル福岡統括営業部","","","1","1","3","030","151","1","","ecl09340","1"
"40002","04/16/2025 00:00:00","12/31/9999 00:00:00","0","itg41755","04/15/2024 13:15:50","PVU_EX_1400","itg41755","04/15/2024 13:15:50","PVU_EX_1400","40061","（株）アトル福岡病院営業部","","","1","1","3","","","1","","ecl09340","1"
"40003","04/15/2020 00:00:00","12/31/9999 00:00:00","0","itg40916","02/12/2019 09:32:19","PVU_EX_1400","itg40916","02/12/2019 09:32:19","PVU_EX_1400","","富田薬品（株）福岡支店","","","3","3","3","060","122","1","","","1"
"40004","10/01/2025 00:00:00","12/31/9999 00:00:00","0","itg46273","09/12/2025 11:42:03","PVU_EX_1400","itg46273","09/12/2025 11:42:03","PVU_EX_1400","40044","（株）翔薬福岡営業部","","","1","1","3","010","152","1","","ecl09722","1"
"40005","10/01/2025 00:00:00","12/31/9999 00:00:00","0","itg46273","09/16/2025 15:16:54","PVU_EX_1400","itg46273","09/16/2025 15:16:54","PVU_EX_1400","41006","（株）アステム北九州営業部","","","1","3","3","120","150","1","","ecl09006","1"
"40006","04/01/2026 00:00:00","12/31/9999 00:00:00","0","itg37786","02/25/2026 13:44:39","PVU_EX_1400","itg37786","02/25/2026 13:44:39","PVU_EX_1400","40061","（株）アトル南九州統括営業","","","","","3","","","","","","0"
"40007","10/01/2025 00:00:00","12/31/9999 00:00:00","0","itg46273","09/16/2025 15:17:56","PVU_EX_1400","itg46273","09/16/2025 15:17:56","PVU_EX_1400","41006","（株）アステム筑後営業部","","","1","1","3","210","150","1","","","1"
"40010","10/01/2025 00:00:00","12/31/9999 00:00:00","0","itg39895","09/16/2025 15:14:04","PVU_EX_1400","itg39895","09/16/2025 15:14:04","PVU_EX_1400","40044","（株）翔薬北九州営業部","","","1","1","3","110","152","1","","ecl09006","1"
"40014","10/01/2025 00:00:00","12/31/9999 00:00:00","0","itg04283","04/16/2025 14:41:52","PVU_EX_1400","itg04283","04/16/2025 14:41:52","PVU_EX_1400","40044","（株）翔薬筑後営業部","","","1","1","3","215","152","1","","ecl09340","1"
"40016","10/16/2024 00:00:00","12/31/9999 00:00:00","0","itg04213","10/16/2024 11:37:52","PVU_EX_1400","itg04213","10/16/2024 11:37:52","PVU_EX_1400","40061","（株）アトル北九州営業部","","","1","1","3","130","151","1","","","1"
"40018","10/10/2019 00:00:00","12/31/9999 00:00:00","0","itg40916","02/12/2019 09:41:44","PVU_EX_1400","itg40916","02/12/2019 09:41:44","PVU_EX_1400","","（株）Ｐａｌｔａｃ九州営業","40018","","2","","3","","","","","","0"
"40022","10/01/2025 00:00:00","12/31/9999 00:00:00","0","itg41755","04/15/2024 13:12:38","PVU_EX_1400","itg41755","04/15/2024 13:12:38","PVU_EX_1400","41006","（株）アステム福岡営業部","","","1","1","3","020","150","1","","ecl08644","1"
"40024","10/01/2025 00:00:00","12/31/9999 00:00:00","0","itg04213","10/16/2024 11:38:34","PVU_EX_1400","itg04213","10/16/2024 11:38:34","PVU_EX_1400","41006","（株）アステムＤＸ営業部","","","","","3","","","1","","","0"
"40026","04/16/2025 00:00:00","12/31/9999 00:00:00","0","itg04283","04/16/2025 14:42:28","PVU_EX_1400","itg04283","04/16/2025 14:42:28","PVU_EX_1400","40061","（株）アトル筑後営業部","","","1","1","3","220","502","1","","ecl09340","1"
"40035","10/09/2020 00:00:00","12/31/9999 00:00:00","0","itg04213","10/09/2020 13:39:48","PVU_EX_1400","itg04213","10/09/2020 13:39:48","PVU_EX_1400","40035","（株）リードヘルスケア北九","40035","","2","2","3","","102","","","","0"
"40044","12/04/2025 00:00:00","12/31/9999 00:00:00","0","itg42390","10/28/2024 16:01:39","PVU_EX_1400","itg42390","10/28/2024 16:01:39","PVU_EX_1400","40044","（株）翔薬","","","","","3","","","","","","1"
"40046","10/09/2020 00:00:00","12/31/9999 00:00:00","0","itg04213","10/09/2020 13:40:21","PVU_EX_1400","itg04213","10/09/2020 13:40:21","PVU_EX_1400","27803","（株）ＰＡＬＴＡＣ九州支社","40046","","2","2","3","","001","","","","0"
"40047","04/15/2020 00:00:00","12/31/9999 00:00:00","0","itg40916","02/08/2019 16:14:00","PVU_EX_1400","itg40916","02/08/2019 16:14:00","PVU_EX_1400","","（株）ＰＡＬＴＡＣ北九州","40047","","2","2","3","","003","","","","0"
"40048","10/09/2020 00:00:00","12/31/9999 00:00:00","0","itg04213","10/09/2020 13:40:54","PVU_EX_1400","itg04213","10/09/2020 13:40:54","PVU_EX_1400","40048","（株）ＰＡＬＴＡＣ九州支社","","","","2","3","","","","","","0"
"40051","10/09/2020 00:00:00","12/31/9999 00:00:00","0","itg04213","10/09/2020 13:41:28","PVU_EX_1400","itg04213","10/09/2020 13:41:28","PVU_EX_1400","40035","（株）リードＨＣ西日本営業","40035","","2","2","3","","101","","","","0"
"40054","01/15/2021 00:00:00","12/31/9999 00:00:00","0","itg36186","01/14/2021 15:47:20","PVU_EX_1400","itg36186","01/14/2021 15:48:38","PVU_EX_1400","13803","（株）井田両国堂　福岡店","40054","","","","3","","","","","","0"
"40061","12/01/2023 00:00:00","12/31/9999 00:00:00","0","itg45886","11/30/2023 13:12:10","PVU_EX_1400","itg45886","11/30/2023 13:12:10","PVU_EX_1400","40061","（株）アトル","40001","","1","1","3","030","","","","","1"
"40079","10/16/2024 00:00:00","12/31/9999 00:00:00","0","itg04213","10/16/2024 11:39:14","PVU_EX_1400","itg04213","10/16/2024 11:39:14","PVU_EX_1400","40035","株）リードＨＣ九州営業部","40035","","","","3","","","","","","0"
"40080","04/07/2021 00:00:00","12/31/9999 00:00:00","0","itg36186","04/07/2021 13:55:56","PVU_EX_1400","itg36186","04/07/2021 13:55:56","PVU_EX_1400","40035","株）リードヘルスケア広域営","40035","","2","2","3","","103","","","","0"
"40081","10/10/2019 00:00:00","12/31/9999 00:00:00","0","itg40916","10/10/2019 11:32:45","PVU_EX_1400","itg40916","10/10/2019 11:32:45","PVU_EX_1400","43022","（株）トミタＨＣ第二支店","","","3","3","3","060","121","","","","1"
"40082","10/10/2019 00:00:00","12/31/9999 00:00:00","0","itg40916","10/10/2019 11:33:32","PVU_EX_1400","itg40916","10/10/2019 11:33:32","PVU_EX_1400","43022","（株）トミタＨＣ第一支店","","","3","3","3","060","120","","","","1"
"40083","04/01/2026 00:00:00","12/31/9999 00:00:00","0","itg37786","02/19/2026 13:25:17","PVU_EX_1400","itg37786","02/19/2026 13:25:17","PVU_EX_1400","13148","アルフレッサ九州","40083","","","","3","950","160","1","","ecl08644","0"
"40084","06/01/2014 00:00:00","12/31/9999 00:00:00","0","ecl04291","03/29/2018 18:50:00","803001","ecl04291","03/29/2018 18:50:00","803001","23017","シーエス薬品（株）九州営業","","","3","3","3","060","121","","","","1"
"40085","04/06/2022 00:00:00","12/31/9999 00:00:00","0","itg36186","04/06/2022 16:32:14","PVU_EX_1400","itg36186","04/06/2022 16:34:30","PVU_EX_1400","40035","株）リードＨＣ九州ＰＳ営業","40035","","2","2","3","","101","","","","0"
"40090","04/15/2020 00:00:00","12/31/9999 00:00:00","0","itg40916","02/08/2019 10:44:13","PVU_EX_1400","itg40916","02/08/2019 10:44:13","PVU_EX_1400","40090","共創未来福岡薬品（株）","","","1","1","3","980","","","","","0"
"40091","12/01/2023 00:00:00","12/31/9999 00:00:00","0","itg39895","12/04/2023 09:38:34","PVU_EX_1400","itg39895","12/04/2023 09:38:34","PVU_EX_1400","40091","（株）スカイメディカル九州","","13013","","","3","970","","","","","0"
"40098","01/01/2000 00:00:00","12/31/9999 00:00:00","0","ecld0918","03/29/2018 18:50:00","803001","ecld0918","03/29/2018 18:50:00","803001","","正晃（株）","","40001","","3","3","132","","","","","0"
"40888","01/01/2000 00:00:00","12/31/9999 00:00:00","0","","03/29/2018 18:50:00","803001","","03/29/2018 18:50:00","803001","","福岡の代理店","","","","","3","","","","","","0"
"40889","01/01/2000 00:00:00","12/31/9999 00:00:00","0","","03/29/2018 18:50:00","803001","","03/29/2018 18:50:00","803001","","福岡の代理店","","","","","3","","","","","","0"
"40890","10/09/2020 00:00:00","12/31/9999 00:00:00","0","itg36186","04/12/2019 14:03:33","PVU_EX_1400","itg36186","04/12/2019 14:03:33","PVU_EX_1400","13012","アルフレッサＨＣ九州沖縄","40890","","2","2","2","","","","","","0"
"41001","10/01/2025 00:00:00","12/31/9999 00:00:00","0","itg04283","04/16/2025 14:43:10","PVU_EX_1400","itg04283","04/16/2025 14:43:10","PVU_EX_1400","41006","（株）アステム佐賀筑後営","","","1","1","3","320","150","1","","ecl09340","1"
"41002","04/16/2025 00:00:00","12/31/9999 00:00:00","0","itg04283","04/16/2025 14:43:43","PVU_EX_1400","itg04283","04/16/2025 14:43:43","PVU_EX_1400","40061","（株）アトル西九州営業部","","","1","1","3","350","151","1","","ecl09340","1"
"41003","10/01/2025 00:00:00","12/31/9999 00:00:00","0","itg04283","04/16/2025 14:44:14","PVU_EX_1400","itg04283","04/16/2025 14:44:14","PVU_EX_1400","40044","（株）翔薬佐賀営業部","","","1","1","3","310","152","1","","ecl09340","1"
"41005","12/04/2025 00:00:00","12/31/9999 00:00:00","0","itg45886","09/12/2025 10:29:10","PVU_EX_1400","itg45886","09/12/2025 10:29:10","PVU_EX_1400","41006","フォレストグループ","","","","","1","","","","","","1"
"41006","12/04/2025 00:00:00","12/31/9999 00:00:00","0","itg42390","10/28/2024 16:28:50","PVU_EX_1400","itg42390","10/28/2024 16:28:50","PVU_EX_1400","41006","（株）アステム","","","","","1","","","","","","1"
"41007","10/01/2025 00:00:00","12/31/9999 00:00:00","0","itg45886","09/29/2025 11:39:02","PVU_EX_1400","itg45886","09/29/2025 11:39:02","PVU_EX_1400","42102","（株）宮崎温仙堂商店佐賀","","","3","3","3","340","501","1","","ecl09340","1"
"41010","04/15/2020 00:00:00","12/31/9999 00:00:00","0","itg40916","02/08/2019 16:15:50","PVU_EX_1400","itg40916","02/08/2019 16:15:50","PVU_EX_1400","","（株）ＰＡＬＴＡＣ佐賀","41010","","2","2","3","","004","","","","0"
"41888","01/01/2000 00:00:00","12/31/9999 00:00:00","0","","03/29/2018 18:50:00","803001","","03/29/2018 18:50:00","803001","","佐賀の代理店","","","","","3","","","","","","0"
"41889","01/01/2000 00:00:00","12/31/9999 00:00:00","0","","03/29/2018 18:50:00","803001","","03/29/2018 18:50:00","803001","","佐賀の代理店","","","","","3","","","","","","0"
"42001","04/16/2025 00:00:00","12/31/9999 00:00:00","0","itg45886","03/25/2024 13:26:35","PVU_EX_1400","itg45886","03/25/2024 13:26:35","PVU_EX_1400","42001","東七（株）","","","1","3","3","460","145","","","ecl09340","0"
"42002","04/01/2026 00:00:00","12/31/9999 00:00:00","0","itg37786","02/16/2026 15:49:09","PVU_EX_1400","itg37786","02/16/2026 15:49:09","PVU_EX_1400","42102","（株）宮崎温仙堂商店医薬","","","3","3","3","420","500","1","","ecl09340","1"
"42003","04/01/2026 00:00:00","12/31/9999 00:00:00","0","itg37786","02/24/2026 14:38:19","PVU_EX_1400","itg19647","03/12/2026 16:40:00","PVU_EX_1400","42001","東七（株）ＴＳ営業本部","","","","","3","","","","","","0"
"42004","10/01/2025 00:00:00","12/31/9999 00:00:00","0","itg04283","04/16/2025 14:46:14","PVU_EX_1400","itg04283","04/16/2025 14:46:14","PVU_EX_1400","40044","（株）翔薬長崎営業部","","","1","1","3","410","152","1","","ecl09340","1"
"42009","04/16/2025 00:00:00","12/31/9999 00:00:00","0","itg04283","04/16/2025 14:46:36","PVU_EX_1400","itg04283","04/16/2025 14:46:36","PVU_EX_1400","42009","藤村薬品（株）","","","1","3","3","430","047","1","","ecl09340","1"
"42017","04/15/2020 00:00:00","12/31/9999 00:00:00","0","itg40916","02/12/2019 09:34:24","PVU_EX_1400","itg40916","02/12/2019 09:34:24","PVU_EX_1400","","富田薬品（株）長崎支店","","","3","3","3","450","123","1","","","1"
"42018","04/15/2020 00:00:00","12/31/9999 00:00:00","0","itg40916","02/08/2019 16:17:10","PVU_EX_1400","itg40916","02/08/2019 16:17:10","PVU_EX_1400","","（株）ＰＡＬＴＡＣ長崎","42018","","2","2","3","","005","","","","0"
"42019","04/15/2020 00:00:00","12/31/9999 00:00:00","0","itg40916","02/08/2019 10:54:26","PVU_EX_1400","itg40916","02/08/2019 10:54:26","PVU_EX_1400","","（株）アトル長崎営業部","","","1","1","3","440","151","1","","","1"
"42102","12/04/2025 00:00:00","12/31/9999 00:00:00","0","itg42390","10/28/2024 16:06:22","PVU_EX_1400","itg42390","10/28/2024 16:06:22","PVU_EX_1400","42102","（株）宮崎温仙堂商店","","","","","3","","","","","","1"
"42888","01/01/2000 00:00:00","12/31/9999 00:00:00","0","","03/29/2018 18:50:00","803001","","03/29/2018 18:50:00","803001","","長崎の代理店","","","","","3","","","","","","0"
"42889","01/01/2000 00:00:00","12/31/9999 00:00:00","0","","03/29/2018 18:50:00","803001","","03/29/2018 18:50:00","803001","","長崎の代理店","","","","","3","","","","","","0"
"43001","04/16/2025 00:00:00","12/31/9999 00:00:00","0","itg04283","04/16/2025 14:47:11","PVU_EX_1400","itg04283","04/16/2025 14:47:11","PVU_EX_1400","43001","九州東邦（株）","","","1","3","3","680","159","1","","ecl09722","1"
"43002","04/15/2021 00:00:00","12/31/9999 00:00:00","0","itg35320","04/15/2020 14:12:08","PVU_EX_1400","itg35320","04/15/2020 14:12:08","PVU_EX_1400","43002","富田薬品（株）","","","3","3","3","670","126","1","","ecl08362","1"
"43003","10/01/2025 00:00:00","12/31/9999 00:00:00","0","itg46273","09/16/2025 15:23:55","PVU_EX_1400","itg46273","09/16/2025 15:23:55","PVU_EX_1400","41006","（株）アステム熊本営業部","","","1","3","1","610","150","1","","ecl08362","1"
"43004","04/15/2021 00:00:00","12/31/9999 00:00:00","0","itg04213","04/24/2018 13:52:51","PVU_EX_1400","itg04213","04/24/2018 13:52:51","PVU_EX_1400","40061","（株）アトル熊本営業部","","","1","1","3","620","151","1","","ecl08362","1"
"43006","10/01/2025 00:00:00","12/31/9999 00:00:00","0","itg46273","09/16/2025 13:35:59","PVU_EX_1400","itg46273","09/16/2025 13:35:59","PVU_EX_1400","43066","（株）新生堂","","","1","3","3","630","142","1","","ecl08362","1"
"43007","10/09/2020 00:00:00","12/31/9999 00:00:00","0","itg04213","10/09/2020 13:44:52","PVU_EX_1400","itg04213","10/09/2020 13:44:52","PVU_EX_1400","43007","徳光屋本店","43007","43006","","3","3","690","","","","","0"
"43011","10/01/2025 00:00:00","12/31/9999 00:00:00","0","itg39895","09/16/2025 14:50:10","PVU_EX_1400","itg45886","09/29/2025 11:40:59","PVU_EX_1400","42102","（株）宮崎温仙堂商店熊本","","","3","3","3","640","503","1","","ecl08362","1"
"43014","04/15/2020 00:00:00","12/31/9999 00:00:00","0","itg40916","02/08/2019 16:21:36","PVU_EX_1400","itg40916","02/08/2019 16:21:36","PVU_EX_1400","","（株）ＰＡＬＴＡＣ熊本","43014","","2","2","3","","006","","","","0"
"43022","10/10/2019 00:00:00","12/31/9999 00:00:00","0","itg40916","10/10/2019 11:34:33","PVU_EX_1400","itg40916","10/10/2019 11:34:33","PVU_EX_1400","43022","（株）トミタヘルスケア","","","3","3","3","670","402","","","","1"
"43023","10/01/2025 00:00:00","12/31/9999 00:00:00","0","itg39895","09/16/2025 15:17:22","PVU_EX_1400","itg39895","09/16/2025 15:17:22","PVU_EX_1400","40044","（株）翔薬熊本営業部","","","1","1","3","650","153","1","","ecl08362","1"
"43024","04/15/2020 00:00:00","12/31/9999 00:00:00","0","itg40916","02/08/2019 10:45:50","PVU_EX_1400","itg40916","02/08/2019 10:45:50","PVU_EX_1400","43024","共創未来熊本薬品（株）","","","1","1","3","981","","","","","0"
"43066","12/04/2025 00:00:00","12/31/9999 00:00:00","0","itg46273","09/12/2025 11:26:04","PVU_EX_1400","itg46273","09/12/2025 11:26:04","PVU_EX_1400","43066","（株）新生堂","","","","","3","","","","","","1"
"43099","10/01/2025 00:00:00","12/31/9999 00:00:00","0","itg46273","09/16/2025 14:28:01","PVU_EX_1400","itg46273","09/16/2025 14:28:01","PVU_EX_1400","43066","ツツミ化学","","43006","","3","3","","","","","","0"
"43888","01/01/2000 00:00:00","12/31/9999 00:00:00","0","","03/29/2018 18:50:00","803001","","03/29/2018 18:50:00","803001","","熊本の代理店","","","","","3","","","","","","0"
"43889","01/01/2000 00:00:00","12/31/9999 00:00:00","0","","03/29/2018 18:50:00","803001","","03/29/2018 18:50:00","803001","","熊本の代理店","","","","","3","","","","","","0"
"44001","10/01/2025 00:00:00","12/31/9999 00:00:00","0","itg46273","09/12/2025 11:47:51","PVU_EX_1400","itg46273","09/12/2025 11:47:51","PVU_EX_1400","41006","（株）アステム大分営業部","","","1","3","1","710","150","1","","ecl09006","1"
"44002","04/15/2020 00:00:00","12/31/9999 00:00:00","0","itg04213","10/02/2018 14:12:39","PVU_EX_1400","itg04213","10/02/2018 14:12:39","PVU_EX_1400","40061","（株）アトル大分営業部","","","1","1","3","730","151","1","","ecl09006","1"
"44003","10/01/2025 00:00:00","12/31/9999 00:00:00","0","itg39895","09/16/2025 15:18:10","PVU_EX_1400","itg39895","09/16/2025 15:18:10","PVU_EX_1400","40044","（株）翔薬大分営業部","","","1","1","3","750","152","1","","ecl09006","1"
"44013","04/15/2020 00:00:00","12/31/9999 00:00:00","0","itg40916","02/08/2019 16:22:53","PVU_EX_1400","itg40916","02/08/2019 16:22:53","PVU_EX_1400","","（株）Ｐａｌｔａｃ大分","44013","","2","2","3","","007","","","","0"
"44014","04/15/2020 00:00:00","12/31/9999 00:00:00","0","itg40916","02/12/2019 09:35:56","PVU_EX_1400","itg40916","02/12/2019 09:35:56","PVU_EX_1400","","富田薬品（株）大分支店","","","3","3","3","760","127","1","","","1"
"44018","04/15/2020 00:00:00","12/31/9999 00:00:00","0","itg40916","02/08/2019 10:47:42","PVU_EX_1400","itg40916","02/08/2019 10:47:42","PVU_EX_1400","44018","共創未来大分薬品（株）","","","1","1","3","982","","","","","0"
"44888","01/01/2000 00:00:00","12/31/9999 00:00:00","0","","03/29/2018 18:50:00","803001","","03/29/2018 18:50:00","803001","","大分の代理店","","","","","3","","","","","","0"
"44889","01/01/2000 00:00:00","12/31/9999 00:00:00","0","","03/29/2018 18:50:00","803001","","03/29/2018 18:50:00","803001","","大分の代理店","","","","","3","","","","","","0"
"45001","10/01/2025 00:00:00","12/31/9999 00:00:00","0","itg41755","04/15/2024 13:10:13","PVU_EX_1400","itg41755","04/15/2024 13:10:13","PVU_EX_1400","41006","（株）アステム宮崎営業部","","","1","3","1","810","150","1","","ecl09722","1"
"45002","04/16/2025 00:00:00","12/31/9999 00:00:00","0","itg04283","04/16/2025 14:48:13","PVU_EX_1400","itg04283","04/16/2025 14:48:13","PVU_EX_1400","40061","（株）アトル宮崎営業部","","","1","1","3","820","151","1","","ecl09722","1"
"45008","04/15/2020 00:00:00","12/31/9999 00:00:00","0","itg40916","02/08/2019 16:24:08","PVU_EX_1400","itg40916","02/08/2019 16:24:08","PVU_EX_1400","","（株）ＰＡＬＴＡＣ宮崎","45008","","2","2","3","","008","","","","0"
"45009","04/15/2020 00:00:00","12/31/9999 00:00:00","0","itg40916","02/12/2019 09:37:26","PVU_EX_1400","itg40916","02/12/2019 09:37:26","PVU_EX_1400","","富田薬品（株）宮崎支店","","","3","3","3","840","128","1","","","1"
"45012","10/01/2025 00:00:00","12/31/9999 00:00:00","0","itg04283","04/16/2025 14:48:45","PVU_EX_1400","itg04283","04/16/2025 14:48:45","PVU_EX_1400","40044","（株）翔薬宮崎営業部","","","1","1","3","825","152","1","","ecl09722","1"
"45017","10/09/2020 00:00:00","12/31/9999 00:00:00","0","itg04213","06/29/2018 13:16:43","PVU_EX_1400","itg04213","06/29/2018 13:16:43","PVU_EX_1400","45017","（有）日豊メディック","","13013","","","3","960","","","","","0"
"45888","01/01/2000 00:00:00","12/31/9999 00:00:00","0","","03/29/2018 18:50:00","803001","","03/29/2018 18:50:00","803001","","宮崎の代理店","","","","","3","","","","","","0"
"46001","04/15/2020 00:00:00","12/31/9999 00:00:00","0","itg40916","02/12/2019 09:38:45","PVU_EX_1400","itg40916","02/12/2019 09:38:45","PVU_EX_1400","","富田薬品（株）鹿児島店","","","3","3","3","940","129","1","","","1"
"46002","04/15/2021 00:00:00","12/31/9999 00:00:00","0","itg35320","04/15/2020 14:25:11","PVU_EX_1400","itg35320","04/15/2020 14:25:11","PVU_EX_1400","40061","（株）アトル鹿児島営業部","","","1","1","1","930","151","1","","ecl08362","1"
"46005","10/01/2025 00:00:00","12/31/9999 00:00:00","0","itg39895","09/16/2025 15:19:50","PVU_EX_1400","itg39895","09/16/2025 15:19:50","PVU_EX_1400","40044","（株）翔薬鹿児島営業部","","","1","1","3","910","152","1","","ecl08362","1"
"46007","10/01/2025 00:00:00","12/31/9999 00:00:00","0","itg46273","09/16/2025 15:28:14","PVU_EX_1400","itg46273","09/16/2025 15:28:14","PVU_EX_1400","41006","（株）アステム鹿児島営業部","","","1","3","1","920","150","1","","ecl08362","1"
"46015","04/15/2020 00:00:00","12/31/9999 00:00:00","0","itg40916","02/08/2019 16:25:44","PVU_EX_1400","itg40916","02/08/2019 16:25:44","PVU_EX_1400","","（株）Ｐａｌｔａｃ鹿児島","46015","","2","2","3","","009","","","","0"
"46026","10/10/2019 00:00:00","12/31/9999 00:00:00","0","itg40916","10/10/2019 11:35:29","PVU_EX_1400","itg40916","10/10/2019 11:35:29","PVU_EX_1400","43022","（株）トミタＨＣ第三支店","","","3","3","3","960","125","","","","1"
"46027","04/15/2020 00:00:00","12/31/9999 00:00:00","0","itg40916","02/08/2019 10:50:01","PVU_EX_1400","itg40916","02/08/2019 10:50:01","PVU_EX_1400","46027","共創未来鹿児島薬品（株）","","","1","1","3","983","","","","","0"
"46888","01/01/2000 00:00:00","12/31/9999 00:00:00","0","","03/29/2018 18:50:00","803001","","03/29/2018 18:50:00","803001","","鹿児島の代理店","","","","","3","","","","","","0"
"46889","01/01/2000 00:00:00","12/31/9999 00:00:00","0","","03/29/2018 18:50:00","803001","","03/29/2018 18:50:00","803001","","鹿児島の代理店","","","","","3","","","","","","0"
"47001","04/15/2024 00:00:00","12/31/9999 00:00:00","0","itg41755","04/15/2024 13:09:33","PVU_EX_1400","itg41755","04/15/2024 13:09:33","PVU_EX_1400","47001","（株）スズケン沖縄薬品","47001","","3","3","3","510","140","1","","ecl08644","1"
"47002","04/15/2024 00:00:00","12/31/9999 00:00:00","0","itg41755","04/15/2024 12:00:14","PVU_EX_1400","itg41755","04/15/2024 12:00:14","PVU_EX_1400","47002","（株）ダイコー沖縄","","","3","3","3","520","141","1","","ecl08644","1"
"47003","04/01/2026 00:00:00","12/31/9999 00:00:00","0","itg37786","02/19/2026 14:47:47","PVU_EX_1400","itg37786","02/19/2026 14:47:47","PVU_EX_1400","47007","（株）琉薬沖縄第二営業部","","","","","3","","","","","","0"
"47004","04/01/2026 00:00:00","12/31/9999 00:00:00","0","itg37786","02/19/2026 14:51:39","PVU_EX_1400","itg37786","02/19/2026 14:51:39","PVU_EX_1400","47007","（株）琉薬沖縄病院部","","","","","3","","","","","","0"
"47005","04/01/2026 00:00:00","12/31/9999 00:00:00","0","itg36186","03/12/2026 15:57:32","PVU_EX_1400","itg19647","03/12/2026 16:38:37","PVU_EX_1400","47007","（株）琉薬沖縄第一営業部","","","","","3","","","","","","0"
"47007","04/15/2024 00:00:00","12/31/9999 00:00:00","0","itg41755","04/15/2024 11:59:40","PVU_EX_1400","itg41755","04/15/2024 11:59:40","PVU_EX_1400","47007","（株）琉薬","47007","","","","3","530","142","","","ecl08644","1"
"47008","04/15/2020 00:00:00","12/31/9999 00:00:00","0","itg40916","02/08/2019 16:27:42","PVU_EX_1400","itg40916","02/08/2019 16:27:42","PVU_EX_1400","","（株）Ｐａｌｔａｃ沖縄支店","40018","","","","3","","","","","","0"
"47010","04/15/2024 00:00:00","12/31/9999 00:00:00","0","itg41755","04/15/2024 11:58:56","PVU_EX_1400","itg41755","04/15/2024 11:58:56","PVU_EX_1400","40061","（株）アトル琉球営業部","40061","","1","1","3","940","143","","","ecl08644","1"
"47011","04/15/2024 00:00:00","12/31/9999 00:00:00","0","itg41755","04/15/2024 11:57:52","PVU_EX_1400","itg41755","04/15/2024 11:57:52","PVU_EX_1400","47011","沖縄東邦（株）","47011","","1","3","1","690","170","","","ecl08644","0"
"47014","10/09/2020 00:00:00","12/31/9999 00:00:00","0","itg04213","04/23/2018 16:12:55","PVU_EX_1400","itg04213","04/23/2018 16:12:55","PVU_EX_1400","13012","アルフレッサＨＣ沖縄支社","47014","","2","2","2","","","1","","","0"
"47016","04/15/2020 00:00:00","12/31/9999 00:00:00","0","itg40916","02/08/2019 10:51:51","PVU_EX_1400","itg40916","02/08/2019 10:51:51","PVU_EX_1400","47016","共創未来沖縄薬品（株）","","","1","1","3","984","","","","","0"
"47888","01/01/2000 00:00:00","12/31/9999 00:00:00","0","","03/29/2018 18:50:00","803001","","03/29/2018 18:50:00","803001","","沖縄の代理店","","","","","3","","","","","","0"
"47889","01/01/2000 00:00:00","12/31/9999 00:00:00","0","","03/29/2018 18:50:00","803001","","03/29/2018 18:50:00","803001","","沖縄の代理店","","","","","3","","","","","","0"
