"Joi_DairitenTK_CD","DairitenTK_Kaiso_KBN","TekiyoKaishi_DT","TekiyoShuryo_DT","Del_FLG","Sakuseisha_ID","Sakusei_DT","SakuseiProgram_ID","Koshinsha_ID","Koshin_DT","KoshinProgram_ID","DairitenTokeiName_KJKC","DairitenTokeiName_KJ","DairitenTokeiName_KJR","DairitenTokeiName_KJK","DairitenTokeiName_KN","DairitenTokeiName_KNR"
"01001","PVU_K0004","01/01/2000 00:00:00","12/31/9999 00:00:00","0","IKOU-KUN","03/29/2018 20:43:37","IKOU-STP","IKOU-SAN","03/29/2018 20:43:37","IKOU-CYAN","愛生舘ブロック","愛生舘ブロック","愛生舘ブ","愛生","ｱｲｾｲｶﾝﾌﾞﾛﾂｸ","ｱｲｾｲｶﾝﾌﾞ"
"01005","PVU_K0001","01/01/2000 00:00:00","12/31/9999 00:00:00","0","IKOU-KUN","03/29/2018 20:43:37","IKOU-STP","IKOU-SAN","03/29/2018 20:43:37","IKOU-CYAN","（株）モロオ","（株）モロオ","モロオ","モロオ","KK ﾓﾛｵ","ﾓﾛｵ"
"01005","PVU_K0003","01/01/2000 00:00:00","12/31/9999 00:00:00","0","IKOU-KUN","03/29/2018 20:43:37","IKOU-STP","IKOU-SAN","03/29/2018 20:43:37","IKOU-CYAN","（株）モロオ","（株）モロオ","モロオ","モロオ","KK ﾓﾛｵ","ﾓﾛｵ"
"01005","PVU_K0004","01/01/2000 00:00:00","12/31/9999 00:00:00","0","IKOU-KUN","03/29/2018 20:43:37","IKOU-STP","IKOU-SAN","03/29/2018 20:43:37","IKOU-CYAN","（株）モロオ","（株）モロオ","モロオ","モロオ","KK ﾓﾛｵ","ﾓﾛｵ"
"01020","PVU_K0001","01/01/2000 00:00:00","12/31/9999 00:00:00","0","IKOU-KUN","03/29/2018 20:43:37","IKOU-STP","IKOU-SAN","03/29/2018 20:43:37","IKOU-CYAN","株式会社　ほくやく","株式会社　ほくやく","ほくやく","ほくやく","KK ﾎｸﾔｸ","ﾎｸﾔｸ"
"01020","PVU_K0003","01/01/2000 00:00:00","12/31/9999 00:00:00","0","IKOU-KUN","03/29/2018 20:43:37","IKOU-STP","IKOU-SAN","03/29/2018 20:43:37","IKOU-CYAN","株式会社　ほくやく","株式会社　ほくやく","ほくやく","ほくやく","KK ﾎｸﾔｸ","ﾎｸﾔｸ"
"01020","PVU_K0004","01/01/2000 00:00:00","12/31/9999 00:00:00","0","IKOU-KUN","03/29/2018 20:43:37","IKOU-STP","IKOU-SAN","03/29/2018 20:43:37","IKOU-CYAN","株式会社　ほくやく","株式会社　ほくやく","ほくやく","ほくやく","KK ﾎｸﾔｸ","ﾎｸﾔｸ"
"01029","PVU_K0001","01/01/2000 00:00:00","12/31/9999 00:00:00","0","IKOU-KUN","03/29/2018 20:43:37","IKOU-STP","IKOU-SAN","03/29/2018 20:43:37","IKOU-CYAN","北海道厚生連　医薬品課","北海道厚生連　医薬品課","厚生連　医薬品課","厚生連（医","ﾎﾂｶｲﾄﾞｳｺｳｾｲﾚﾝ ｲﾔｸﾋﾝｶ","ｺｳｾｲﾚﾝ ｲﾔｸ"
"01029","PVU_K0003","01/01/2000 00:00:00","12/31/9999 00:00:00","0","IKOU-KUN","03/29/2018 20:43:37","IKOU-STP","IKOU-SAN","03/29/2018 20:43:37","IKOU-CYAN","北海道厚生連　医薬品課","北海道厚生連　医薬品課","厚生連　医薬品課","厚生連（医","ﾎﾂｶｲﾄﾞｳｺｳｾｲﾚﾝ ｲﾔｸﾋﾝｶ","ｺｳｾｲﾚﾝ ｲﾔｸ"
"01029","PVU_K0004","01/01/2000 00:00:00","12/31/9999 00:00:00","0","IKOU-KUN","03/29/2018 20:43:37","IKOU-STP","IKOU-SAN","03/29/2018 20:43:37","IKOU-CYAN","北海道厚生連　医薬品課","北海道厚生連　医薬品課","厚生連　医薬品課","厚生連（医","ﾎﾂｶｲﾄﾞｳｺｳｾｲﾚﾝ ｲﾔｸﾋﾝｶ","ｺｳｾｲﾚﾝ ｲﾔｸ"
"01048","PVU_K0004","01/01/2000 00:00:00","01/13/2021 00:00:00","0","IKOU-KUN","03/29/2018 20:43:37","IKOU-STP","IKOU-SAN","03/29/2018 20:43:37","IKOU-CYAN","（株）井田両国堂札幌店","（株）井田両国堂札幌店","（株）井田札幌","井田札幌","KKｲﾀﾞﾘﾖｳｺﾞｸﾄﾞｳ","ｻﾂﾎﾟﾛ"
"01048","PVU_K0004","01/14/2021 00:00:00","12/31/9999 00:00:00","0","itg36186","01/14/2021 15:43:16","PVU_EX_1400","itg36186","01/14/2021 15:53:48","PVU_EX_1400","（株）井田両国堂　札幌店","（株）井田両国堂　札幌店","井田両国堂　札幌店","井田　札幌","ｲﾀﾞﾘﾖｳｺﾞｸﾄﾞｳ ｻﾂﾎﾟﾛ","ｲﾀﾞ ｻﾂﾎﾟﾛ"
"01049","PVU_K0003","01/01/2000 00:00:00","12/31/9999 00:00:00","0","IKOU-KUN","03/29/2018 20:43:37","IKOU-STP","IKOU-SAN","03/29/2018 20:43:37","IKOU-CYAN","株）リードヘルスケア北日本営業部","株）リードヘルスケア北日本","リードＨＣ北日本","ＲＨＣ北日","KK ﾘ-ﾄﾞﾍﾙｽｹｱｷﾀﾆﾎﾝ","ﾘ-ﾄﾞｷﾀﾆﾎﾝ"
"01049","PVU_K0004","01/01/2000 00:00:00","12/31/9999 00:00:00","0","IKOU-KUN","03/29/2018 20:43:37","IKOU-STP","IKOU-SAN","03/29/2018 20:43:37","IKOU-CYAN","株）リードヘルスケア北日本営業部","株）リードヘルスケア北日本","リードＨＣ北日本","ＲＨＣ北日","KK ﾘ-ﾄﾞﾍﾙｽｹｱｷﾀﾆﾎﾝ","ﾘ-ﾄﾞｷﾀﾆﾎﾝ"
"01050","PVU_K0003","01/01/2000 00:00:00","12/31/9999 00:00:00","0","IKOU-KUN","03/29/2018 20:43:37","IKOU-STP","IKOU-SAN","03/29/2018 20:43:37","IKOU-CYAN","（株）Ｐａｌｔａｃ北海道Ｒ","（株）Ｐａｌｔａｃ北海道Ｒ","Ｐａｌｔａｃ北海道Ｒ","ＰＴ北海道","ﾊﾟﾙﾀﾂｸKSﾎﾂｶｲﾄﾞﾄﾞｳ","PTﾎﾂｶｲﾄﾄﾞｳ"
"01050","PVU_K0004","01/01/2000 00:00:00","12/31/9999 00:00:00","0","IKOU-KUN","03/29/2018 20:43:37","IKOU-STP","IKOU-SAN","03/29/2018 20:43:37","IKOU-CYAN","（株）ＰＡＬＴＡＣ北海道Ｒ","（株）ＰＡＬＴＡＣ北海道Ｒ","ＰＡＬＴＡＣ北海道Ｒ","ＰＴ北海道","ﾊﾟﾙﾀﾂｸKSﾎﾂｶｲﾄﾞﾄﾞｳ","PTﾎﾂｶｲﾄﾄﾞｳ"
"01051","PVU_K0004","01/01/2000 00:00:00","12/31/9999 00:00:00","0","IKOU-KUN","03/29/2018 20:43:37","IKOU-STP","IKOU-SAN","03/29/2018 20:43:37","IKOU-CYAN","北海道・東北支社","北海道・東北支社","北海道東北","北東","ﾎﾂｶｲﾄﾞｳ･ﾄｳﾎｸｼｼﾔ","ﾎﾂｶｲﾄﾞｳﾄｳﾎ"
"01053","PVU_K0004","01/01/2000 00:00:00","06/30/2018 00:00:00","0","IKOU-KUN","03/29/2018 20:43:37","IKOU-STP","itg04213","06/22/2018 00:00:00","Tenyuryoku","（株）恒和薬品北海道","（株）恒和薬品北海道","恒和薬品北海道","恒和北海道","ｺｳﾜ ﾔｸﾋﾝ ﾎﾂｶｲﾄﾞｳ","ｺｳﾜﾎﾂｶｲﾄﾞｳ"
"01889","PVU_K0001","01/01/2000 00:00:00","12/31/9999 00:00:00","0","IKOU-KUN","03/29/2018 20:43:37","IKOU-STP","IKOU-SAN","03/29/2018 20:43:37","IKOU-CYAN","北海道の代理店","北海道の代理店","北海道の代理店","北・代理店","ﾎﾂｶｲﾄﾞｳﾉ ﾀﾞｲﾘﾃﾝ","ﾎﾂｶｲﾄﾞｳ"
"02001","PVU_K0004","01/01/2000 00:00:00","12/31/9999 00:00:00","0","IKOU-KUN","03/29/2018 20:43:37","IKOU-STP","IKOU-SAN","03/29/2018 20:43:37","IKOU-CYAN","（株）アスカム青森支店","（株）アスカム青森支店","アスカム青森支店","ＡＣ青森","KKｱｽｶﾑ ｱｵﾓﾘｼﾃﾝ","ACｱｵﾓﾘ"
"02003","PVU_K0003","01/01/2000 00:00:00","12/31/9999 00:00:00","0","IKOU-KUN","03/29/2018 20:43:37","IKOU-STP","IKOU-SAN","03/29/2018 20:43:37","IKOU-CYAN","（株）ショウエ－","（株）ショウエ－","ショウエ－","ショウエ－","KK ｼﾖｳｴ-","ｼﾖｳｴ-"
"02003","PVU_K0004","01/01/2000 00:00:00","12/31/9999 00:00:00","0","IKOU-KUN","03/29/2018 20:43:37","IKOU-STP","IKOU-SAN","03/29/2018 20:43:37","IKOU-CYAN","（株）ショウエ－","（株）ショウエ－","ショウエ－","ショウエ－","KK ｼﾖｳｴ-","ｼﾖｳｴ-"
"03002","PVU_K0003","01/01/2000 00:00:00","12/02/2018 00:00:00","0","IKOU-KUN","03/29/2018 20:43:37","IKOU-STP","ITSP","12/03/2018 00:00:00","H181223","（株）小田島","（株）小田島","小田島","小田島","KK ｵﾀﾞｼﾞﾏ","ｵﾀﾞｼﾞﾏ"
"03002","PVU_K0004","01/01/2000 00:00:00","12/02/2018 00:00:00","0","IKOU-KUN","03/29/2018 20:43:37","IKOU-STP","ITSP","12/03/2018 00:00:00","H181223","（株）小田島","（株）小田島","小田島","小田島","KK ｵﾀﾞｼﾞﾏ","ｵﾀﾞｼﾞﾏ"
"03002","PVU_K0005","01/01/2000 00:00:00","12/02/2018 00:00:00","0","IKOU-KUN","03/29/2018 20:43:37","IKOU-STP","ITSP","12/03/2018 00:00:00","H181223","（株）小田島","（株）小田島","小田島","小田島","KK ｵﾀﾞｼﾞﾏ","ｵﾀﾞｼﾞﾏ"
"03005","PVU_K0003","01/01/2000 00:00:00","12/31/9999 00:00:00","0","IKOU-KUN","03/29/2018 20:43:37","IKOU-STP","IKOU-SAN","03/29/2018 20:43:37","IKOU-CYAN","（株）スズケン岩手","（株）スズケン岩手","スズケン岩手","ＳＺ岩手","KKｽｽﾞｹﾝ ｲﾜﾃ","SZｲﾜﾃ"
"03005","PVU_K0004","01/01/2000 00:00:00","12/31/9999 00:00:00","0","IKOU-KUN","03/29/2018 20:43:37","IKOU-STP","IKOU-SAN","03/29/2018 20:43:37","IKOU-CYAN","（株）スズケン岩手","（株）スズケン岩手","スズケン岩手","ＳＺ岩手","KKｽｽﾞｹﾝ ｲﾜﾃ","SZｲﾜﾃ"
"03010","PVU_K0001","01/01/2000 00:00:00","12/31/9999 00:00:00","0","IKOU-KUN","03/29/2018 20:43:37","IKOU-STP","IKOU-SAN","03/29/2018 20:43:37","IKOU-CYAN","（株）佐藤薬局","（株）佐藤薬局","佐藤薬局","佐藤","ｻﾄｳ ﾔﾂｷﾖｸ","ｻﾄｳ"
"03010","PVU_K0003","01/01/2000 00:00:00","12/31/9999 00:00:00","0","IKOU-KUN","03/29/2018 20:43:37","IKOU-STP","IKOU-SAN","03/29/2018 20:43:37","IKOU-CYAN","（株）佐藤薬局","（株）佐藤薬局","佐藤薬局","佐藤","ｻﾄｳ ﾔﾂｷﾖｸ","ｻﾄｳ"
"03025","PVU_K0004","01/01/2000 00:00:00","12/31/9999 00:00:00","0","IKOU-KUN","03/29/2018 20:43:37","IKOU-STP","IKOU-SAN","03/29/2018 20:43:37","IKOU-CYAN","（株）アスカム岩手支店","（株）アスカム岩手支店","アスカム岩手支店","ＡＣ岩手","KKｱｽｶﾑ ｲﾜﾃｼﾃﾝ","ACｲﾜﾃ"
"03027","PVU_K0005","10/01/2018 00:00:00","12/31/9999 00:00:00","0","itg04213","09/14/2018 09:36:50","PVU_EX_1400","itg04213","09/14/2018 09:36:50","PVU_EX_1400","東北アルフレッサ（株）岩手","東北アルフレッサ（株）岩手","東北アルフレッサ岩手","東北Ａ岩手","ﾄｳﾎｸｱﾙﾌﾚﾂｻ ｲﾜﾃ","ﾄｳﾎｸAｲﾜﾃ"
"03031","PVU_K0001","04/01/2018 00:00:00","12/31/9999 00:00:00","0","itg04213","03/31/2018 16:33:18","PVU_EX_1400","itg04213","03/31/2018 16:33:18","PVU_EX_1400","株式会社小田島アクティ","株式会社小田島アクティ","小田島アクティ","小田島アク","ｵﾀﾞｼﾞﾏｱｸﾃｲ","ｵﾀﾞｼﾞﾏｱｸﾃｲ"
"04001","PVU_K0001","01/01/2000 00:00:00","12/31/9999 00:00:00","0","IKOU-KUN","03/29/2018 20:43:37","IKOU-STP","IKOU-SAN","03/29/2018 20:43:37","IKOU-CYAN","（株）バイタルネット宮城","（株）バイタルネット宮城","バイタルネット宮城","ＶＮ宮城","(ｶﾌﾞ)ﾊﾞｲﾀﾙﾈﾂﾄ ﾐﾔｷﾞ","VNﾐﾔｷﾞ"
"04001","PVU_K0004","01/01/2000 00:00:00","12/31/9999 00:00:00","0","IKOU-KUN","03/29/2018 20:43:37","IKOU-STP","IKOU-SAN","03/29/2018 20:43:37","IKOU-CYAN","（株）バイタルネット宮城","（株）バイタルネット宮城","バイタルネット宮城","ＶＮ宮城","(ｶﾌﾞ)ﾊﾞｲﾀﾙﾈﾂﾄ ﾐﾔｷﾞ","VNﾐﾔｷﾞ"
"04002","PVU_K0004","01/01/2000 00:00:00","12/02/2018 00:00:00","0","IKOU-KUN","03/29/2018 20:43:37","IKOU-STP","ITSP","12/03/2018 00:00:00","H181223","（株）小田島宮城","（株）小田島宮城","小田島宮城","小田島宮城","KK ｵﾀﾞｼﾞﾏ ﾐﾔｷﾞｴｲｷﾞﾖ","ｵﾀﾞｼﾏｾﾝﾀﾞｲ"
"04003","PVU_K0001","05/21/2018 00:00:00","12/31/9999 00:00:00","0","itg04213","05/21/2018 14:22:21","PVU_EX_1400","itg04213","05/21/2018 14:22:21","PVU_EX_1400","バイタルＪＤ","バイタルＪＤ","バイタルＪＤ","バイタルＪ","ﾊﾞｲﾀﾙJD","ﾊﾞｲﾀﾙJD"
"04004","PVU_K0004","01/01/2000 00:00:00","12/31/9999 00:00:00","0","IKOU-KUN","03/29/2018 20:43:37","IKOU-STP","IKOU-SAN","03/29/2018 20:43:37","IKOU-CYAN","（株）アスカム宮城支店","（株）アスカム宮城支店","アスカム宮城支店","ＡＣ宮城","KK ｱｽｶﾑ ﾐﾔｷﾞｼﾃﾝ","ACﾐﾔｷﾞ"
"04005","PVU_K0003","01/01/2000 00:00:00","12/31/9999 00:00:00","0","IKOU-KUN","03/29/2018 20:43:37","IKOU-STP","IKOU-SAN","03/29/2018 20:43:37","IKOU-CYAN","イワキ（株）仙台支店","イワキ（株）仙台支店","イワキ　　　仙台支店","イワキ仙台","ｲﾜｷ KK ｾﾝﾀﾞｲｼﾃﾝ","ｲﾜｷ ｾﾝﾀﾞｲ"
"04005","PVU_K0004","01/01/2000 00:00:00","12/31/9999 00:00:00","0","IKOU-KUN","03/29/2018 20:43:37","IKOU-STP","IKOU-SAN","03/29/2018 20:43:37","IKOU-CYAN","イワキ（株）仙台支店","イワキ（株）仙台支店","イワキ　　　仙台支店","イワキ仙台","ｲﾜｷ KK ｾﾝﾀﾞｲｼﾃﾝ","ｲﾜｷ ｾﾝﾀﾞｲ"
"04005","PVU_K0005","01/01/2000 00:00:00","12/31/9999 00:00:00","0","IKOU-KUN","03/29/2018 20:43:37","IKOU-STP","IKOU-SAN","03/29/2018 20:43:37","IKOU-CYAN","イワキ（株）仙台支店","イワキ（株）仙台支店","イワキ　　　仙台支店","イワキ仙台","ｲﾜｷ KK ｾﾝﾀﾞｲｼﾃﾝ","ｲﾜｷ ｾﾝﾀﾞｲ"
"04006","PVU_K0004","01/15/2021 00:00:00","12/31/9999 00:00:00","0","itg36186","01/15/2021 13:55:17","PVU_EX_1400","itg36186","01/15/2021 13:55:17","PVU_EX_1400","（株）井田両国堂　仙台店","（株）井田両国堂　仙台店","井田両国堂　仙台店","井田　仙台","ｲﾀﾞﾘﾖｳｺﾞｸﾄﾞｳ ｾﾝﾀﾞｲ","ｲﾀﾞ ｾﾝﾀﾞｲ"
"04019","PVU_K0001","01/01/2000 00:00:00","12/31/9999 00:00:00","0","IKOU-KUN","03/29/2018 20:43:37","IKOU-STP","IKOU-SAN","03/29/2018 20:43:37","IKOU-CYAN","純正化学メディカル事業所","純正化学メディカル事業所","純正化学メディカル","純正化学","ｼﾞﾕﾝｾｲｶｶﾞｸﾒﾃﾞｲｶﾙ","ｼﾞﾕﾝｾｲｶｶﾞｸ"
"04020","PVU_K0001","01/01/2000 00:00:00","12/31/9999 00:00:00","0","IKOU-KUN","03/29/2018 20:43:37","IKOU-STP","IKOU-SAN","03/29/2018 20:43:37","IKOU-CYAN","小泉薬品（株）","小泉薬品（株）","小泉薬品","小泉","ｺｲｽﾞﾐ ﾔｸﾋﾝ","ｺｲｽﾞﾐ"
"04030","PVU_K0004","01/01/2000 00:00:00","12/31/9999 00:00:00","0","IKOU-KUN","03/29/2018 20:43:37","IKOU-STP","IKOU-SAN","03/29/2018 20:43:37","IKOU-CYAN","（株）ＰＡＬＴＡＣ東北支社","（株）ＰＡＬＴＡＣ東北支社","ＰＡＬＴＡＣ東北支社","ＰＴ東北","ﾊﾟﾙﾀﾂｸKSﾄｳﾎｸ","PTﾄｳﾎｸ"
"04040","PVU_K0003","01/01/2000 00:00:00","12/31/9999 00:00:00","0","IKOU-KUN","03/29/2018 20:43:37","IKOU-STP","IKOU-SAN","03/29/2018 20:43:37","IKOU-CYAN","（株）アスカム","（株）アスカム","アスカム","アスカム","KKｱｽｶﾑ","ｱｽｶﾑ"
"04041","PVU_K0003","01/01/2000 00:00:00","12/31/9999 00:00:00","0","IKOU-KUN","03/29/2018 20:43:37","IKOU-STP","IKOU-SAN","03/29/2018 20:43:37","IKOU-CYAN","（株）バイタルネット","（株）バイタルネット","バイタルネット","バイタルＮ","ﾊﾞｲﾀﾙﾈﾂﾄKK","ﾊﾞｲﾀﾙﾈﾂﾄKK"
"04044","PVU_K0003","01/01/2000 00:00:00","12/31/9999 00:00:00","0","IKOU-KUN","03/29/2018 20:43:37","IKOU-STP","IKOU-SAN","03/29/2018 20:43:37","IKOU-CYAN","（株）リードヘルスケア東北","（株）リードヘルスケア東北","リードＨＣ東北","ＲＨＣ東北","ﾘ-ﾄﾞﾍﾙｽｹｱﾄｳﾎｸ","ﾘ-ﾄﾞﾍﾙｽｹｱ"
"04044","PVU_K0004","01/01/2000 00:00:00","12/31/9999 00:00:00","0","IKOU-KUN","03/29/2018 20:43:37","IKOU-STP","IKOU-SAN","03/29/2018 20:43:37","IKOU-CYAN","（株）リードヘルスケア東北","（株）リードヘルスケア東北","リードＨＣ東北","ＲＨＣ東北","ﾘ-ﾄﾞﾍﾙｽｹｱﾄｳﾎｸ","ﾘ-ﾄﾞﾍﾙｽｹｱ"
"04045","PVU_K0004","01/01/2000 00:00:00","12/31/9999 00:00:00","0","IKOU-KUN","03/29/2018 20:43:37","IKOU-STP","IKOU-SAN","03/29/2018 20:43:37","IKOU-CYAN","（株）Ｐａｌｔａｃ東北","（株）Ｐａｌｔａｃ東北","Ｐａｌｔａｃ東北","ＰＴ東北","ﾊﾟﾙﾀﾂｸﾄｳﾎｸｼｼﾔ","ﾊﾟﾙﾄｳﾎｸｼｼﾔ"
"04048","PVU_K0004","01/01/2000 00:00:00","12/31/9999 00:00:00","0","IKOU-KUN","03/29/2018 20:43:37","IKOU-STP","IKOU-SAN","03/29/2018 20:43:37","IKOU-CYAN","（株）メディセオ南東北統括営業部","メディセオ南東北統括営業部","メディセオ南東北統括","ＭＣ南東北","ﾒﾃﾞｲｾｵ ﾐﾅﾐﾄｳﾎｸﾄｳｶﾂ","MCﾐﾅﾐﾄｳｶﾂ"
"04050","PVU_K0001","01/01/2000 00:00:00","05/24/2018 00:00:00","0","IKOU-KUN","03/29/2018 20:43:37","IKOU-STP","IKOU-SAN","03/29/2018 20:43:37","IKOU-CYAN","（株）リードヘルスケア関東営業部","（株）リードヘルスケア関東","リードＨＣ関東営業部","ＲＨＣ関東","ﾘ-ﾄﾞﾍﾙｽｹｱｶﾝﾄｳｴｲｷﾞﾖｳﾌ","ﾘ-ﾄﾞｶﾝﾄｳ"
"04050","PVU_K0001","05/25/2018 00:00:00","12/31/9999 00:00:00","0","itg04213","05/25/2018 11:18:26","PVU_EX_1400","itg04213","05/25/2018 11:18:26","PVU_EX_1400","（株）リードヘルスケア東日本営業部","株）リードヘルスケア東日本","リードＨＣ東日本営業","ＲＨＣ東日","KK ﾘ-ﾄﾞﾍﾙｽｹｱﾋｶﾞｼﾆﾎﾝ","ﾘ-ﾄﾞﾋｶﾞｼﾆﾎ"
"04051","PVU_K0004","01/01/2000 00:00:00","12/31/9999 00:00:00","0","IKOU-KUN","03/29/2018 20:43:37","IKOU-STP","IKOU-SAN","03/29/2018 20:43:37","IKOU-CYAN","東邦薬品（株）宮城営業部","東邦薬品（株）宮城営業部","東邦薬品宮城営業部","東邦宮城","ﾄｳﾎｳ ﾐﾔｷﾞ ｴｲｷﾞﾖｳﾌﾞ","ﾄｳﾎｳ ﾐﾔｷﾞ"
"04504","PVU_K0004","01/01/2000 00:00:00","12/31/9999 00:00:00","0","IKOU-KUN","03/29/2018 20:43:37","IKOU-STP","IKOU-SAN","03/29/2018 20:43:37","IKOU-CYAN","Ｓ・東北ブロック","Ｓ・東北ブロック","東北ブ","東北","ｽｽﾞｹﾝﾄｳﾎｸﾌﾞﾛﾂｸ","ﾄｳﾎｸﾌﾞ"
"06002","PVU_K0004","01/01/2000 00:00:00","12/31/9999 00:00:00","0","IKOU-KUN","03/29/2018 20:43:37","IKOU-STP","IKOU-SAN","03/29/2018 20:43:37","IKOU-CYAN","（株）アスカム山形支店","（株）アスカム山形支店","アスカム山形支店","ＡＣ山形","KKｱｽｶﾑ ﾔﾏｶﾞﾀｼﾃﾝ","ACﾔﾏｶﾞﾀ"
"07001","PVU_K0004","01/01/2000 00:00:00","12/31/9999 00:00:00","0","IKOU-KUN","03/29/2018 20:43:37","IKOU-STP","IKOU-SAN","03/29/2018 20:43:37","IKOU-CYAN","（株）アスカム福島支店","（株）アスカム福島支店","アスカム福島支店","ＡＣ福島","KK ｱｽｶﾑ ﾌｸｼﾏｼﾃﾝ","ACﾌｸｼﾏ"
"07004","PVU_K0001","01/01/2000 00:00:00","12/31/9999 00:00:00","0","IKOU-KUN","03/29/2018 20:43:37","IKOU-STP","IKOU-SAN","03/29/2018 20:43:37","IKOU-CYAN","（株）恒和薬品","（株）恒和薬品","恒和薬品","恒和薬品","KK ｺｳﾜ ﾔｸﾋﾝ ﾌｸｼﾏ","ｺｳﾜﾔｸﾋﾝ"
"07004","PVU_K0003","01/01/2000 00:00:00","09/30/2018 00:00:00","0","IKOU-KUN","03/29/2018 20:43:37","IKOU-STP","IKOU-SAN","03/29/2018 20:43:37","IKOU-CYAN","（株）恒和薬品","（株）恒和薬品","恒和薬品","恒和薬品","KK ｺｳﾜ ﾔｸﾋﾝ ﾌｸｼﾏ","ｺｳﾜﾔｸﾋﾝ"
"07004","PVU_K0003","10/01/2018 00:00:00","12/31/9999 00:00:00","0","itg04213","09/13/2018 16:13:48","PVU_EX_1400","itg04213","09/13/2018 16:13:48","PVU_EX_1400","東北アルフレッサ（株）","東北アルフレッサ（株）","東北アルフレッサ","東北ＡＦ","ﾄｳﾎｸｱﾙﾌﾚﾂｻ(ｶﾌﾞ)","ﾄｳﾎｸｱﾙﾌﾚﾂｻ"
"07004","PVU_K0004","01/01/2000 00:00:00","09/30/2018 00:00:00","0","IKOU-KUN","03/29/2018 20:43:37","IKOU-STP","IKOU-SAN","03/29/2018 20:43:37","IKOU-CYAN","（株）恒和薬品","（株）恒和薬品","恒和薬品","恒和薬品","KK ｺｳﾜ ﾔｸﾋﾝ ﾌｸｼﾏ","ｺｳﾜﾔｸﾋﾝ"
"07004","PVU_K0004","10/01/2018 00:00:00","12/31/9999 00:00:00","0","itg04213","09/13/2018 16:15:33","PVU_EX_1400","itg04213","09/13/2018 16:15:33","PVU_EX_1400","東北アルフレッサ（株）","東北アルフレッサ（株）","東北アルフレッサ","東北ＡＦ","ﾄｳﾎｸｱﾙﾌﾚﾂｻ(ｶﾌﾞ)","ﾄｳﾎｸｱﾙﾌﾚﾂｻ"
"07027","PVU_K0004","01/01/2000 00:00:00","12/31/9999 00:00:00","0","IKOU-KUN","03/29/2018 20:43:37","IKOU-STP","IKOU-SAN","03/29/2018 20:43:37","IKOU-CYAN","シーエス薬品（株）東北営業","シーエス薬品（株）東北営業","シーエス東北営業部","ＣＳ東北","ｼ-ｴｽﾔｸﾋﾝ ﾄｳﾎｸｴｲｷﾞﾖｳ","ｼ-ｴｽ ﾄｳﾎｸ"
"07031","PVU_K0003","10/01/2017 00:00:00","12/31/9999 00:00:00","0","IKOU-KUN","03/29/2018 20:43:37","IKOU-STP","IKOU-SAN","03/29/2018 20:43:37","IKOU-CYAN","（株）杏栄薬品","（株）杏栄薬品","（株）杏栄薬品","（株）杏栄","ｷﾖｳｴｲﾔｸﾋﾝ","ｷﾖｳｴｲ"
"08007","PVU_K0004","01/01/2000 00:00:00","12/31/9999 00:00:00","0","IKOU-KUN","03/29/2018 20:43:37","IKOU-STP","IKOU-SAN","03/29/2018 20:43:37","IKOU-CYAN","岩渕薬品（株）水戸店","岩渕薬品（株）水戸店","岩渕薬品　　　水戸","岩渕水戸","ｲﾜﾌﾞﾁ ﾔｸﾋﾝ KK ﾐﾄﾃﾝ","ｲﾜﾌﾞﾁ ﾐﾄ"
"08010","PVU_K0004","01/01/2000 00:00:00","12/31/9999 00:00:00","0","IKOU-KUN","03/29/2018 20:43:37","IKOU-STP","IKOU-SAN","03/29/2018 20:43:37","IKOU-CYAN","Ｓ・北関甲信ブロック","Ｓ・北関甲信ブロック","北関甲信ブ","北関","ｽｽﾞｹﾝｷﾀｶﾝｺｳｼﾝﾌﾞﾛﾂｸ","ｷﾀｶﾝｺｳｼﾝﾌﾞ"
"08021","PVU_K0004","01/01/2000 00:00:00","12/31/9999 00:00:00","0","IKOU-KUN","03/29/2018 20:43:37","IKOU-STP","IKOU-SAN","03/29/2018 20:43:37","IKOU-CYAN","北関東支社","北関東支社","北関東支社","北関","ｷﾀｶﾝﾄｳｼｼﾔ","ｷﾀｶﾝﾄｳｼｼﾔ"
"08095","PVU_K0003","01/01/2000 00:00:00","12/31/9999 00:00:00","0","IKOU-KUN","03/29/2018 20:43:37","IKOU-STP","IKOU-SAN","03/29/2018 20:43:37","IKOU-CYAN","東邦薬品（株）茨城営業部","東邦薬品（株）茨城営業部","東邦薬品茨城営業部","東邦茨城","ﾄｳﾎｳﾔｸﾋﾝｲﾊﾞﾗｷﾞｴｲｷﾞﾖｳ","ﾄｳﾎｳｲﾊﾞﾗｷﾞ"
"09003","PVU_K0001","01/01/2000 00:00:00","12/31/9999 00:00:00","0","IKOU-KUN","03/29/2018 20:43:37","IKOU-STP","IKOU-SAN","03/29/2018 20:43:37","IKOU-CYAN","ナカノ薬品（株）","ナカノ薬品（株）","ナカノ薬品","ナカノ薬品","ﾅｶﾉ ﾔｸﾋﾝ KK","ﾅｶﾉ"
"09003","PVU_K0003","01/01/2000 00:00:00","12/31/9999 00:00:00","0","IKOU-KUN","03/29/2018 20:43:37","IKOU-STP","IKOU-SAN","03/29/2018 20:43:37","IKOU-CYAN","ナカノ薬品（株）","ナカノ薬品（株）","ナカノ薬品","ナカノ薬品","ﾅｶﾉ ﾔｸﾋﾝ KK","ﾅｶﾉ"
"09003","PVU_K0004","01/01/2000 00:00:00","12/31/9999 00:00:00","0","IKOU-KUN","03/29/2018 20:43:37","IKOU-STP","IKOU-SAN","03/29/2018 20:43:37","IKOU-CYAN","ナカノ薬品（株）","ナカノ薬品（株）","ナカノ薬品","ナカノ薬品","ﾅｶﾉ ﾔｸﾋﾝ KK","ﾅｶﾉ"
"10002","PVU_K0003","01/01/2000 00:00:00","12/31/9999 00:00:00","0","IKOU-KUN","03/29/2018 20:43:37","IKOU-STP","IKOU-SAN","03/29/2018 20:43:37","IKOU-CYAN","東邦薬品（株）群馬営業部","東邦薬品（株）群馬営業部","東邦薬品群馬営業部","東邦群馬","ﾄｳﾎｳﾔｸﾋﾝｸﾞﾝﾏｴｲｷﾞﾖｳ","ﾄｳﾎｳｸﾞﾝﾏ"
"10002","PVU_K0004","01/01/2000 00:00:00","12/31/9999 00:00:00","0","IKOU-KUN","03/29/2018 20:43:37","IKOU-STP","IKOU-SAN","03/29/2018 20:43:37","IKOU-CYAN","東邦薬品（株）群馬営業部","東邦薬品（株）群馬営業部","東邦薬品群馬営業部","東邦群馬","ﾄｳﾎｳﾔｸﾋﾝｸﾞﾝﾏｴｲｷﾞﾖｳ","ﾄｳﾎｳｸﾞﾝﾏ"
"10008","PVU_K0001","01/01/2000 00:00:00","12/31/9999 00:00:00","0","IKOU-KUN","03/29/2018 20:43:37","IKOU-STP","IKOU-SAN","03/29/2018 20:43:37","IKOU-CYAN","（株）Ｐａｌｔａｃ春日部","（株）Ｐａｌｔａｃ春日部","Ｐａｌｔａｃ春日部","ＰＴ春日部","KK ﾊﾟﾙﾀﾂｸｶｽｶﾍﾞ","ﾊﾟﾙｶｽｶﾍﾞ"
"10018","PVU_K0003","01/01/2000 00:00:00","12/31/9999 00:00:00","0","IKOU-KUN","03/29/2018 20:43:37","IKOU-STP","IKOU-SAN","03/29/2018 20:43:37","IKOU-CYAN","アルフレッサ（株）群馬","アルフレッサ（株）群馬","アルフレッサ群馬","ＡＦ群馬","ｱﾙﾌﾚﾂｻｸﾞﾝﾏ","AF ｸﾞﾝﾏ"
"10023","PVU_K0004","01/01/2000 00:00:00","12/31/9999 00:00:00","0","IKOU-KUN","03/29/2018 20:43:37","IKOU-STP","IKOU-SAN","03/29/2018 20:43:37","IKOU-CYAN","（株）ＰＡＬＴＡＣ東京支社　第二営業部","（株）ＰＡＬＴＡＣ東京第二","ＰＡＬＴＡＣ東京第二","ＰＴ東京二","KK ﾊﾟﾙﾀﾂｸﾄｳｷﾖｳﾀﾞｲﾆ","ﾊﾟﾙﾄｳｷﾖｳﾆ"
"10024","PVU_K0003","01/01/2000 00:00:00","12/31/9999 00:00:00","0","IKOU-KUN","03/29/2018 20:43:37","IKOU-STP","IKOU-SAN","03/29/2018 20:43:37","IKOU-CYAN","（株）須江薬品","（株）須江薬品","須江薬品","須江薬品","ｽｴﾔｸﾋﾝ","ｽｴﾔｸﾋﾝ"
"11024","PVU_K0001","01/01/2000 00:00:00","12/31/9999 00:00:00","0","IKOU-KUN","03/29/2018 20:43:37","IKOU-STP","IKOU-SAN","03/29/2018 20:43:37","IKOU-CYAN","（株）カクサン","（株）カクサン","カクサン","カクサン","KKｶｸｻﾝ","ｶｸｻﾝ"
"11024","PVU_K0003","01/01/2000 00:00:00","12/31/9999 00:00:00","0","IKOU-KUN","03/29/2018 20:43:37","IKOU-STP","IKOU-SAN","03/29/2018 20:43:37","IKOU-CYAN","（株）カクサン","（株）カクサン","カクサン","カクサン","KKｶｸｻﾝ","ｶｸｻﾝ"
"11024","PVU_K0004","01/01/2000 00:00:00","12/31/9999 00:00:00","0","IKOU-KUN","03/29/2018 20:43:37","IKOU-STP","IKOU-SAN","03/29/2018 20:43:37","IKOU-CYAN","（株）カクサン","（株）カクサン","カクサン","カクサン","KKｶｸｻﾝ","ｶｸｻﾝ"
"11111","PVU_K0001","01/01/2000 00:00:00","12/31/9999 00:00:00","0","IKOU-KUN","03/29/2018 20:43:37","IKOU-STP","IKOU-SAN","03/29/2018 20:43:37","IKOU-CYAN","実績振替用","実績振替用","実績振替用","実績振替用","ｼﾞﾂｾｷﾌﾘｶｴﾖｳ","ｼﾞﾂｾｷﾌﾘｶｴ"
"11111","PVU_K0003","01/01/2000 00:00:00","12/31/9999 00:00:00","0","IKOU-KUN","03/29/2018 20:43:37","IKOU-STP","IKOU-SAN","03/29/2018 20:43:37","IKOU-CYAN","実績振替用","実績振替用","実績振替用","実績振替用","ｼﾞﾂｾｷﾌﾘｶｴﾖｳ","ｼﾞﾂｾｷﾌﾘｶｴ"
"11887","PVU_K0001","08/29/2016 00:00:00","12/31/9999 00:00:00","0","IKOU-KUN","03/29/2018 20:43:37","IKOU-STP","IKOU-SAN","03/29/2018 20:43:37","IKOU-CYAN","アイン一括購入","アイン一括購入","アイン一括購入","アイン一括","ｱｲﾝｲｯｶﾂｺｳﾆｭｳ","ｱｲﾝｲｯｶﾂ"
"11889","PVU_K0001","01/01/2000 00:00:00","12/31/9999 00:00:00","0","IKOU-KUN","03/29/2018 20:43:37","IKOU-STP","IKOU-SAN","03/29/2018 20:43:37","IKOU-CYAN","埼玉の代理店","埼玉の代理店","埼玉の代理店","埼・代理店","ｻｲﾀﾏﾉ ﾀﾞｲﾘﾃﾝ","ｻｲﾀﾏ"
"11890","PVU_K0004","09/01/2011 00:00:00","12/31/9999 00:00:00","0","IKOU-KUN","03/29/2018 20:43:37","IKOU-STP","IKOU-SAN","03/29/2018 20:43:37","IKOU-CYAN","アルフレッサヘルスケア（株）関東支社","アルフレッサＨＣ関東支社","アルフレッサＨＣ関東","アルフ関東","ｱﾙﾌﾚﾂｻﾍﾙｽｹｱｶﾝﾄｳ","ｱﾙﾌｶﾝﾄｳ"
"12001","PVU_K0001","01/01/2000 00:00:00","12/31/9999 00:00:00","0","IKOU-KUN","03/29/2018 20:43:37","IKOU-STP","IKOU-SAN","03/29/2018 20:43:37","IKOU-CYAN","岩渕薬品（株）","岩渕薬品（株）","岩渕薬品","岩渕","ｲﾜﾌﾞﾁ ﾔｸﾋﾝ KK","ｲﾜﾌﾞﾁ"
"12001","PVU_K0003","01/01/2000 00:00:00","12/31/9999 00:00:00","0","IKOU-KUN","03/29/2018 20:43:37","IKOU-STP","IKOU-SAN","03/29/2018 20:43:37","IKOU-CYAN","岩渕薬品（株）","岩渕薬品（株）","岩渕薬品","岩渕","ｲﾜﾌﾞﾁ ﾔｸﾋﾝ KK","ｲﾜﾌﾞﾁ"
"12001","PVU_K0004","01/01/2000 00:00:00","12/31/9999 00:00:00","0","IKOU-KUN","03/29/2018 20:43:37","IKOU-STP","IKOU-SAN","03/29/2018 20:43:37","IKOU-CYAN","岩渕薬品（株）","岩渕薬品（株）","岩渕薬品","岩渕","ｲﾜﾌﾞﾁ ﾔｸﾋﾝ KK","ｲﾜﾌﾞﾁ"
"12033","PVU_K0004","01/01/2000 00:00:00","12/31/9999 00:00:00","0","IKOU-KUN","03/29/2018 20:43:37","IKOU-STP","IKOU-SAN","03/29/2018 20:43:37","IKOU-CYAN","（株）ＰＡＬＴＡＣ東京支社　第一営業部","（株）ＰＡＬＴＡＣ東京第一","ＰＡＬＴＡＣ東京第一","ＰＴ東京一","ﾊﾟﾙﾀﾂｸﾄｳｷﾖｳﾀﾞｲｲﾁ","ﾊﾟﾙﾄｳｷﾖｳｲﾁ"
"13001","PVU_K0001","05/08/2019 00:00:00","12/31/9999 00:00:00","0","itg40916","05/08/2019 11:24:24","PVU_EX_1400","itg40916","05/08/2019 11:24:24","PVU_EX_1400","コプロ用代理店","コプロ用代理店","コプロ用代理店","コプロ用","ｺﾌﾟﾛﾖｳﾀﾞｲﾘﾃﾝ","ｺﾌﾟﾛﾖｳ"
"13001","PVU_K0003","05/08/2019 00:00:00","12/31/9999 00:00:00","0","itg40916","05/08/2019 11:26:52","PVU_EX_1400","itg40916","05/08/2019 11:26:52","PVU_EX_1400","株式会社メッツ","株式会社メッツ","（株）メッツ","メッツ","ｶﾌﾞｼｷｶﾞｲｼｬﾒｯﾂ","ﾒｯﾂ"
"13002","PVU_K0001","04/25/2022 00:00:00","12/31/9999 00:00:00","0","itg19647","04/25/2022 16:23:18","PVU_EX_1400","itg19647","04/25/2022 16:23:18","PVU_EX_1400","ＥＡファーマの代理店","ＥＡファーマの代理店","ＥＡファーマの代理店","ＥＡ代理店","EAﾌｧｰﾏﾉﾀﾞｲﾘﾃﾝ","EAﾉﾀﾞｲﾘﾃﾝ"
"13003","PVU_K0001","01/01/2000 00:00:00","12/31/9999 00:00:00","0","IKOU-KUN","03/29/2018 20:43:37","IKOU-STP","IKOU-SAN","03/29/2018 20:43:37","IKOU-CYAN","イワキ株式会社","イワキ株式会社","イワキ","イワキ","ｲﾜｷ KK","ｲﾜｷ"
"13003","PVU_K0003","01/01/2000 00:00:00","12/31/9999 00:00:00","0","IKOU-KUN","03/29/2018 20:43:37","IKOU-STP","IKOU-SAN","03/29/2018 20:43:37","IKOU-CYAN","イワキ株式会社","イワキ株式会社","イワキ","イワキ","ｲﾜｷ KK","ｲﾜｷ"
"13003","PVU_K0004","01/01/2000 00:00:00","12/31/9999 00:00:00","0","IKOU-KUN","03/29/2018 20:43:37","IKOU-STP","IKOU-SAN","03/29/2018 20:43:37","IKOU-CYAN","イワキ株式会社","イワキ株式会社","イワキ","イワキ","ｲﾜｷ KK","ｲﾜｷ"
"13007","PVU_K0001","01/01/2000 00:00:00","08/29/2013 00:00:00","0","ITSP","03/30/2018 00:00:00","ENW","ITSP","03/30/2018 00:00:00","ENW","（株）Ｐａｌｔａｃ東京埼玉","（株）Ｐａｌｔａｃ東京埼玉","Ｐａｌｔａｃ東京埼玉","ＰＴ東京埼","ﾊﾟﾙﾀﾂｸKSﾄｳｷﾖｳｼｼﾔｻｲﾀﾏ","PTﾄｳｷﾖｳｻｲﾀ"
"13010","PVU_K0003","01/01/2000 00:00:00","12/31/9999 00:00:00","0","IKOU-KUN","03/29/2018 20:43:37","IKOU-STP","IKOU-SAN","03/29/2018 20:43:37","IKOU-CYAN","酒井薬品（株）","酒井薬品（株）","酒井薬品","酒井","ｻｶｲ ﾔｸﾋﾝ KK","ｻｶｲ"
"13010","PVU_K0004","01/01/2000 00:00:00","12/31/9999 00:00:00","0","IKOU-KUN","03/29/2018 20:43:37","IKOU-STP","IKOU-SAN","03/29/2018 20:43:37","IKOU-CYAN","酒井薬品（株）","酒井薬品（株）","酒井薬品","酒井","ｻｶｲ ﾔｸﾋﾝ KK","ｻｶｲ"
"13012","PVU_K0001","01/01/2000 00:00:00","12/31/9999 00:00:00","0","IKOU-KUN","03/29/2018 20:43:37","IKOU-STP","IKOU-SAN","03/29/2018 20:43:37","IKOU-CYAN","アルフレッサヘルスケア（株）","アルフレッサヘルスケア（株","アルフレッサヘルスケ","アルフＨＣ","ｱﾙﾌﾚﾂｻﾍﾙｽｹｱ","ｱﾙﾌﾚﾂｻHC"
"13012","PVU_K0003","01/01/2000 00:00:00","12/31/9999 00:00:00","0","IKOU-KUN","03/29/2018 20:43:37","IKOU-STP","IKOU-SAN","03/29/2018 20:43:37","IKOU-CYAN","アルフレッサヘルスケア（株）","アルフレッサヘルスケア（株","アルフレッサヘルスケ","アルフＨＣ","ｱﾙﾌﾚﾂｻﾍﾙｽｹｱ","ｱﾙﾌﾚﾂｻHC"
"13012","PVU_K0004","01/01/2000 00:00:00","12/31/9999 00:00:00","0","IKOU-KUN","03/29/2018 20:43:37","IKOU-STP","IKOU-SAN","03/29/2018 20:43:37","IKOU-CYAN","アルフレッサヘルスケア（株）","アルフレッサヘルスケア（株","アルフレッサヘルスケ","アルフＨＣ","ｱﾙﾌﾚﾂｻﾍﾙｽｹｱ","ｱﾙﾌﾚﾂｻHC"
"13013","PVU_K0001","01/01/2000 00:00:00","12/31/9999 00:00:00","0","IKOU-KUN","03/29/2018 20:43:37","IKOU-STP","IKOU-SAN","03/29/2018 20:43:37","IKOU-CYAN","東邦薬品（株）","東邦薬品（株）","東邦薬品","東邦","ﾄｳﾎｳ ﾔｸﾋﾝ KK","ﾄｳﾎｳ"
"13013","PVU_K0002","01/01/2000 00:00:00","12/31/9999 00:00:00","0","IKOU-KUN","03/29/2018 20:43:37","IKOU-STP","IKOU-SAN","03/29/2018 20:43:37","IKOU-CYAN","東邦薬品（株）Ｇ","東邦薬品（株）Ｇ","東邦薬品Ｇ","東邦Ｇ","ﾄｳﾎｳ ﾔｸﾋﾝ KKG","ﾄｳﾎｳG"
"13013","PVU_K0003","01/01/2000 00:00:00","12/31/9999 00:00:00","0","IKOU-KUN","03/29/2018 20:43:37","IKOU-STP","IKOU-SAN","03/29/2018 20:43:37","IKOU-CYAN","東邦薬品（株）","東邦薬品（株）","東邦薬品","東邦","ﾄｳﾎｳ ﾔｸﾋﾝ KK","ﾄｳﾎｳ"
"13013","PVU_K0004","01/01/2000 00:00:00","12/31/9999 00:00:00","0","IKOU-KUN","03/29/2018 20:43:37","IKOU-STP","IKOU-SAN","03/29/2018 20:43:37","IKOU-CYAN","東邦薬品（株）","東邦薬品（株）","東邦薬品","東邦","ﾄｳﾎｳ ﾔｸﾋﾝ KK","ﾄｳﾎｳ"
"13013","PVU_K0005","01/01/2000 00:00:00","12/31/9999 00:00:00","0","IKOU-KUN","03/29/2018 20:43:37","IKOU-STP","IKOU-SAN","03/29/2018 20:43:37","IKOU-CYAN","東邦薬品（株）","東邦薬品（株）","東邦薬品","東邦","ﾄｳﾎｳ ﾔｸﾋﾝ KK","ﾄｳﾎｳ"
"13014","PVU_K0002","10/01/2025 00:00:00","12/31/9999 00:00:00","0","itg46273","09/12/2025 13:17:10","PVU_EX_1400","itg46273","09/12/2025 13:17:10","PVU_EX_1400","東邦薬品グループ","東邦薬品グループ","東邦薬品Ｇ","東邦Ｇ","ﾄｳﾎｳ ﾔｸﾋﾝ G","ﾄｳﾎｳ G"
"13015","PVU_K0003","10/01/2025 00:00:00","12/31/9999 00:00:00","0","itg46273","09/12/2025 13:33:09","PVU_EX_1400","itg46273","09/12/2025 13:33:09","PVU_EX_1400","東邦薬品（株）","東邦薬品（株）","東邦薬品","東邦","ﾄｳﾎｳ ﾔｸﾋﾝ KK","ﾄｳﾎｳ"
"13038","PVU_K0001","01/01/2000 00:00:00","12/31/9999 00:00:00","0","IKOU-KUN","03/29/2018 20:43:37","IKOU-STP","IKOU-SAN","03/29/2018 20:43:37","IKOU-CYAN","森川産業株式会社","森川産業株式会社","森川産業","森川産業","ﾓﾘｶﾜｻﾝｷﾞﾖｳ KK","ﾓﾘｶﾜｻﾝｷﾞﾖｳ"
"13049","PVU_K0001","01/01/2000 00:00:00","12/31/9999 00:00:00","0","IKOU-KUN","03/29/2018 20:43:37","IKOU-STP","IKOU-SAN","03/29/2018 20:43:37","IKOU-CYAN","積水メディカル株式会社","積水メディカル株式会社","積水メディカル（株）","積水メディ","ｾｷｽｲﾒﾃﾞｲｶﾙｶﾌﾞｼｷｶｲｼﾔ","ｾｷｽｲ"
"13049","PVU_K0003","01/01/2000 00:00:00","12/31/9999 00:00:00","0","IKOU-KUN","03/29/2018 20:43:37","IKOU-STP","IKOU-SAN","03/29/2018 20:43:37","IKOU-CYAN","積水メディカル株式会社","積水メディカル株式会社","積水メディカル（株）","積水メディ","ｾｷｽｲﾒﾃﾞｲｶﾙｶﾌﾞｼｷｶｲｼﾔ","ｾｷｽｲ"
"13049","PVU_K0004","01/01/2000 00:00:00","12/31/9999 00:00:00","0","IKOU-KUN","03/29/2018 20:43:37","IKOU-STP","IKOU-SAN","03/29/2018 20:43:37","IKOU-CYAN","積水メディカル株式会社","積水メディカル株式会社","積水メディカル（株）","積水メディ","ｾｷｽｲﾒﾃﾞｲｶﾙｶﾌﾞｼｷｶｲｼﾔ","ｾｷｽｲ"
"13049","PVU_K0005","01/01/2000 00:00:00","12/31/9999 00:00:00","0","IKOU-KUN","03/29/2018 20:43:37","IKOU-STP","IKOU-SAN","03/29/2018 20:43:37","IKOU-CYAN","積水メディカル株式会社","積水メディカル株式会社","積水メディカル（株）","積水メディ","ｾｷｽｲﾒﾃﾞｲｶﾙｶﾌﾞｼｷｶｲｼﾔ","ｾｷｽｲ"
"13079","PVU_K0002","10/01/2025 00:00:00","12/31/9999 00:00:00","0","itg46273","09/12/2025 13:55:58","PVU_EX_1400","itg46273","09/12/2025 13:55:58","PVU_EX_1400","（株）バイタルケーエスケー・ホールディングス","バイタルケーエスケーＨＤ","バイタルケーエスケー","ＶＮＫＳＫ","ﾊﾞｲﾀﾙｹｰｴｽｹｰHD","ﾊﾞｲﾀﾙｹｰｴｽ"
"13093","PVU_K0001","01/01/2000 00:00:00","12/31/9999 00:00:00","0","IKOU-KUN","03/29/2018 20:43:37","IKOU-STP","IKOU-SAN","03/29/2018 20:43:37","IKOU-CYAN","中央物産株式会社","中央物産株式会社","中央物産（株）","中央物産","ﾁﾕｳｵｳﾌﾞﾂｻﾝKK","ﾁﾕｳｵｳﾌﾞﾂｻﾝ"
"13093","PVU_K0003","01/01/2000 00:00:00","12/31/9999 00:00:00","0","IKOU-KUN","03/29/2018 20:43:37","IKOU-STP","IKOU-SAN","03/29/2018 20:43:37","IKOU-CYAN","中央物産株式会社","中央物産株式会社","中央物産（株）","中央物産","ﾁﾕｳｵｳﾌﾞﾂｻﾝKK","ﾁﾕｳｵｳﾌﾞﾂｻﾝ"
"13093","PVU_K0004","01/01/2000 00:00:00","12/31/9999 00:00:00","0","IKOU-KUN","03/29/2018 20:43:37","IKOU-STP","IKOU-SAN","03/29/2018 20:43:37","IKOU-CYAN","中央物産株式会社","中央物産株式会社","中央物産（株）","中央物産","ﾁﾕｳｵｳﾌﾞﾂｻﾝKK","ﾁﾕｳｵｳﾌﾞﾂｻﾝ"
"13147","PVU_K0002","10/01/2025 00:00:00","12/31/9999 00:00:00","0","itg46273","09/12/2025 13:22:33","PVU_EX_1400","itg46273","09/12/2025 13:22:33","PVU_EX_1400","アルフレッサグループ","アルフレッサグループ","アルフレッサＧ","アルフレッ","ｱﾙﾌﾚﾂｻ G","ｱﾙﾌﾚﾂｻ G"
"13148","PVU_K0003","10/01/2025 00:00:00","12/31/9999 00:00:00","0","itg46273","09/12/2025 13:35:06","PVU_EX_1400","itg46273","09/12/2025 13:35:06","PVU_EX_1400","アルフレッサ（株）","アルフレッサ（株）","アルフレッサ","アルフレッ","ｱﾙﾌﾚﾂｻ KK","ｱﾙﾌﾚﾂｻ KK"
"13149","PVU_K0001","01/01/2000 00:00:00","12/31/9999 00:00:00","0","IKOU-KUN","03/29/2018 20:43:37","IKOU-STP","IKOU-SAN","03/29/2018 20:43:37","IKOU-CYAN","アルフレッサ（株）","アルフレッサ（株）","アルフレッサ（株）","アルフレッ","ｱﾙﾌﾚﾂｻ KK","ｱﾙﾌﾚﾂｻ KK"
"13149","PVU_K0002","01/01/2000 00:00:00","12/31/9999 00:00:00","0","IKOU-KUN","03/29/2018 20:43:37","IKOU-STP","IKOU-SAN","03/29/2018 20:43:37","IKOU-CYAN","アルフレッサ（株）Ｇ","アルフレッサ（株）Ｇ","アルフレッサ（株）Ｇ","アルフレＧ","ｱﾙﾌﾚﾂｻ KKG","ｱﾙﾌﾚﾂｻ KKG"
"13149","PVU_K0003","01/01/2000 00:00:00","12/31/9999 00:00:00","0","IKOU-KUN","03/29/2018 20:43:37","IKOU-STP","IKOU-SAN","03/29/2018 20:43:37","IKOU-CYAN","アルフレッサ（株）","アルフレッサ（株）","アルフレッサ（株）","アルフレッ","ｱﾙﾌﾚﾂｻ KK","ｱﾙﾌﾚﾂｻ KK"
"13149","PVU_K0004","01/01/2000 00:00:00","12/31/9999 00:00:00","0","IKOU-KUN","03/29/2018 20:43:37","IKOU-STP","IKOU-SAN","03/29/2018 20:43:37","IKOU-CYAN","アルフレッサ（株）","アルフレッサ（株）","アルフレッサ（株）","アルフレッ","ｱﾙﾌﾚﾂｻ KK","ｱﾙﾌﾚﾂｻ KK"
"13153","PVU_K0004","01/01/2000 00:00:00","12/31/9999 00:00:00","0","IKOU-KUN","03/29/2018 20:43:37","IKOU-STP","IKOU-SAN","03/29/2018 20:43:37","IKOU-CYAN","シ－エス薬品（株）関東営業","シ－エス薬品（株）関東営業","シーエス関東営業部","ＣＳ関東営","ｼ-ｴｽｶﾝﾄｳｴｲｷﾞﾖｳ","ｼ-ｴｽｶﾝﾄｳ"
"13157","PVU_K0001","01/01/2000 00:00:00","12/31/9999 00:00:00","0","IKOU-KUN","03/29/2018 20:43:37","IKOU-STP","IKOU-SAN","03/29/2018 20:43:37","IKOU-CYAN","株式会社　大木","株式会社　大木","（株）大木","大木","KK ｵｵｷ","ｵｵｷ"
"13157","PVU_K0003","01/01/2000 00:00:00","12/31/9999 00:00:00","0","IKOU-KUN","03/29/2018 20:43:37","IKOU-STP","IKOU-SAN","03/29/2018 20:43:37","IKOU-CYAN","株式会社　大木","株式会社　大木","（株）大木","大木","KK ｵｵｷ","ｵｵｷ"
"13157","PVU_K0004","01/01/2000 00:00:00","12/31/9999 00:00:00","0","IKOU-KUN","03/29/2018 20:43:37","IKOU-STP","IKOU-SAN","03/29/2018 20:43:37","IKOU-CYAN","株式会社　大木","株式会社　大木","（株）大木","大木","KK ｵｵｷ","ｵｵｷ"
"13159","PVU_K0003","10/01/2025 00:00:00","12/31/9999 00:00:00","0","itg46273","09/12/2025 13:43:43","PVU_EX_1400","itg46273","09/12/2025 13:43:43","PVU_EX_1400","（株）メディセオ","（株）メディセオ","（株）メディセオ","ＭＣ","ﾒﾃﾞｲｾｵ","ﾒﾃﾞｲｾｵ"
"13160","PVU_K0001","01/01/2000 00:00:00","12/31/9999 00:00:00","0","IKOU-KUN","03/29/2018 20:43:37","IKOU-STP","IKOU-SAN","03/29/2018 20:43:37","IKOU-CYAN","（株）メディセオ","メディセオ","メディセオ","ＭＣ","ﾒﾃﾞｲｾｵ","ﾒﾃﾞｲｾｵ"
"13160","PVU_K0003","01/01/2000 00:00:00","12/31/9999 00:00:00","0","IKOU-KUN","03/29/2018 20:43:37","IKOU-STP","IKOU-SAN","03/29/2018 20:43:37","IKOU-CYAN","（株）メディセオ","メディセオ","メディセオ","ＭＣ","ﾒﾃﾞｲｾｵ","ﾒﾃﾞｲｾｵ"
"13160","PVU_K0004","01/01/2000 00:00:00","12/31/9999 00:00:00","0","IKOU-KUN","03/29/2018 20:43:37","IKOU-STP","IKOU-SAN","03/29/2018 20:43:37","IKOU-CYAN","東京支社","東京支社","東京支社","東京","ﾄｳｷﾖｳｼｼﾔ","ﾄｳｷﾖｳｼｼﾔ"
"13163","PVU_K0004","01/01/2000 00:00:00","12/31/9999 00:00:00","0","IKOU-KUN","03/29/2018 20:43:37","IKOU-STP","IKOU-SAN","03/29/2018 20:43:37","IKOU-CYAN","Ｓ・首都圏ブロック","Ｓ・首都圏ブロック","首都圏ブ","Ｓ首","ｽｽﾞｹﾝｼﾕﾄｹﾝﾌﾞﾛﾂｸ","ｼﾕﾄｹﾝﾌﾞ"
"13181","PVU_K0003","10/01/2013 00:00:00","12/31/9999 00:00:00","0","IKOU-KUN","03/29/2018 20:43:37","IKOU-STP","IKOU-SAN","03/29/2018 20:43:37","IKOU-CYAN","（株）リードＨＣ　広域第二営業部","（株）リードＨＣ　広域第二","リードＨＣ広域第二","ＲＨＣ広２","ﾘ-ﾄﾞﾍﾙｽｹｱｺｳｲｷﾀﾞｲﾆ","ﾘ-ﾄﾞｺｳｲｷ2"
"13181","PVU_K0004","10/01/2013 00:00:00","12/31/9999 00:00:00","0","IKOU-KUN","03/29/2018 20:43:37","IKOU-STP","IKOU-SAN","03/29/2018 20:43:37","IKOU-CYAN","（株）リードＨＣ　広域第二営業部","（株）リードＨＣ　広域第二","リードＨＣ広域第二","ＲＨＣ広２","ﾘ-ﾄﾞﾍﾙｽｹｱｺｳｲｷﾀﾞｲﾆ","ﾘ-ﾄﾞｺｳｲｷ2"
"13193","PVU_K0001","01/23/2017 00:00:00","02/28/2019 00:00:00","0","IKOU-KUN","03/29/2018 20:43:37","IKOU-STP","IKOU-SAN","03/29/2018 20:43:37","IKOU-CYAN","株式会社　全老健共済会","全老健共済会","全老健共済会","全老健共済","ｾﾞﾝﾛｳｹﾝｷﾖｳｻｲｶｲ","ｾﾞﾝﾛｳｹﾝｷﾖｳ"
"13193","PVU_K0001","03/01/2019 00:00:00","12/31/9999 00:00:00","0","itg04213","02/15/2019 13:57:00","PVU_EX_1400","itg04213","02/15/2019 14:10:43","PVU_EX_1400","Ｂ２Ｂ","Ｂ２Ｂ","Ｂ２Ｂ","Ｂ２Ｂ","ﾋﾞ-ﾂ-ﾋﾞ-","ﾋﾞ-ﾂ-ﾋﾞ-"
"13193","PVU_K0003","09/01/2016 00:00:00","12/31/9999 00:00:00","0","IKOU-KUN","03/29/2018 20:43:37","IKOU-STP","IKOU-SAN","03/29/2018 20:43:37","IKOU-CYAN","株式会社　全老健共済会","全老健共済会","全老健共済会","全老健共済","ｾﾞﾝﾛｳｹﾝｷﾖｳｻｲｶｲ","ｾﾞﾝﾛｳｹﾝｷﾖｳ"
"13193","PVU_K0004","09/01/2016 00:00:00","12/31/9999 00:00:00","0","IKOU-KUN","03/29/2018 20:43:37","IKOU-STP","IKOU-SAN","03/29/2018 20:43:37","IKOU-CYAN","株式会社　全老健共済会","全老健共済会","全老健共済会","全老健共済","ｾﾞﾝﾛｳｹﾝｷﾖｳｻｲｶｲ","ｾﾞﾝﾛｳｹﾝｷﾖｳ"
"13200","PVU_K0001","09/21/2017 00:00:00","12/31/9999 00:00:00","0","IKOU-KUN","03/29/2018 20:43:37","IKOU-STP","IKOU-SAN","03/29/2018 20:43:37","IKOU-CYAN","ＨＳ","ＨＳ","ＨＳ","ＨＳ","ｴｲﾁｴｽ","ｴｲﾁｴｽ"
"13200","PVU_K0003","09/01/2017 00:00:00","12/31/9999 00:00:00","0","IKOU-KUN","03/29/2018 20:43:37","IKOU-STP","IKOU-SAN","03/29/2018 20:43:37","IKOU-CYAN","ＨＳ","ＨＳ","ＨＳ","ＨＳ","ｴｲﾁｴｽ","ｴｲﾁｴｽ"
"13200","PVU_K0004","09/01/2017 00:00:00","12/31/9999 00:00:00","0","IKOU-KUN","03/29/2018 20:43:37","IKOU-STP","IKOU-SAN","03/29/2018 20:43:37","IKOU-CYAN","ＨＳ","ＨＳ","ＨＳ","ＨＳ","ｴｲﾁｴｽ","ｴｲﾁｴｽ"
"13201","PVU_K0001","10/16/2017 00:00:00","02/28/2019 00:00:00","0","IKOU-KUN","03/29/2018 20:43:37","IKOU-STP","itg04213","02/15/2019 00:00:00","Tenyuryoku","社会医療法人北斗会　メデックス","医）北斗会メデックス","ＢＢＯＳ１","ＢＢＯＳ１","ﾋﾞ-ﾎﾞｽ1","ﾋﾞ-ﾎﾞｽ1"
"13201","PVU_K0003","10/01/2017 00:00:00","12/31/9999 00:00:00","0","IKOU-KUN","03/29/2018 20:43:37","IKOU-STP","IKOU-SAN","03/29/2018 20:43:37","IKOU-CYAN","社会医療法人北斗会　メデックス","医）北斗会メデックス","ＢＢＯＳ１","ＢＢＯＳ１","ﾋﾞ-ﾎﾞｽ1","ﾋﾞ-ﾎﾞｽ1"
"13201","PVU_K0004","10/01/2017 00:00:00","12/31/9999 00:00:00","0","IKOU-KUN","03/29/2018 20:43:37","IKOU-STP","IKOU-SAN","03/29/2018 20:43:37","IKOU-CYAN","社会医療法人北斗会　メデックス","医）北斗会メデックス","ＢＢＯＳ１","ＢＢＯＳ１","ﾋﾞ-ﾎﾞｽ1","ﾋﾞ-ﾎﾞｽ1"
"13214","PVU_K0001","04/01/2018 00:00:00","12/31/9999 00:00:00","0","itg04213","03/31/2018 16:35:04","PVU_EX_1400","itg04213","03/31/2018 16:35:04","PVU_EX_1400","ヘルシーフード株式会社","ヘルシーフード株式会社","ヘルシーフード株式会","ヘルシーフ","ﾍﾙｼｰﾌｰﾄﾞｶﾌﾞｼｷｶｲｼﾔ","ﾍﾙｼｰﾌｰﾄﾞ"
"13217","PVU_K0003","03/01/2019 00:00:00","12/31/9999 00:00:00","0","itg04213","02/15/2019 13:53:11","PVU_EX_1400","itg04213","02/15/2019 14:14:16","PVU_EX_1400","セコムメディファーマ株式会社","セコムメディファーマ（株）","ＳＭＰ","ＳＭＰ","ｴｽｴﾑﾋﾟ-","ｴｽｴﾑﾋﾟ-"
"13217","PVU_K0004","03/01/2019 00:00:00","12/31/9999 00:00:00","0","itg04213","02/15/2019 13:54:12","PVU_EX_1400","itg04213","02/15/2019 14:15:12","PVU_EX_1400","セコムメディファーマ株式会社","セコムメディファーマ（株）","ＳＭＰ","ＳＭＰ","ｴｽｴﾑﾋﾟ-","ｴｽｴﾑﾋﾟ-"
"13777","PVU_K0001","01/01/2000 00:00:00","12/31/9999 00:00:00","0","IKOU-KUN","03/29/2018 20:43:37","IKOU-STP","IKOU-SAN","03/29/2018 20:43:37","IKOU-CYAN","自衛隊本部","自衛隊本部","自衛隊本部","自衛隊本部","ｼﾞｴｲﾀｲﾎﾝﾌﾞ","ｼﾞｴｲﾀｲﾎﾝﾌﾞ"
"13777","PVU_K0003","01/01/2000 00:00:00","12/31/9999 00:00:00","0","IKOU-KUN","03/29/2018 20:43:37","IKOU-STP","IKOU-SAN","03/29/2018 20:43:37","IKOU-CYAN","自衛隊本部","自衛隊本部","自衛隊本部","自衛隊本部","ｼﾞｴｲﾀｲﾎﾝﾌﾞ","ｼﾞｴｲﾀｲﾎﾝﾌﾞ"
"13777","PVU_K0004","01/01/2000 00:00:00","12/31/9999 00:00:00","0","IKOU-KUN","03/29/2018 20:43:37","IKOU-STP","IKOU-SAN","03/29/2018 20:43:37","IKOU-CYAN","自衛隊本部","自衛隊本部","自衛隊本部","自衛隊本部","ｼﾞｴｲﾀｲﾎﾝﾌﾞ","ｼﾞｴｲﾀｲﾎﾝﾌﾞ"
"13803","PVU_K0001","01/01/2000 00:00:00","12/31/9999 00:00:00","0","IKOU-KUN","03/29/2018 20:43:37","IKOU-STP","IKOU-SAN","03/29/2018 20:43:37","IKOU-CYAN","（株）井田両国堂","（株）井田両国堂","井田両国堂","井田両国堂","KK ｲﾀﾞ ﾘﾖｳｺﾞｸﾄﾞｳ","ｲﾀﾞﾘﾖｳｺﾞｸ"
"13803","PVU_K0003","01/01/2000 00:00:00","12/31/9999 00:00:00","0","IKOU-KUN","03/29/2018 20:43:37","IKOU-STP","IKOU-SAN","03/29/2018 20:43:37","IKOU-CYAN","（株）井田両国堂","（株）井田両国堂","井田両国堂","井田両国堂","KK ｲﾀﾞ ﾘﾖｳｺﾞｸﾄﾞｳ","ｲﾀﾞﾘﾖｳｺﾞｸ"
"13803","PVU_K0004","01/01/2000 00:00:00","12/31/9999 00:00:00","0","IKOU-KUN","03/29/2018 20:43:37","IKOU-STP","IKOU-SAN","03/29/2018 20:43:37","IKOU-CYAN","（株）井田両国堂","（株）井田両国堂","井田両国堂","井田両国堂","KK ｲﾀﾞ ﾘﾖｳｺﾞｸﾄﾞｳ","ｲﾀﾞﾘﾖｳｺﾞｸ"
"13888","PVU_K0001","01/01/2000 00:00:00","12/31/9999 00:00:00","0","IKOU-KUN","03/29/2018 20:43:37","IKOU-STP","IKOU-SAN","03/29/2018 20:43:37","IKOU-CYAN","東京の代理店","東京の代理店","東京の代理店","東京","ﾄｳｷﾖｳﾉ ﾀﾞｲﾘﾃﾝ","ﾄｳｷﾖｳ"
"13889","PVU_K0001","01/01/2000 00:00:00","12/31/9999 00:00:00","0","IKOU-KUN","03/29/2018 20:43:37","IKOU-STP","IKOU-SAN","03/29/2018 20:43:37","IKOU-CYAN","東京の代理店","東京の代理店","東京の代理店","東・代理店","ﾄｳｷﾖｳﾉ ﾀﾞｲﾘﾃﾝ","ﾄｳｷﾖｳ"
"13984","PVU_K0004","09/01/2011 00:00:00","12/31/9999 00:00:00","0","IKOU-KUN","03/29/2018 20:43:37","IKOU-STP","IKOU-SAN","03/29/2018 20:43:37","IKOU-CYAN","アルフレッサヘルスケア（株）広域支社","アルフレッサＨＣ広域支社","アルフレッサ広域支社","アルフ広域","ｱﾙﾌﾚﾂｻﾍﾙｽｹｱｺｳｲｷｼｼﾔ","ｱﾙﾌｺｳｲｷ"
"13985","PVU_K0004","09/01/2011 00:00:00","12/31/9999 00:00:00","0","IKOU-KUN","03/29/2018 20:43:37","IKOU-STP","IKOU-SAN","03/29/2018 20:43:37","IKOU-CYAN","アルフレッサヘルスケア（株）広域第二支社","アルフレッサＨＣ広域第二","アルフレッサ広域第二","アルフ広二","ｱﾙﾌﾚﾂｻﾍﾙｽｹｱｺｳｲｷﾆ","ｱﾙﾌｺｲｷﾆ"
"13986","PVU_K0004","09/01/2011 00:00:00","12/31/9999 00:00:00","0","IKOU-KUN","03/29/2018 20:43:37","IKOU-STP","IKOU-SAN","03/29/2018 20:43:37","IKOU-CYAN","アルフレッサヘルスケア（株）広域第三支社","アルフレッサＨＣ広域第三","アルフレッサ広域第三","アルフ広三","ｱﾙﾌﾚﾂｻﾍﾙｽｹｱｺｳｲｷｻﾝ","ｱﾙﾌｺｳｲｷｻﾝ"
"13990","PVU_K0001","02/19/2014 00:00:00","12/31/9999 00:00:00","0","IKOU-KUN","03/29/2018 20:43:37","IKOU-STP","IKOU-SAN","03/29/2018 20:43:37","IKOU-CYAN","ＤＣＢ販路統計代理店","ＤＣＢ販路統計代理店","ＤＣＢ販路代理店","ＤＣＢ販路","DCBﾊﾝﾛﾀﾞｲﾘﾃﾝ","DCBﾊﾝﾛ"
"14001","PVU_K0001","05/08/2018 00:00:00","12/31/9999 00:00:00","0","itg04213","05/08/2018 15:16:48","PVU_EX_1400","itg04213","05/08/2018 15:16:48","PVU_EX_1400","神奈川東和薬品株式会社","神奈川東和薬品株式会社","神奈川東和薬品","神奈川東和","ｶﾅｶﾞﾜﾄｳﾜﾔｸﾋﾝ ｶﾌﾞ","ｶﾅｶﾞﾜﾄｳﾜ"
"14002","PVU_K0001","05/08/2018 00:00:00","12/31/9999 00:00:00","0","itg04213","05/08/2018 15:25:55","PVU_EX_1400","itg04213","05/08/2018 15:25:55","PVU_EX_1400","相模薬品株式会社","相模薬品株式会社","相模薬品株式会社","相模薬品","ｻｶﾞﾐﾔｸﾋﾝｶﾌﾞｼｷｶｲｼﾔ","ｻｶﾞﾐﾔｸﾋﾝ"
"14053","PVU_K0004","01/01/2000 00:00:00","12/31/9999 00:00:00","0","IKOU-KUN","03/29/2018 20:43:37","IKOU-STP","IKOU-SAN","03/29/2018 20:43:37","IKOU-CYAN","（株）ＰＡＬＴＡＣ横浜支社","（株）ＰＡＬＴＡＣ横浜支社","ＰＡＬＴＡＣ横浜支社","ＰＴ横浜","KK.ﾊﾟﾙﾀﾂｸﾖｺﾊﾏｼｼﾔ","KK.ﾊﾟﾙﾖｺﾊﾏ"
"14059","PVU_K0004","10/01/2017 00:00:00","12/31/9999 00:00:00","0","IKOU-KUN","03/29/2018 20:43:37","IKOU-STP","IKOU-SAN","03/29/2018 20:43:37","IKOU-CYAN","アルフレッサヘルスケア（株）神奈川甲信越支社","アルフレッサＨＣ神甲支社","アルフレッサＨＣ神甲","アルフ神甲","ｱﾙﾌﾚﾂｻﾍﾙｽｹｱｶﾅｺｳ","ｱﾙﾌｶﾅｺｳ"
"15003","PVU_K0001","01/01/2000 00:00:00","12/31/9999 00:00:00","0","IKOU-KUN","03/29/2018 20:43:37","IKOU-STP","IKOU-SAN","03/29/2018 20:43:37","IKOU-CYAN","（株）マルタケ関越","（株）マルタケ関越","マルタケ","マルタケ","KK ﾏﾙﾀｹ ｶﾝｴﾂ","ﾏﾙﾀｹｶﾝｴﾂ"
"15013","PVU_K0003","01/01/2000 00:00:00","12/31/9999 00:00:00","0","IKOU-KUN","03/29/2018 20:43:37","IKOU-STP","IKOU-SAN","03/29/2018 20:43:37","IKOU-CYAN","東邦薬品（株）新潟営業部","東邦薬品（株）新潟営業部","東邦薬品新潟営業部","東邦新潟","ﾄｳﾎｳﾆｲｶﾞﾀｴｲｷﾞﾖｳﾌﾞ","ﾄｳﾎｳﾆｲｶﾞﾀ"
"15022","PVU_K0003","01/01/2000 00:00:00","12/31/9999 00:00:00","0","IKOU-KUN","03/29/2018 20:43:37","IKOU-STP","IKOU-SAN","03/29/2018 20:43:37","IKOU-CYAN","株式会社マルタケ","株式会社マルタケ","（株）マルタケ","マルタケ","KK ﾏﾙﾀｹ","ﾏﾙﾀｹ"
"15022","PVU_K0004","01/01/2000 00:00:00","12/31/9999 00:00:00","0","IKOU-KUN","03/29/2018 20:43:37","IKOU-STP","IKOU-SAN","03/29/2018 20:43:37","IKOU-CYAN","株式会社マルタケ","株式会社マルタケ","（株）マルタケ","マルタケ","KK ﾏﾙﾀｹ","ﾏﾙﾀｹ"
"16001","PVU_K0001","01/01/2000 00:00:00","12/31/9999 00:00:00","0","IKOU-KUN","03/29/2018 20:43:37","IKOU-STP","IKOU-SAN","03/29/2018 20:43:37","IKOU-CYAN","（株）井上誠昌堂","（株）井上誠昌堂","井上誠昌堂","井上","KK ｲﾉｳｴ ｾｲｼﾖｳﾄﾞｳ","ｲﾉｳｴ"
"16001","PVU_K0003","01/01/2000 00:00:00","12/31/9999 00:00:00","0","IKOU-KUN","03/29/2018 20:43:37","IKOU-STP","IKOU-SAN","03/29/2018 20:43:37","IKOU-CYAN","（株）井上誠昌堂","（株）井上誠昌堂","井上誠昌堂","井上","KK ｲﾉｳｴ ｾｲｼﾖｳﾄﾞｳ","ｲﾉｳｴ"
"16002","PVU_K0003","05/16/2019 00:00:00","12/31/9999 00:00:00","0","itg40916","05/16/2019 15:31:25","PVU_EX_1400","itg40916","05/16/2019 15:31:25","PVU_EX_1400","日医工株式会社","日医工株式会社","日医工（株）","日医工","ﾆﾁｲｺｳｶﾌﾞｼｷｶﾞｲｼﾔ","ﾆﾁｲｺｳ"
"16004","PVU_K0001","01/01/2000 00:00:00","12/31/9999 00:00:00","0","IKOU-KUN","03/29/2018 20:43:37","IKOU-STP","IKOU-SAN","03/29/2018 20:43:37","IKOU-CYAN","（株）ファイネス","（株）ファイネス","ファイネス","ファイネス","KK ﾌｱｲﾈｽ","ﾌｱｲﾈｽ"
"16004","PVU_K0003","01/01/2000 00:00:00","12/31/9999 00:00:00","0","IKOU-KUN","03/29/2018 20:43:37","IKOU-STP","IKOU-SAN","03/29/2018 20:43:37","IKOU-CYAN","（株）ファイネス","（株）ファイネス","ファイネス","ファイネス","KK ﾌｱｲﾈｽ","ﾌｱｲﾈｽ"
"16004","PVU_K0004","01/01/2000 00:00:00","12/31/9999 00:00:00","0","IKOU-KUN","03/29/2018 20:43:37","IKOU-STP","IKOU-SAN","03/29/2018 20:43:37","IKOU-CYAN","（株）ファイネス","（株）ファイネス","ファイネス","ファイネス","KK ﾌｱｲﾈｽ","ﾌｱｲﾈｽ"
"16021","PVU_K0001","04/12/2017 00:00:00","12/31/9999 00:00:00","0","IKOU-KUN","03/29/2018 20:43:37","IKOU-STP","IKOU-SAN","03/29/2018 20:43:37","IKOU-CYAN","協栄薬品（株）","協栄薬品（株）","協栄薬品","協栄薬品","ｷﾖｳｴｲﾔｸﾋﾝ","ｷﾖｳｴｲﾔｸﾋﾝ"
"16021","PVU_K0003","04/01/2017 00:00:00","09/30/2018 00:00:00","0","IKOU-KUN","03/29/2018 20:43:37","IKOU-STP","IKOU-SAN","03/29/2018 20:43:37","IKOU-CYAN","協栄薬品（株）","協栄薬品（株）","協栄薬品","協栄薬品","ｷﾖｳｴｲﾔｸﾋﾝ","ｷﾖｳｴｲﾔｸﾋﾝ"
"16021","PVU_K0003","10/01/2018 00:00:00","12/31/9999 00:00:00","0","itg04213","09/25/2018 13:11:10","PVU_EX_1400","itg04213","09/25/2018 13:11:10","PVU_EX_1400","北陸東邦株式会社","北陸東邦株式会社","北陸東邦株式会社","北陸東邦","ﾎｸﾘｸﾄｳﾎｳｶﾌﾞｼｷｶｲｼﾔ","ﾎｸﾘｸﾄｳﾎｳ"
"17001","PVU_K0001","01/01/2000 00:00:00","12/31/9999 00:00:00","0","IKOU-KUN","03/29/2018 20:43:37","IKOU-STP","IKOU-SAN","03/29/2018 20:43:37","IKOU-CYAN","明祥（株）","明祥（株）","明祥","明祥","ﾒｲｼﾖｳ KK","ﾒｲｼﾖｳ"
"17001","PVU_K0002","10/01/2025 00:00:00","12/31/9999 00:00:00","0","itg39895","09/16/2025 13:59:41","PVU_EX_1400","itg39895","09/16/2025 13:59:41","PVU_EX_1400","明祥（株）","明祥（株）","明祥","明祥","ﾒｲｼﾖｳ KK","ﾒｲｼﾖｳ"
"17001","PVU_K0003","01/01/2000 00:00:00","12/31/9999 00:00:00","0","IKOU-KUN","03/29/2018 20:43:37","IKOU-STP","IKOU-SAN","03/29/2018 20:43:37","IKOU-CYAN","明祥（株）","明祥（株）","明祥","明祥","ﾒｲｼﾖｳ KK","ﾒｲｼﾖｳ"
"17004","PVU_K0004","01/01/2000 00:00:00","12/31/9999 00:00:00","0","IKOU-KUN","03/29/2018 20:43:37","IKOU-STP","IKOU-SAN","03/29/2018 20:43:37","IKOU-CYAN","Ｓ・北陸ブロック","Ｓ・北陸ブロック","北陸ブ","北陸","ｽｽﾞｹﾝﾎｸﾘｸﾌﾞﾛﾂｸ","ﾎｸﾘｸﾌﾞ"
"17011","PVU_K0001","01/01/2000 00:00:00","12/31/9999 00:00:00","0","IKOU-KUN","03/29/2018 20:43:37","IKOU-STP","IKOU-SAN","03/29/2018 20:43:37","IKOU-CYAN","（株）ＰＡＬＴＡＣ北陸支社","（株）ＰＡＬＴＡＣ北陸支社","ＰＡＬＴＡＣ北陸支社","ＰＴ北陸","KK ﾊﾟﾙﾀﾂｸ ﾎｸﾘｸ ｼｼﾔ","ﾊﾟﾙ ﾎｸﾘｸ"
"20001","PVU_K0001","01/01/2000 00:00:00","12/31/9999 00:00:00","0","IKOU-KUN","03/29/2018 20:43:37","IKOU-STP","IKOU-SAN","03/29/2018 20:43:37","IKOU-CYAN","岡野薬品（株）","岡野薬品（株）","岡野薬品","岡野","ｵｶﾉ ﾔｸﾋﾝ KK","ｵｶﾉ"
"20001","PVU_K0003","01/01/2000 00:00:00","12/31/9999 00:00:00","0","IKOU-KUN","03/29/2018 20:43:37","IKOU-STP","IKOU-SAN","03/29/2018 20:43:37","IKOU-CYAN","岡野薬品（株）","岡野薬品（株）","岡野薬品","岡野","ｵｶﾉ ﾔｸﾋﾝ KK","ｵｶﾉ"
"20001","PVU_K0004","01/01/2000 00:00:00","12/31/9999 00:00:00","0","IKOU-KUN","03/29/2018 20:43:37","IKOU-STP","IKOU-SAN","03/29/2018 20:43:37","IKOU-CYAN","岡野薬品（株）","岡野薬品（株）","岡野薬品","岡野","ｵｶﾉ ﾔｸﾋﾝ KK","ｵｶﾉ"
"20005","PVU_K0001","01/01/2000 00:00:00","12/31/9999 00:00:00","0","IKOU-KUN","03/29/2018 20:43:37","IKOU-STP","IKOU-SAN","03/29/2018 20:43:37","IKOU-CYAN","鍋林（株）","鍋林（株）","鍋林","鍋林","ﾅﾍﾞﾘﾝ KK","ﾅﾍﾞﾘﾝ"
"20005","PVU_K0003","01/01/2000 00:00:00","12/31/9999 00:00:00","0","IKOU-KUN","03/29/2018 20:43:37","IKOU-STP","IKOU-SAN","03/29/2018 20:43:37","IKOU-CYAN","鍋林（株）","鍋林（株）","鍋林","鍋林","ﾅﾍﾞﾘﾝ KK","ﾅﾍﾞﾘﾝ"
"20005","PVU_K0004","01/01/2000 00:00:00","12/31/9999 00:00:00","0","IKOU-KUN","03/29/2018 20:43:37","IKOU-STP","IKOU-SAN","03/29/2018 20:43:37","IKOU-CYAN","鍋林（株）","鍋林（株）","鍋林","鍋林","ﾅﾍﾞﾘﾝ KK","ﾅﾍﾞﾘﾝ"
"20017","PVU_K0001","01/01/2000 00:00:00","12/31/9999 00:00:00","0","IKOU-KUN","03/29/2018 20:43:37","IKOU-STP","IKOU-SAN","03/29/2018 20:43:37","IKOU-CYAN","（株）アデックス","（株）アデックス","（株）アデックス","アデックス","KK.ｱﾃﾞﾂｸｽ","ｱﾃﾞﾂｸｽ"
"20017","PVU_K0003","01/01/2000 00:00:00","12/31/9999 00:00:00","0","IKOU-KUN","03/29/2018 20:43:37","IKOU-STP","IKOU-SAN","03/29/2018 20:43:37","IKOU-CYAN","（株）アデックス","（株）アデックス","（株）アデックス","アデックス","KK.ｱﾃﾞﾂｸｽ","ｱﾃﾞﾂｸｽ"
"20017","PVU_K0004","01/01/2000 00:00:00","12/31/9999 00:00:00","0","IKOU-KUN","03/29/2018 20:43:37","IKOU-STP","IKOU-SAN","03/29/2018 20:43:37","IKOU-CYAN","（株）アデックス","（株）アデックス","（株）アデックス","アデックス","KK.ｱﾃﾞﾂｸｽ","ｱﾃﾞﾂｸｽ"
"20022","PVU_K0004","01/01/2000 00:00:00","12/31/9999 00:00:00","0","IKOU-KUN","03/29/2018 20:43:37","IKOU-STP","IKOU-SAN","03/29/2018 20:43:37","IKOU-CYAN","甲信越支社","甲信越支社","甲信越支社","甲信","ｺｳｼﾝｴﾂｼｼﾔ","ｺｳｼﾝｴﾂｼｼﾔ"
"21002","PVU_K0003","01/01/2000 00:00:00","12/31/9999 00:00:00","0","IKOU-KUN","03/29/2018 20:43:37","IKOU-STP","IKOU-SAN","03/29/2018 20:43:37","IKOU-CYAN","アルフレッサ（株）岐阜","アルフレッサ（株）岐阜","アルフレッサ岐阜","ＡＦ岐阜","ｱﾙﾌﾚﾂｻ ｷﾞﾌ","AF ｷﾞﾌ"
"21002","PVU_K0004","01/01/2000 00:00:00","12/31/9999 00:00:00","0","IKOU-KUN","03/29/2018 20:43:37","IKOU-STP","IKOU-SAN","03/29/2018 20:43:37","IKOU-CYAN","アルフレッサ（株）岐阜","アルフレッサ（株）岐阜","アルフレッサ岐阜","ＡＦ岐阜","ｱﾙﾌﾚﾂｻ ｷﾞﾌ","AF ｷﾞﾌ"
"23001","PVU_K0001","05/08/2018 00:00:00","12/31/9999 00:00:00","0","itg04213","05/08/2018 15:33:39","PVU_EX_1400","itg04213","05/08/2018 15:33:39","PVU_EX_1400","株式会社東海メディエイト","株式会社東海メディエイト","東海メディエイト","東海メディ","ｶﾌﾞｼｷｶｲｼﾔﾄｳｶｲﾒﾃﾞｲｴｲﾄ","ﾄｳｶｲﾒﾃﾞｲ"
"23002","PVU_K0001","01/01/2000 00:00:00","12/31/9999 00:00:00","0","IKOU-KUN","03/29/2018 20:43:37","IKOU-STP","IKOU-SAN","03/29/2018 20:43:37","IKOU-CYAN","中北薬品（株）","中北薬品（株）","中北薬品","中北薬品","ﾅｶｷﾀ ﾔｸﾋﾝ","ﾅｶｷﾀ ﾔｸﾋﾝ"
"23002","PVU_K0003","01/01/2000 00:00:00","12/31/9999 00:00:00","0","IKOU-KUN","03/29/2018 20:43:37","IKOU-STP","IKOU-SAN","03/29/2018 20:43:37","IKOU-CYAN","中北薬品（株）","中北薬品（株）","中北薬品","中北薬品","ﾅｶｷﾀ ﾔｸﾋﾝ","ﾅｶｷﾀ ﾔｸﾋﾝ"
"23009","PVU_K0001","01/01/2000 00:00:00","12/31/9999 00:00:00","0","IKOU-KUN","03/29/2018 20:43:37","IKOU-STP","IKOU-SAN","03/29/2018 20:43:37","IKOU-CYAN","（株）スズケン名古屋営業部","（株）スズケン名古屋営業部","スズケン名古屋営業部","Ｓ・名古屋","KK ｽｽﾞｹﾝ ﾅｺﾞﾔｴｲｷﾞﾖｳﾌ","ｽｽﾞｹﾝ ﾅｺﾞﾔ"
"23009","PVU_K0004","01/01/2000 00:00:00","12/31/9999 00:00:00","0","IKOU-KUN","03/29/2018 20:43:37","IKOU-STP","IKOU-SAN","03/29/2018 20:43:37","IKOU-CYAN","Ｓ・東海ブロック","Ｓ・東海ブロック","東海ブ","東海","ｽｽﾞｹﾝﾄｳｶｲﾌﾞﾛﾂｸ","ﾄｳｶｲﾌﾞ"
"23017","PVU_K0001","01/01/2000 00:00:00","12/31/9999 00:00:00","0","IKOU-KUN","03/29/2018 20:43:37","IKOU-STP","IKOU-SAN","03/29/2018 20:43:37","IKOU-CYAN","シーエス薬品（株）","シーエス薬品（株）","シーエス薬品（株）","シーエス薬","ｼ-ｴｽ ﾔｸﾋﾝ ｶﾌﾞｼｷｶﾞｲｼﾔ","ｼ-ｴｽﾔｸﾋﾝ"
"23017","PVU_K0003","01/01/2000 00:00:00","12/31/9999 00:00:00","0","IKOU-KUN","03/29/2018 20:43:37","IKOU-STP","IKOU-SAN","03/29/2018 20:43:37","IKOU-CYAN","シーエス薬品（株）","シーエス薬品（株）","シーエス薬品（株）","シーエス薬","ｼ-ｴｽ ﾔｸﾋﾝ ｶﾌﾞｼｷｶﾞｲｼﾔ","ｼ-ｴｽﾔｸﾋﾝ"
"23017","PVU_K0004","01/01/2000 00:00:00","12/31/9999 00:00:00","0","IKOU-KUN","03/29/2018 20:43:37","IKOU-STP","IKOU-SAN","03/29/2018 20:43:37","IKOU-CYAN","シーエス薬品（株）","シーエス薬品（株）","シーエス薬品（株）","シーエス薬","ｼ-ｴｽ ﾔｸﾋﾝ ｶﾌﾞｼｷｶﾞｲｼﾔ","ｼ-ｴｽﾔｸﾋﾝ"
"23047","PVU_K0002","10/01/2025 00:00:00","12/31/9999 00:00:00","0","itg46273","09/12/2025 13:24:38","PVU_EX_1400","itg46273","09/12/2025 13:24:38","PVU_EX_1400","スズケングループ","スズケングループ","スズケンＧ","スズケン","ｽｽﾞｹﾝ G","ｽｽﾞｹﾝ"
"23048","PVU_K0003","10/01/2025 00:00:00","12/31/9999 00:00:00","0","itg46273","09/12/2025 13:37:28","PVU_EX_1400","itg46273","09/12/2025 13:37:28","PVU_EX_1400","（株）スズケン","（株）スズケン","（株）スズケン","スズケン","KK ｽｽﾞｹﾝ","ｽｽﾞｹﾝ"
"23049","PVU_K0002","01/01/2000 00:00:00","12/31/9999 00:00:00","0","IKOU-KUN","03/29/2018 20:43:37","IKOU-STP","IKOU-SAN","03/29/2018 20:43:37","IKOU-CYAN","（株）スズケンＧ","（株）スズケンＧ","（株）スズケンＧ","スズケンＧ","KK ｽｽﾞｹﾝG","ｽｽﾞｹﾝG"
"23049","PVU_K0003","01/01/2000 00:00:00","12/31/9999 00:00:00","0","IKOU-KUN","03/29/2018 20:43:37","IKOU-STP","IKOU-SAN","03/29/2018 20:43:37","IKOU-CYAN","（株）スズケン","（株）スズケン","（株）スズケン","スズケン","KK ｽｽﾞｹﾝ","ｽｽﾞｹﾝ"
"23074","PVU_K0004","01/01/2000 00:00:00","12/31/9999 00:00:00","0","IKOU-KUN","03/29/2018 20:43:37","IKOU-STP","IKOU-SAN","03/29/2018 20:43:37","IKOU-CYAN","スズケン","スズケン","Ｓ","Ｓ","S","S"
"23084","PVU_K0004","01/01/2000 00:00:00","12/31/9999 00:00:00","0","IKOU-KUN","03/29/2018 20:43:37","IKOU-STP","IKOU-SAN","03/29/2018 20:43:37","IKOU-CYAN","（株）ＰＡＬＴＡＣ名古屋支社","ＰＡＬＴＡＣ名古屋支社","ＰＡＬ名古屋支社","ＰＴ名古屋","ﾊﾟﾙﾀﾂｸﾅｺﾞﾔ","ﾊﾟﾙﾅｺﾞﾔﾞ"
"23100","PVU_K0004","01/01/2000 00:00:00","12/31/9999 00:00:00","0","IKOU-KUN","03/29/2018 20:43:37","IKOU-STP","IKOU-SAN","03/29/2018 20:43:37","IKOU-CYAN","中部支社","中部支社","中部支社","中部","ﾁﾕｳﾌﾞｼｼﾔ","ﾁﾕｳﾌﾞｼｼﾔ"
"23525","PVU_K0004","01/01/2000 00:00:00","01/13/2021 00:00:00","0","IKOU-KUN","03/29/2018 20:43:37","IKOU-STP","IKOU-SAN","03/29/2018 20:43:37","IKOU-CYAN","（株）井田両国堂　名古屋","（株）井田両国堂　名古屋","井田名古屋","井田名古屋","KK ｲﾀﾞﾘﾖｳｺﾞｸﾄﾞｳ","ｲﾀﾞﾅｺﾞﾔ"
"23525","PVU_K0004","01/14/2021 00:00:00","12/31/9999 00:00:00","0","itg36186","01/14/2021 15:44:21","PVU_EX_1400","itg36186","01/14/2021 15:54:34","PVU_EX_1400","（株）井田両国堂　名古屋","（株）井田両国堂　名古屋","井田両国堂　名古屋","井田名古屋","ｲﾀﾞﾘﾖｳｺﾞｸﾄﾞｳ ﾅｺﾞﾔ","ｲﾀﾞ ﾅｺﾞﾔ"
"23890","PVU_K0004","10/01/2011 00:00:00","12/31/9999 00:00:00","0","IKOU-KUN","03/29/2018 20:43:37","IKOU-STP","IKOU-SAN","03/29/2018 20:43:37","IKOU-CYAN","東邦薬品（株）愛知営業部","東邦薬品（株）愛知営業部","東邦薬品愛知営業部","東邦愛知","ﾄｳﾎｳ ｱｲﾁ","ﾄｳﾎｳ ｱｲﾁ"
"23891","PVU_K0004","09/01/2011 00:00:00","12/31/9999 00:00:00","0","IKOU-KUN","03/29/2018 20:43:37","IKOU-STP","IKOU-SAN","03/29/2018 20:43:37","IKOU-CYAN","アルフレッサヘルスケア（株）中部支社","アルフレッサＨＣ中部支社","アルフレッサＨＣ中部","アルフ中部","ｱﾙﾌﾚﾂｻﾍﾙｽｹｱﾁﾕｳﾌﾞ","ｱﾙﾌﾁﾕｳﾌﾞ"
"24004","PVU_K0004","01/01/2000 00:00:00","12/31/9999 00:00:00","0","IKOU-KUN","03/29/2018 20:43:37","IKOU-STP","IKOU-SAN","03/29/2018 20:43:37","IKOU-CYAN","丹平中田（株）東海営業部","丹平中田（株）東海営業部","丹平中田　東海","丹平中田","ﾀﾝﾍﾟｲ ﾅｶﾀ KK","ﾀﾝﾍﾟｲ ﾅｶﾀ"
"24011","PVU_K0001","01/01/2000 00:00:00","12/31/9999 00:00:00","0","IKOU-KUN","03/29/2018 20:43:37","IKOU-STP","IKOU-SAN","03/29/2018 20:43:37","IKOU-CYAN","神宮薬品（株）","神宮薬品（株）","神宮薬品（株）","神宮薬品","ｼﾞﾝｸﾞｳﾔｸﾋﾝ","ｼﾞﾝｸﾞｳﾔｸﾋﾝ"
"24011","PVU_K0004","01/01/2000 00:00:00","12/31/9999 00:00:00","0","IKOU-KUN","03/29/2018 20:43:37","IKOU-STP","IKOU-SAN","03/29/2018 20:43:37","IKOU-CYAN","神宮薬品（株）","神宮薬品（株）","神宮薬品（株）","神宮薬品","ｼﾞﾝｸﾞｳﾔｸﾋﾝ","ｼﾞﾝｸﾞｳﾔｸﾋﾝ"
"24012","PVU_K0004","01/01/2000 00:00:00","12/31/9999 00:00:00","0","IKOU-KUN","03/29/2018 20:43:37","IKOU-STP","IKOU-SAN","03/29/2018 20:43:37","IKOU-CYAN","ＡＺ東海","ＡＺ東海","東海","東海","ｱｽﾞｳｴﾙﾄｳｶｲ","ﾄｳｶｲ"
"25007","PVU_K0003","10/01/2016 00:00:00","12/31/9999 00:00:00","0","IKOU-KUN","03/29/2018 20:43:37","IKOU-STP","IKOU-SAN","03/29/2018 20:43:37","IKOU-CYAN","（株）大正堂","（株）大正堂","大正堂","大正堂","ﾀｲｼﾖｳﾄﾞｳ","ﾀｲｼﾖｳﾄﾞｳ"
"26014","PVU_K0004","01/01/2000 00:00:00","12/31/9999 00:00:00","0","IKOU-KUN","03/29/2018 20:43:37","IKOU-STP","IKOU-SAN","03/29/2018 20:43:37","IKOU-CYAN","（株）ケーエスケー京滋","（株）ケーエスケー京滋","ケーエスケー京滋","ＫＳＫ京滋","ｹ-ｴｽｹ- ｹｲｼﾞ","ｹ-ｴｽｹ-ｹｲｼﾞ"
"26023","PVU_K0004","01/01/2000 00:00:00","12/31/9999 00:00:00","0","IKOU-KUN","03/29/2018 20:43:37","IKOU-STP","IKOU-SAN","03/29/2018 20:43:37","IKOU-CYAN","京都支社","京都支社","京都支社","京都","ｷﾖｳﾄｼｼﾔ","ｷﾖｳﾄｼｼﾔ"
"27001","PVU_K0004","01/01/2000 00:00:00","12/31/9999 00:00:00","0","IKOU-KUN","03/29/2018 20:43:37","IKOU-STP","IKOU-SAN","03/29/2018 20:43:37","IKOU-CYAN","丹平中田（株）西日本営業部","丹平中田（株）西日本営業部","丹平中田　西日本","丹平中田","ﾀﾝﾍﾟｲ ﾅｶﾀ KK","ﾀﾝﾍﾟｲ ﾅｶﾀ"
"27004","PVU_K0004","01/01/2000 00:00:00","12/31/9999 00:00:00","0","IKOU-KUN","03/29/2018 20:43:37","IKOU-STP","IKOU-SAN","03/29/2018 20:43:37","IKOU-CYAN","ＡＺ関西","ＡＺ関西","関西","関西","ｱｽﾞｳｴﾙｶﾝｻｲ","ｶﾝｻｲ"
"27014","PVU_K0004","01/01/2000 00:00:00","12/31/9999 00:00:00","0","IKOU-KUN","03/29/2018 20:43:37","IKOU-STP","IKOU-SAN","03/29/2018 20:43:37","IKOU-CYAN","Ｓ・近畿ブロック","Ｓ・近畿ブロック","近畿ブ","近畿","ｽｽﾞｹﾝｷﾝｷﾌﾞﾛﾂｸ","ｷﾝｷﾌﾞ"
"27041","PVU_K0003","10/01/2025 00:00:00","12/31/9999 00:00:00","0","itg46273","09/12/2025 13:26:42","PVU_EX_1400","itg46273","09/12/2025 13:26:42","PVU_EX_1400","（株）ケーエスケー","ケーエスケー","ケーエスケー","ＫＳＫ","ｹ-ｴｽｹ-","ｹ-ｴｽｹ-"
"27042","PVU_K0001","01/01/2000 00:00:00","12/31/9999 00:00:00","0","IKOU-KUN","03/29/2018 20:43:37","IKOU-STP","IKOU-SAN","03/29/2018 20:43:37","IKOU-CYAN","（株）ケーエスケー","（株）ケーエスケー","ケーエスケー","ＫＳＫ大阪","ｹ-ｴｽｹ-","ｹ-ｴｽｹ-ｵｵｻｶ"
"27042","PVU_K0003","01/01/2000 00:00:00","12/31/9999 00:00:00","0","IKOU-KUN","03/29/2018 20:43:37","IKOU-STP","IKOU-SAN","03/29/2018 20:43:37","IKOU-CYAN","（株）ケーエスケー","（株）ケーエスケー","ケーエスケー","ＫＳＫ大阪","ｹ-ｴｽｹ-","ｹ-ｴｽｹ-ｵｵｻｶ"
"27042","PVU_K0004","01/01/2000 00:00:00","12/31/9999 00:00:00","0","IKOU-KUN","03/29/2018 20:43:37","IKOU-STP","IKOU-SAN","03/29/2018 20:43:37","IKOU-CYAN","（株）ケーエスケー","（株）ケーエスケー","ケーエスケー","ＫＳＫ大阪","ｹ-ｴｽｹ-","ｹ-ｴｽｹ-ｵｵｻｶ"
"27070","PVU_K0001","01/01/2000 00:00:00","12/31/9999 00:00:00","0","IKOU-KUN","03/29/2018 20:43:37","IKOU-STP","IKOU-SAN","03/29/2018 20:43:37","IKOU-CYAN","（株）Ｐａｌｔａｃ近畿支社","（株）Ｐａｌｔａｃ近畿支社","Ｐａｌｔａｃ近畿支社","ＰＴ近畿","KKﾊﾟﾙﾀﾂｸ ｷﾝｷｼｼﾔ","ﾊﾟﾙｷﾝｷ"
"27070","PVU_K0004","01/01/2000 00:00:00","12/31/9999 00:00:00","0","IKOU-KUN","03/29/2018 20:43:37","IKOU-STP","IKOU-SAN","03/29/2018 20:43:37","IKOU-CYAN","（株）ＰＡＬＴＡＣ近畿支社","（株）ＰＡＬＴＡＣ近畿支社","ＰＡＬＴＡＣ近畿支社","ＰＴ近畿","KKﾊﾟﾙﾀﾂｸ ｷﾝｷｼｼﾔ","ﾊﾟﾙｷﾝｷ"
"27073","PVU_K0004","01/01/2000 00:00:00","12/31/9999 00:00:00","0","IKOU-KUN","03/29/2018 20:43:37","IKOU-STP","IKOU-SAN","03/29/2018 20:43:37","IKOU-CYAN","関西支社","関西支社","関西支社","関西","ｶﾝｻｲｼｼﾔ","ｶﾝｻｲｼｼﾔ"
"27074","PVU_K0004","01/01/2000 00:00:00","12/31/9999 00:00:00","0","IKOU-KUN","03/29/2018 20:43:37","IKOU-STP","IKOU-SAN","03/29/2018 20:43:37","IKOU-CYAN","関西支社","関西支社","関西支社","関西","ｶﾝｻｲｼｼﾔ","ｶﾝｻｲｼｼﾔ"
"27086","PVU_K0003","01/01/2000 00:00:00","12/31/9999 00:00:00","0","IKOU-KUN","03/29/2018 20:43:37","IKOU-STP","IKOU-SAN","03/29/2018 20:43:37","IKOU-CYAN","東邦薬品（株）大阪営業部","東邦薬品（株）大阪営業部","東邦薬品大阪営業部","東邦大阪","ﾄｳﾎｳ KK ｵｵｻｶｴｲｷﾞﾖｳﾌﾞ","ﾄｳﾎｳｵｵｻｶ"
"27086","PVU_K0004","01/01/2000 00:00:00","12/31/9999 00:00:00","0","IKOU-KUN","03/29/2018 20:43:37","IKOU-STP","IKOU-SAN","03/29/2018 20:43:37","IKOU-CYAN","東邦薬品（株）大阪営業部","東邦薬品（株）大阪営業部","東邦薬品大阪営業部","東邦大阪","ﾄｳﾎｳ KK ｵｵｻｶｴｲｷﾞﾖｳﾌﾞ","ﾄｳﾎｳｵｵｻｶ"
"27091","PVU_K0004","01/14/2021 00:00:00","12/31/9999 00:00:00","0","itg36186","01/14/2021 15:38:36","PVU_EX_1400","itg36186","01/14/2021 15:42:07","PVU_EX_1400","（株）井田両国堂　千里店","（株）井田両国堂　千里店","井田両国堂　千里店","井田　千里","ｲﾀﾞﾘﾖｳｺﾞｸﾄﾞｳ ｾﾝﾘ","ｲﾀﾞ ｾﾝﾘ"
"27100","PVU_K0001","04/01/2018 00:00:00","12/31/9999 00:00:00","0","itg04213","03/31/2018 16:30:57","PVU_EX_1400","itg04213","03/31/2018 16:30:57","PVU_EX_1400","株式会社アピスライフケア","株式会社アピスライフケア","株式会社アピスライフ","アピスライ","ｱﾋﾟｽﾗｲﾌ","ｱﾋﾟｽﾗｲﾌ"
"27194","PVU_K0003","10/08/2019 00:00:00","12/31/9999 00:00:00","0","itg19647","10/08/2019 11:39:43","PVU_EX_1400","itg19647","10/08/2019 11:39:43","PVU_EX_1400","社会医療法人北斗会ネオメデックス","医）北斗会ネオメデックス","ＭＤＸ","ＭＤＸ","ｴﾑﾃﾞｨｰｴｯｸｽ","ｴﾑﾃﾞｨｰｴｯｸｽ"
"27194","PVU_K0004","10/08/2019 00:00:00","12/31/9999 00:00:00","0","itg19647","10/08/2019 11:40:56","PVU_EX_1400","itg19647","10/08/2019 11:40:56","PVU_EX_1400","社会医療法人北斗会ネオメデックス","医）北斗会ネオメデックス","ＭＤＸ","ＭＤＸ","ｴﾑﾃﾞｨｰｴｯｸｽ","ｴﾑﾃﾞｨｰｴｯｸｽ"
"27803","PVU_K0003","01/01/2000 00:00:00","12/31/9999 00:00:00","0","IKOU-KUN","03/29/2018 20:43:37","IKOU-STP","IKOU-SAN","03/29/2018 20:43:37","IKOU-CYAN","（株）Ｐａｌｔａｃ近畿","（株）Ｐａｌｔａｃ近畿","Ｐａｌｔａｃ近畿","ＰＴ近畿","KKﾊﾟﾙﾀﾂｸ ｷﾝｷ","ﾊﾟﾙｷﾝｷ"
"27803","PVU_K0004","01/01/2000 00:00:00","12/31/9999 00:00:00","0","IKOU-KUN","03/29/2018 20:43:37","IKOU-STP","IKOU-SAN","03/29/2018 20:43:37","IKOU-CYAN","（株）ＰＡＬＴＡＣ近畿","（株）ＰＡＬＴＡＣ近畿","ＰＡＬＴＡＣ近畿","ＰＴ近畿","KKﾊﾟﾙﾀﾂｸ ｷﾝｷ","ﾊﾟﾙｷﾝｷ"
"27806","PVU_K0004","01/01/2000 00:00:00","01/13/2021 00:00:00","0","IKOU-KUN","03/29/2018 20:43:37","IKOU-STP","IKOU-SAN","03/29/2018 20:43:37","IKOU-CYAN","（株）井田両国堂大阪","（株）井田両国堂大阪","井田　大阪","井田大阪","KK ｲﾀﾞﾘﾖｳｺﾞｸﾄﾞｳ","ｲﾀﾞｵｵｻｶ"
"27806","PVU_K0004","01/14/2021 00:00:00","12/31/9999 00:00:00","0","itg36186","01/14/2021 15:45:32","PVU_EX_1400","itg36186","01/14/2021 15:56:12","PVU_EX_1400","（株）井田両国堂　大阪","（株）井田両国堂　大阪","井田両国堂　大阪","井田　大阪","ｲﾀﾞﾘﾖｳｺﾞｸﾄﾞｳ ｵｵｻｶ","ｲﾀﾞ ｵｵｻｶ"
"27889","PVU_K0001","12/10/2015 00:00:00","12/31/9999 00:00:00","0","IKOU-KUN","03/29/2018 20:43:37","IKOU-STP","IKOU-SAN","03/29/2018 20:43:37","IKOU-CYAN","大阪の代理店","大阪の代理店","大阪の代理店","大・代理店","ｵｵｻｶﾉ ﾀﾞｲﾘﾃﾝ","ｵｵｻｶ"
"27890","PVU_K0004","09/01/2011 00:00:00","12/31/9999 00:00:00","0","IKOU-KUN","03/29/2018 20:43:37","IKOU-STP","IKOU-SAN","03/29/2018 20:43:37","IKOU-CYAN","アルフレッサヘルスケア（株）関西支社","アルフレッサＨＣ関西支社","アルフレッサＨＣ関西","アルフ関西","ｱﾙﾌﾚﾂｻﾍﾙｽｹｱｶﾝｻｲ","ｱﾙﾌｶﾝｻｲ"
"28023","PVU_K0004","01/01/2000 00:00:00","12/31/9999 00:00:00","0","IKOU-KUN","03/29/2018 20:43:37","IKOU-STP","IKOU-SAN","03/29/2018 20:43:37","IKOU-CYAN","（株）ケーエスケー兵庫","（株）ケーエスケー兵庫","ケーエスケー兵庫","ＫＳＫ兵庫","ｹ-ｴｽｹ- ﾋﾖｳｺﾞ","ｹ-ｴｽｹ- ﾋﾖｳ"
"28026","PVU_K0002","01/01/2000 00:00:00","12/31/9999 00:00:00","0","IKOU-KUN","03/29/2018 20:43:37","IKOU-STP","IKOU-SAN","03/29/2018 20:43:37","IKOU-CYAN","（株）メディセオＧ","（株）メディセオＧ","（株）メディセオＧ","ＭＣＧ","KK ﾒﾃﾞｲｾｵG","ﾒﾃﾞｲｾｵG"
"29005","PVU_K0001","01/01/2000 00:00:00","12/31/9999 00:00:00","0","IKOU-KUN","03/29/2018 20:43:37","IKOU-STP","IKOU-SAN","03/29/2018 20:43:37","IKOU-CYAN","（株）神田大薬局","（株）神田大薬局","神田大薬局","神田","KK ｶﾝﾀﾞﾀﾞｲ ﾔﾂｷﾖｸ","ｶﾝﾀﾞﾀﾞｲ"
"30017","PVU_K0003","02/01/2016 00:00:00","12/31/9999 00:00:00","0","IKOU-KUN","03/29/2018 20:43:37","IKOU-STP","IKOU-SAN","03/29/2018 20:43:37","IKOU-CYAN","（株）ナカヤマ","（株）ナカヤマ","（株）ナカヤマ","ナカヤマ","KKﾅｶﾔﾏ","ﾅｶﾔﾏ"
"34003","PVU_K0003","01/01/2000 00:00:00","12/31/9999 00:00:00","0","IKOU-KUN","03/29/2018 20:43:37","IKOU-STP","IKOU-SAN","03/29/2018 20:43:37","IKOU-CYAN","（株）サンキ","（株）サンキ","サンキ","サンキ","KK ｻﾝｷ","ｻﾝｷ"
"34003","PVU_K0004","01/01/2000 00:00:00","12/31/9999 00:00:00","0","IKOU-KUN","03/29/2018 20:43:37","IKOU-STP","IKOU-SAN","03/29/2018 20:43:37","IKOU-CYAN","（株）サンキ","（株）サンキ","サンキ","サンキ","KK ｻﾝｷ","ｻﾝｷ"
"34010","PVU_K0003","01/01/2000 00:00:00","12/31/9999 00:00:00","0","IKOU-KUN","03/29/2018 20:43:37","IKOU-STP","IKOU-SAN","03/29/2018 20:43:37","IKOU-CYAN","ティーエスアルフレッサ（株）","ティーエスアルフレッサ","ＴＳアルフレッサ","ＴＳアルフ","ﾃｲ-ｴｽｱﾙﾌﾚﾂｻ","ﾃｲ-ｴｽｱﾙﾌ"
"34010","PVU_K0004","01/01/2000 00:00:00","12/31/9999 00:00:00","0","IKOU-KUN","03/29/2018 20:43:37","IKOU-STP","IKOU-SAN","03/29/2018 20:43:37","IKOU-CYAN","ティーエスアルフレッサ（株）","ティーエスアルフレッサ","ＴＳアルフレッサ","ＴＳアルフ","ﾃｲ-ｴｽｱﾙﾌﾚﾂｻ","ﾃｲ-ｴｽｱﾙﾌ"
"34012","PVU_K0003","01/01/2000 00:00:00","12/31/9999 00:00:00","0","IKOU-KUN","03/29/2018 20:43:37","IKOU-STP","IKOU-SAN","03/29/2018 20:43:37","IKOU-CYAN","（株）エバルス","（株）エバルス","エバルス","エバルス","KK ｴﾊﾞﾙｽ","KKｴﾊﾞﾙｽ"
"34012","PVU_K0004","01/01/2000 00:00:00","12/31/9999 00:00:00","0","IKOU-KUN","03/29/2018 20:43:37","IKOU-STP","IKOU-SAN","03/29/2018 20:43:37","IKOU-CYAN","（株）エバルス","（株）エバルス","エバルス","エバルス","KK ｴﾊﾞﾙｽ","KKｴﾊﾞﾙｽ"
"34019","PVU_K0001","01/01/2000 00:00:00","12/31/9999 00:00:00","0","IKOU-KUN","03/29/2018 20:43:37","IKOU-STP","IKOU-SAN","03/29/2018 20:43:37","IKOU-CYAN","（株）健翔","（株）健翔","（株）健翔","健翔","KK ｹﾝｼﾖｳ","KKｹﾝｼﾖｳ"
"34019","PVU_K0003","01/01/2000 00:00:00","12/31/9999 00:00:00","0","IKOU-KUN","03/29/2018 20:43:37","IKOU-STP","IKOU-SAN","03/29/2018 20:43:37","IKOU-CYAN","（株）健翔","（株）健翔","（株）健翔","健翔","KK ｹﾝｼﾖｳ","KKｹﾝｼﾖｳ"
"34019","PVU_K0004","01/01/2000 00:00:00","12/31/9999 00:00:00","0","IKOU-KUN","03/29/2018 20:43:37","IKOU-STP","IKOU-SAN","03/29/2018 20:43:37","IKOU-CYAN","（株）健翔","（株）健翔","（株）健翔","健翔","KK ｹﾝｼﾖｳ","KKｹﾝｼﾖｳ"
"34031","PVU_K0004","01/01/2000 00:00:00","12/31/9999 00:00:00","0","IKOU-KUN","03/29/2018 20:43:37","IKOU-STP","IKOU-SAN","03/29/2018 20:43:37","IKOU-CYAN","（株）Ｐａｌｔａｃ広島","（株）Ｐａｌｔａｃ広島","Ｐａｌｔａｃ広島","ＰＴ広島","KKﾊﾟﾙﾀﾂｸ ﾋﾛｼﾏｼﾃﾝ","ﾊﾟﾙﾋﾛｼﾏ"
"34037","PVU_K0001","01/01/2000 00:00:00","12/31/9999 00:00:00","0","IKOU-KUN","03/29/2018 20:43:37","IKOU-STP","IKOU-SAN","03/29/2018 20:43:37","IKOU-CYAN","（株）Ｐａｌｔａｃ中国支社","（株）Ｐａｌｔａｃ中国支社","Ｐａｌｔａｃ中国支社","ＰＴ中国","KKﾊﾟﾙﾀﾂｸ ﾁﾕｳｺﾞｸｼｼﾔ","ﾊﾟﾙﾁﾕｳｺﾞｸ"
"34039","PVU_K0004","01/14/2021 00:00:00","12/31/9999 00:00:00","0","itg36186","01/14/2021 15:46:37","PVU_EX_1400","itg36186","01/14/2021 15:46:37","PVU_EX_1400","（株）井田両国堂　広島店","（株）井田両国堂　広島店","井田両国堂　広島店","井田　広島","ｲﾀﾞﾘﾖｳｺﾞｸﾄﾞｳ ﾋﾛｼﾏ","ｲﾀﾞ ﾋﾛｼﾏ"
"34041","PVU_K0003","01/01/2000 00:00:00","12/31/9999 00:00:00","0","IKOU-KUN","03/29/2018 20:43:37","IKOU-STP","IKOU-SAN","03/29/2018 20:43:37","IKOU-CYAN","（株）セイエル","（株）セイエル","セイエル","セイエル","KK ｾｲｴﾙ","ｾｲｴﾙ"
"34041","PVU_K0004","01/01/2000 00:00:00","12/31/9999 00:00:00","0","IKOU-KUN","03/29/2018 20:43:37","IKOU-STP","IKOU-SAN","03/29/2018 20:43:37","IKOU-CYAN","（株）セイエル","（株）セイエル","セイエル","セイエル","KK ｾｲｴﾙ","ｾｲｴﾙ"
"34044","PVU_K0003","05/01/2017 00:00:00","12/31/9999 00:00:00","0","IKOU-KUN","03/29/2018 20:43:37","IKOU-STP","IKOU-SAN","03/29/2018 20:43:37","IKOU-CYAN","共創未来広島薬品（株）","共創未来広島薬品（株）","共創未来広島","共創広島","ｷﾖｳｿｳﾐﾗｲ ﾋﾛｼﾏ","ｷﾖｳｿｳﾋﾛｼﾏ"
"34890","PVU_K0004","09/01/2011 00:00:00","12/31/9999 00:00:00","0","IKOU-KUN","03/29/2018 20:43:37","IKOU-STP","IKOU-SAN","03/29/2018 20:43:37","IKOU-CYAN","アルフレッサヘルスケア（株）西日本支社","アルフレッサＨＣ西日本支社","アルフレッサＨＣ西日","アルフ西日","ｱﾙﾌﾚﾂｻﾍﾙｽｹｱﾆｼﾆﾎﾝ","ｱﾙﾌﾆｼﾆﾎﾝ"
"35002","PVU_K0001","01/01/2000 00:00:00","12/31/9999 00:00:00","0","IKOU-KUN","03/29/2018 20:43:37","IKOU-STP","IKOU-SAN","03/29/2018 20:43:37","IKOU-CYAN","常盤薬品（株）","常盤薬品（株）","常盤薬品","常盤","ﾄｷﾜ ﾔｸﾋﾝ KK","ﾄｷﾜ"
"35002","PVU_K0003","01/01/2000 00:00:00","12/31/9999 00:00:00","0","IKOU-KUN","03/29/2018 20:43:37","IKOU-STP","IKOU-SAN","03/29/2018 20:43:37","IKOU-CYAN","常盤薬品（株）","常盤薬品（株）","常盤薬品","常盤","ﾄｷﾜ ﾔｸﾋﾝ KK","ﾄｷﾜ"
"35002","PVU_K0004","01/01/2000 00:00:00","12/31/9999 00:00:00","0","IKOU-KUN","03/29/2018 20:43:37","IKOU-STP","IKOU-SAN","03/29/2018 20:43:37","IKOU-CYAN","常盤薬品（株）","常盤薬品（株）","常盤薬品","常盤","ﾄｷﾜ ﾔｸﾋﾝ KK","ﾄｷﾜ"
"35013","PVU_K0004","01/01/2000 00:00:00","12/31/9999 00:00:00","0","IKOU-KUN","03/29/2018 20:43:37","IKOU-STP","IKOU-SAN","03/29/2018 20:43:37","IKOU-CYAN","（株）リードヘルスケア中国","（株）リードヘルスケア中国","リードヘルスケア中国","ＲＨＣ中国","ﾘ-ﾄﾞﾍﾙｽｹｱﾁﾕｳｺﾞｸ","RHCﾁﾕｳｺﾞｸ"
"35022","PVU_K0003","01/01/2017 00:00:00","12/31/9999 00:00:00","0","IKOU-KUN","03/29/2018 20:43:37","IKOU-STP","IKOU-SAN","03/29/2018 20:43:37","IKOU-CYAN","共創未来山口薬品（株）","共創未来山口薬品（株）","共創未来山口","共創山口","ｷﾖｳｿｳﾐﾗｲ ﾔﾏｸﾞﾁ","ｷﾖｳｿｳﾔﾏｸﾞﾁ"
"37001","PVU_K0003","01/01/2000 00:00:00","12/31/9999 00:00:00","0","IKOU-KUN","03/29/2018 20:43:37","IKOU-STP","IKOU-SAN","03/29/2018 20:43:37","IKOU-CYAN","四国アルフレッサ（株）","四国アルフレッサ（株）","四国アルフレッサ","四国ＡＦ","ｼｺｸｱﾙﾌﾚﾂｻ KK","ｼｺｸAF"
"37001","PVU_K0004","01/01/2000 00:00:00","12/31/9999 00:00:00","0","IKOU-KUN","03/29/2018 20:43:37","IKOU-STP","IKOU-SAN","03/29/2018 20:43:37","IKOU-CYAN","四国アルフレッサ（株）","四国アルフレッサ（株）","四国アルフレッサ","四国ＡＦ","ｼｺｸｱﾙﾌﾚﾂｻ KK","ｼｺｸAF"
"37010","PVU_K0002","01/01/2000 00:00:00","12/31/9999 00:00:00","0","IKOU-KUN","03/29/2018 20:43:37","IKOU-STP","IKOU-SAN","03/29/2018 20:43:37","IKOU-CYAN","（株）よんやくＧ","（株）よんやくＧ","よんやくＧ","よんやくＧ","KK ﾖﾝﾔｸG","ﾖﾝﾔｸG"
"37010","PVU_K0003","01/01/2000 00:00:00","12/31/9999 00:00:00","0","IKOU-KUN","03/29/2018 20:43:37","IKOU-STP","IKOU-SAN","03/29/2018 20:43:37","IKOU-CYAN","（株）よんやく","（株）よんやく","よんやく","よんやく","KK ﾖﾝﾔｸ","ﾖﾝﾔｸ"
"37010","PVU_K0004","01/01/2000 00:00:00","12/31/9999 00:00:00","0","IKOU-KUN","03/29/2018 20:43:37","IKOU-STP","IKOU-SAN","03/29/2018 20:43:37","IKOU-CYAN","（株）よんやく","（株）よんやく","よんやく","よんやく","KK ﾖﾝﾔｸ","ﾖﾝﾔｸ"
"37011","PVU_K0002","04/04/2019 00:00:00","04/09/2019 00:00:00","0","itg04213","04/04/2019 15:48:58","PVU_EX_1400","itg04213","04/04/2019 15:48:58","PVU_EX_1400","（株）よんやく治験販売用","（株）よんやく治験販売用","よんやく治験販売用","よんやく治","KK ﾖﾝﾔｸ ﾁｹﾝﾊﾝﾊﾞｲﾖｳ","ﾖﾝﾔｸ ﾁｹﾝ"
"37011","PVU_K0002","04/10/2019 00:00:00","12/31/9999 00:00:00","0","itg04213","04/10/2019 09:03:01","PVU_EX_1400","itg04213","04/10/2019 09:03:01","PVU_EX_1400","（株）よんやくその他","（株）よんやくその他","よんやくその他","よんやく他","KK ﾖﾝﾔｸ ｿﾉﾀ","ﾖﾝﾔｸ ｿﾉﾀ"
"37011","PVU_K0003","04/04/2019 00:00:00","04/09/2019 00:00:00","0","itg04213","04/04/2019 15:50:02","PVU_EX_1400","itg04213","04/04/2019 15:50:02","PVU_EX_1400","（株）よんやく治験販売用","（株）よんやく治験販売用","よんやく治験販売用","よんやく治","KK ﾖﾝﾔｸ ﾁｹﾝﾊﾝﾊﾞｲﾖｳ","ﾖﾝﾔｸ ﾁｹﾝ"
"37011","PVU_K0003","04/10/2019 00:00:00","12/31/9999 00:00:00","0","itg04213","04/10/2019 09:03:49","PVU_EX_1400","itg04213","04/10/2019 09:03:49","PVU_EX_1400","（株）よんやくその他","（株）よんやくその他","よんやくその他","よんやく他","KK ﾖﾝﾔｸ ｿﾉﾀ","ﾖﾝﾔｸ ｿﾉﾀ"
"37017","PVU_K0001","01/01/2000 00:00:00","12/31/9999 00:00:00","0","IKOU-KUN","03/29/2018 20:43:37","IKOU-STP","IKOU-SAN","03/29/2018 20:43:37","IKOU-CYAN","四国薬業（株）","四国薬業（株）","四国薬業（株）","四国薬業","ｼｺｸﾔｸｷﾞﾖｳ KK","ｼｺｸﾔｸｷﾞﾖｳ"
"37017","PVU_K0002","04/05/2022 00:00:00","12/31/9999 00:00:00","0","itg19647","04/05/2022 16:20:05","PVU_EX_1400","itg19647","04/05/2022 16:20:05","PVU_EX_1400","四国薬業（株）","四国薬業（株）","四国薬業（株）","四国薬業","ｼｺｸﾔｸｷﾞﾖｳ(ｶ)","ｼｺｸﾔｸｷﾞﾖｳ"
"37017","PVU_K0003","01/01/2000 00:00:00","12/31/9999 00:00:00","0","IKOU-KUN","03/29/2018 20:43:37","IKOU-STP","IKOU-SAN","03/29/2018 20:43:37","IKOU-CYAN","四国薬業（株）","四国薬業（株）","四国薬業（株）","四国薬業","ｼｺｸﾔｸｷﾞﾖｳ KK","ｼｺｸﾔｸｷﾞﾖｳ"
"37017","PVU_K0004","01/01/2000 00:00:00","12/31/9999 00:00:00","0","IKOU-KUN","03/29/2018 20:43:37","IKOU-STP","IKOU-SAN","03/29/2018 20:43:37","IKOU-CYAN","四国薬業（株）","四国薬業（株）","四国薬業（株）","四国薬業","ｼｺｸﾔｸｷﾞﾖｳ KK","ｼｺｸﾔｸｷﾞﾖｳ"
"37021","PVU_K0003","01/01/2000 00:00:00","12/31/9999 00:00:00","0","IKOU-KUN","03/29/2018 20:43:37","IKOU-STP","IKOU-SAN","03/29/2018 20:43:37","IKOU-CYAN","（株）幸燿","（株）幸燿","幸燿","幸燿","KK ｺｳﾖｳ(ｲ)","ｺｳﾖｳ(ｲ)"
"37021","PVU_K0004","01/01/2000 00:00:00","12/31/9999 00:00:00","0","IKOU-KUN","03/29/2018 20:43:37","IKOU-STP","IKOU-SAN","03/29/2018 20:43:37","IKOU-CYAN","（株）幸燿","（株）幸燿","幸燿","幸燿","KK ｺｳﾖｳ(ｲ)","ｺｳﾖｳ(ｲ)"
"37023","PVU_K0004","01/01/2000 00:00:00","12/31/9999 00:00:00","0","IKOU-KUN","03/29/2018 20:43:37","IKOU-STP","IKOU-SAN","03/29/2018 20:43:37","IKOU-CYAN","（株）ＰＡＬＴＡＣ四国","（株）ＰＡＬＴＡＣ四国","ＰＡＬＴＡＣ　四国","ＰＴ四国","ﾊﾟﾙﾀﾂｸｼｺｸｼｼﾔ","PTｼｺｸ"
"38010","PVU_K0001","01/01/2000 00:00:00","12/31/9999 00:00:00","0","IKOU-KUN","03/29/2018 20:43:37","IKOU-STP","IKOU-SAN","03/29/2018 20:43:37","IKOU-CYAN","（株）アスティス","（株）アスティス","アスティス","アスティス","KK ｱｽﾃｲｽ","KK ｱｽﾃｲｽ"
"38010","PVU_K0003","01/01/2000 00:00:00","12/31/9999 00:00:00","0","IKOU-KUN","03/29/2018 20:43:37","IKOU-STP","IKOU-SAN","03/29/2018 20:43:37","IKOU-CYAN","（株）アスティス","（株）アスティス","アスティス","アスティス","KK ｱｽﾃｲｽ","KK ｱｽﾃｲｽ"
"38010","PVU_K0004","01/01/2000 00:00:00","12/31/9999 00:00:00","0","IKOU-KUN","03/29/2018 20:43:37","IKOU-STP","IKOU-SAN","03/29/2018 20:43:37","IKOU-CYAN","（株）アスティス","（株）アスティス","アスティス","アスティス","KK ｱｽﾃｲｽ","KK ｱｽﾃｲｽ"
"39001","PVU_K0003","01/01/2000 00:00:00","12/31/9999 00:00:00","0","IKOU-KUN","03/29/2018 20:43:37","IKOU-STP","IKOU-SAN","03/29/2018 20:43:37","IKOU-CYAN","中澤氏家薬業（株）","中澤氏家薬業（株）","中澤氏家薬業","中澤氏家","ﾅｶｻﾞﾜ ｳｼﾞｹﾔｸｷﾞﾖｳKK","ﾅｶｻﾞﾜ ｳｼﾞｹ"
"39001","PVU_K0004","01/01/2000 00:00:00","12/31/9999 00:00:00","0","IKOU-KUN","03/29/2018 20:43:37","IKOU-STP","IKOU-SAN","03/29/2018 20:43:37","IKOU-CYAN","中澤氏家薬業（株）","中澤氏家薬業（株）","中澤氏家薬業","中澤氏家","ﾅｶｻﾞﾜ ｳｼﾞｹﾔｸｷﾞﾖｳKK","ﾅｶｻﾞﾜ ｳｼﾞｹ"
"39017","PVU_K0001","01/01/2000 00:00:00","12/31/9999 00:00:00","0","IKOU-KUN","03/29/2018 20:43:37","IKOU-STP","IKOU-SAN","03/29/2018 20:43:37","IKOU-CYAN","中澤氏家薬業（株）","中澤氏家薬業（株）","中澤氏家薬業（株）","中澤氏家薬","ﾅｶｻﾞﾜ ｳｼﾞｹﾔｸｷﾞﾖｳKKﾔｸ","ﾅｶｻﾞﾜ ｳｼﾞｹ"
"39017","PVU_K0003","01/01/2000 00:00:00","12/31/9999 00:00:00","0","IKOU-KUN","03/29/2018 20:43:37","IKOU-STP","IKOU-SAN","03/29/2018 20:43:37","IKOU-CYAN","中澤氏家薬業（株）","中澤氏家薬業（株）","中澤氏家薬業（株）","中澤氏家薬","ﾅｶｻﾞﾜ ｳｼﾞｹﾔｸｷﾞﾖｳKKﾔｸ","ﾅｶｻﾞﾜ ｳｼﾞｹ"
"39017","PVU_K0004","01/01/2000 00:00:00","12/31/9999 00:00:00","0","IKOU-KUN","03/29/2018 20:43:37","IKOU-STP","IKOU-SAN","03/29/2018 20:43:37","IKOU-CYAN","中澤氏家薬業（株）","中澤氏家薬業（株）","中澤氏家薬業（株）","中澤氏家薬","ﾅｶｻﾞﾜ ｳｼﾞｹﾔｸｷﾞﾖｳKKﾔｸ","ﾅｶｻﾞﾜ ｳｼﾞｹ"
"40001","PVU_K0004","01/01/2000 00:00:00","12/31/9999 00:00:00","0","IKOU-KUN","03/29/2018 20:43:37","IKOU-STP","IKOU-SAN","03/29/2018 20:43:37","IKOU-CYAN","（株）アトル福岡営業部","（株）アトル福岡営業部","アトル福岡営業部","アトル福岡","KK ｱﾄﾙ ﾌｸｵｶ","ｱﾄﾙﾌｸｵｶ"
"40001","PVU_K0005","01/01/2000 00:00:00","12/31/9999 00:00:00","0","IKOU-KUN","03/29/2018 20:43:37","IKOU-STP","IKOU-SAN","03/29/2018 20:43:37","IKOU-CYAN","（株）アトル福岡営業部","（株）アトル福岡営業部","アトル福岡営業部","アトル福岡","KK ｱﾄﾙ ﾌｸｵｶ","ｱﾄﾙﾌｸｵｶ"
"40004","PVU_K0001","01/01/2000 00:00:00","12/31/9999 00:00:00","0","IKOU-KUN","03/29/2018 20:43:37","IKOU-STP","IKOU-SAN","03/29/2018 20:43:37","IKOU-CYAN","株式会社翔薬","株式会社翔薬","翔薬","翔薬","KK ｼﾖｳﾔｸ","ｼﾖｳﾔｸ"
"40004","PVU_K0003","01/01/2000 00:00:00","12/31/9999 00:00:00","0","IKOU-KUN","03/29/2018 20:43:37","IKOU-STP","IKOU-SAN","03/29/2018 20:43:37","IKOU-CYAN","株式会社翔薬","株式会社翔薬","翔薬","翔薬","KK ｼﾖｳﾔｸ","ｼﾖｳﾔｸ"
"40018","PVU_K0004","01/01/2000 00:00:00","12/31/9999 00:00:00","0","IKOU-KUN","03/29/2018 20:43:37","IKOU-STP","IKOU-SAN","03/29/2018 20:43:37","IKOU-CYAN","（株）Ｐａｌｔａｃ九州営業","（株）Ｐａｌｔａｃ九州営業","Ｐａｌｔａｃ九州営業","ＰＴ九州営","KK ﾊﾟﾙ ｷﾕｳｼﾕｳ ｴｲｷﾞﾖｳ","ﾊﾟﾙ ｷﾕｳ ｴｲ"
"40035","PVU_K0003","01/01/2000 00:00:00","12/31/9999 00:00:00","0","IKOU-KUN","03/29/2018 20:43:37","IKOU-STP","IKOU-SAN","03/29/2018 20:43:37","IKOU-CYAN","（株）リードヘルスケア北九","（株）リードヘルスケア北九","リードＨＣ　北九州","ＲＨＣ北九","KK ﾘ-ﾄﾞﾍﾙｽｹｱｷﾀｷﾕｳｼﾕｳ","ﾘ-ﾄﾞﾀｷﾕｳｼﾕ"
"40035","PVU_K0004","01/01/2000 00:00:00","12/31/9999 00:00:00","0","IKOU-KUN","03/29/2018 20:43:37","IKOU-STP","IKOU-SAN","03/29/2018 20:43:37","IKOU-CYAN","（株）リードヘルスケア北九","（株）リードヘルスケア北九","リードＨＣ　北九州","ＲＨＣ北九","KK ﾘ-ﾄﾞﾍﾙｽｹｱｷﾀｷﾕｳｼﾕｳ","ﾘ-ﾄﾞﾀｷﾕｳｼﾕ"
"40044","PVU_K0002","10/01/2025 00:00:00","12/31/9999 00:00:00","0","itg46273","09/12/2025 13:40:05","PVU_EX_1400","itg46273","09/12/2025 13:40:05","PVU_EX_1400","（株）翔薬","（株）翔薬","翔薬","翔薬","KK ｼﾖｳﾔｸ","ｼﾖｳﾔｸ"
"40044","PVU_K0003","10/01/2025 00:00:00","12/31/9999 00:00:00","0","itg46273","09/12/2025 13:41:09","PVU_EX_1400","itg46273","09/12/2025 13:41:09","PVU_EX_1400","（株）翔薬","（株）翔薬","翔薬","翔薬","KK ｼﾖｳﾔｸ","ｼﾖｳﾔｸ"
"40046","PVU_K0004","01/01/2000 00:00:00","12/31/9999 00:00:00","0","IKOU-KUN","03/29/2018 20:43:37","IKOU-STP","IKOU-SAN","03/29/2018 20:43:37","IKOU-CYAN","（株）ＰＡＬＴＡＣ　九州支社","（株）ＰＡＬＴＡＣ九州支社","ＰＡＬＴＡＣ九州支社","ＰＴ九州","KK ﾊﾟﾙﾀﾂｸｷﾕｳｼﾕｳ","ﾊﾟﾙﾀﾂｸｷﾕｳｼ"
"40047","PVU_K0004","01/01/2000 00:00:00","12/31/9999 00:00:00","0","IKOU-KUN","03/29/2018 20:43:37","IKOU-STP","IKOU-SAN","03/29/2018 20:43:37","IKOU-CYAN","（株）ＰＡＬＴＡＣ北九州","（株）ＰＡＬＴＡＣ北九州","ＰＡＬＴＡＣ北九州","ＰＴ北九州","KK ﾊﾟﾙﾀﾂｸHCｷﾀｷﾕｳｼﾕｳ","ﾊﾟﾙｷﾀｷﾕｳｼﾕ"
"40048","PVU_K0001","01/01/2000 00:00:00","12/31/9999 00:00:00","0","IKOU-KUN","03/29/2018 20:43:37","IKOU-STP","IKOU-SAN","03/29/2018 20:43:37","IKOU-CYAN","（株）ＰＡＬＴＡＣ九州支社","（株）ＰＡＬＴＡＣ九州支社","ＰＡＬＴＡＣ九州","ＰＴ九州","KK ﾊﾟﾙﾀﾂｸｷﾕｳｼﾕｳ","KK ﾊﾟﾙｷﾕ"
"40048","PVU_K0003","01/01/2000 00:00:00","12/31/9999 00:00:00","0","IKOU-KUN","03/29/2018 20:43:37","IKOU-STP","IKOU-SAN","03/29/2018 20:43:37","IKOU-CYAN","（株）ＰＡＬＴＡＣ九州支社","（株）ＰＡＬＴＡＣ九州支社","ＰＡＬＴＡＣ九州","ＰＴ九州","KK ﾊﾟﾙﾀﾂｸｷﾕｳｼﾕｳ","KK ﾊﾟﾙｷﾕ"
"40054","PVU_K0004","01/14/2021 00:00:00","12/31/9999 00:00:00","0","itg36186","01/14/2021 15:48:09","PVU_EX_1400","itg36186","01/14/2021 15:48:09","PVU_EX_1400","（株）井田両国堂　福岡店","（株）井田両国堂　福岡店","井田両国堂　福岡店","井田　福岡","ｲﾀﾞﾘﾖｳｺﾞｸﾄﾞｳ ﾌｸｵｶ","ｲﾀﾞ ﾌｸｵｶ"
"40061","PVU_K0003","01/01/2000 00:00:00","12/31/9999 00:00:00","0","IKOU-KUN","03/29/2018 20:43:37","IKOU-STP","IKOU-SAN","03/29/2018 20:43:37","IKOU-CYAN","株式会社アトル","株式会社アトル","アトル","アトル","KKｱﾄﾙ","ｱﾄﾙ"
"40061","PVU_K0004","01/01/2000 00:00:00","12/31/9999 00:00:00","0","IKOU-KUN","03/29/2018 20:43:37","IKOU-STP","IKOU-SAN","03/29/2018 20:43:37","IKOU-CYAN","株式会社アトル","株式会社アトル","アトル","アトル","KKｱﾄﾙ","ｱﾄﾙ"
"40083","PVU_K0004","01/01/2000 00:00:00","12/31/9999 00:00:00","0","IKOU-KUN","03/29/2018 20:43:37","IKOU-STP","IKOU-SAN","03/29/2018 20:43:37","IKOU-CYAN","アルフレッサ（株）九州","アルフレッサ（株）九州","アルフレッサ九州","ＡＦ九州","ｱﾙﾌﾚﾂｻｷﾕｳｼﾕｳ","KK ｱﾙﾌﾚﾂｻｷ"
"40090","PVU_K0003","05/01/2017 00:00:00","12/31/9999 00:00:00","0","IKOU-KUN","03/29/2018 20:43:37","IKOU-STP","IKOU-SAN","03/29/2018 20:43:37","IKOU-CYAN","共創未来福岡薬品（株）","共創未来福岡薬品（株）","共創未来福岡","共創福岡","ｷﾖｳｿｳﾐﾗｲ ﾌｸｵｶ","ｷﾖｳｿｳﾌｸｵｶ"
"40091","PVU_K0003","06/01/2017 00:00:00","11/30/2023 00:00:00","0","IKOU-KUN","03/29/2018 20:43:37","IKOU-STP","IKOU-SAN","03/29/2018 20:43:37","IKOU-CYAN","（株）エムコム九州","（株）エムコム九州","エムコム九州","エムコム九","ｴﾑｺﾑｷﾕｳｼﾕｳ","ｴﾑｺﾑｷﾕｳｼﾕｳ"
"40091","PVU_K0003","12/01/2023 00:00:00","12/31/9999 00:00:00","0","itg39895","12/04/2023 09:41:00","PVU_EX_1400","itg39895","12/04/2023 09:41:00","PVU_EX_1400","（株）スカイメディカル九州","（株）スカイメディカル九州","スカイメディカル九州","スカイメデ","(ｶ)ｽｶｲﾒﾃﾞｲｶﾙｷﾕｳｼﾕｳ","ｽｶｲﾒﾃﾞｲｶﾙｷ"
"40098","PVU_K0001","01/01/2000 00:00:00","12/31/9999 00:00:00","0","IKOU-KUN","03/29/2018 20:43:37","IKOU-STP","IKOU-SAN","03/29/2018 20:43:37","IKOU-CYAN","正晃（株）","正晃（株）","正晃","正晃","ｾｲｺｳ KK","ｾｲｺｳ"
"40890","PVU_K0004","09/01/2011 00:00:00","12/31/9999 00:00:00","0","IKOU-KUN","03/29/2018 20:43:37","IKOU-STP","IKOU-SAN","03/29/2018 20:43:37","IKOU-CYAN","アルフレッサヘルスケア（株）九州支社","アルフレッサＨＣ九州支社","アルフレッサＨＣ九州","アルフ九州","ｱﾙﾌﾚﾂｻﾍﾙｽｹｱｷﾕｳｼﾕｳ","ｱﾙﾌｷﾕｳｼﾕｳ"
"41005","PVU_K0002","10/01/2025 00:00:00","12/31/9999 00:00:00","0","itg46273","09/12/2025 13:30:01","PVU_EX_1400","itg46273","09/12/2025 13:30:01","PVU_EX_1400","フォレストグループ","フォレストグループ","フォレストＧ","フォレスト","ﾌｫﾚｽﾄ G","ﾌｫﾚｽﾄ G"
"41006","PVU_K0003","10/01/2025 00:00:00","12/31/9999 00:00:00","0","itg46273","09/12/2025 13:48:34","PVU_EX_1400","itg46273","09/12/2025 13:48:34","PVU_EX_1400","（株）アステム","（株）アステム","アステム","アステム","KK ｱｽﾃﾑ","KK ｱｽﾃﾑ"
"41010","PVU_K0004","01/01/2000 00:00:00","12/31/9999 00:00:00","0","IKOU-KUN","03/29/2018 20:43:37","IKOU-STP","IKOU-SAN","03/29/2018 20:43:37","IKOU-CYAN","（株）ＰＡＬＴＡＣ佐賀","（株）ＰＡＬＴＡＣ佐賀","ＰＡＬＴＡＣ佐賀","ＰＴ佐賀","KK ﾊﾟﾙﾀﾂｸｻｶﾞｼﾃﾝ","ﾊﾟCｻｶﾞｴｲ"
"42001","PVU_K0001","01/01/2000 00:00:00","03/31/2024 00:00:00","0","IKOU-KUN","03/29/2018 20:43:37","IKOU-STP","itg04213","03/26/2024 10:58:23","UNYO","東七株式会社","東七株式会社","東七","東七","ﾄｳｼﾁ","ﾄｳｼﾁ"
"42001","PVU_K0003","01/01/2000 00:00:00","12/31/9999 00:00:00","0","IKOU-KUN","03/29/2018 20:43:37","IKOU-STP","IKOU-SAN","03/29/2018 20:43:37","IKOU-CYAN","東七株式会社","東七株式会社","東七","東七","ﾄｳｼﾁ","ﾄｳｼﾁ"
"42002","PVU_K0001","01/01/2000 00:00:00","12/31/9999 00:00:00","0","IKOU-KUN","03/29/2018 20:43:37","IKOU-STP","IKOU-SAN","03/29/2018 20:43:37","IKOU-CYAN","（株）宮崎温仙堂商店","（株）宮崎温仙堂商店","宮崎温仙堂","宮崎温仙堂","KK ﾐﾔｻﾞｷ ｵﾝｾﾝﾄﾞｳ","ｵﾝｾﾝﾄﾞｳ"
"42002","PVU_K0003","01/01/2000 00:00:00","12/31/9999 00:00:00","0","IKOU-KUN","03/29/2018 20:43:37","IKOU-STP","IKOU-SAN","03/29/2018 20:43:37","IKOU-CYAN","（株）宮崎温仙堂商店","（株）宮崎温仙堂商店","宮崎温仙堂","宮崎温仙堂","KK ﾐﾔｻﾞｷ ｵﾝｾﾝﾄﾞｳ","ｵﾝｾﾝﾄﾞｳ"
"42009","PVU_K0003","01/01/2000 00:00:00","12/31/9999 00:00:00","0","IKOU-KUN","03/29/2018 20:43:37","IKOU-STP","IKOU-SAN","03/29/2018 20:43:37","IKOU-CYAN","藤村薬品株式会社","藤村薬品株式会社","藤村薬品","藤村薬品","ﾌｼﾞﾑﾗ ﾔｸﾋﾝ KK","ﾌｼﾞﾑﾗ ﾔｸﾋﾝ"
"42018","PVU_K0004","01/01/2000 00:00:00","12/31/9999 00:00:00","0","IKOU-KUN","03/29/2018 20:43:37","IKOU-STP","IKOU-SAN","03/29/2018 20:43:37","IKOU-CYAN","（株）ＰＡＬＴＡＣ長崎","（株）ＰＡＬＴＡＣ長崎","ＰＡＬＴＡＣ長崎","ＰＴ長崎","KK ﾊﾟﾙﾀﾂｸﾅｶﾞｻｷｴｲｷﾞ","ﾊﾟﾙﾅｶﾞｻｷ"
"42102","PVU_K0003","10/01/2025 00:00:00","12/31/9999 00:00:00","0","itg46273","09/12/2025 13:46:16","PVU_EX_1400","itg46273","09/12/2025 13:46:16","PVU_EX_1400","（株）宮崎温仙堂商店","（株）宮崎温仙堂商店","宮崎温仙堂","宮崎温仙堂","KK ﾐﾔｻﾞｷ ｵﾝｾﾝﾄﾞｳ","ｵﾝｾﾝﾄﾞｳ"
"43001","PVU_K0003","01/01/2000 00:00:00","12/31/9999 00:00:00","0","IKOU-KUN","03/29/2018 20:43:37","IKOU-STP","IKOU-SAN","03/29/2018 20:43:37","IKOU-CYAN","九州東邦（株）","九州東邦（株）","九州東邦","九州東邦","ｷﾕｳｼﾕｳﾄｳﾎｳKK","ｷﾕｳｼﾕｳﾄｳﾎｳ"
"43001","PVU_K0004","01/01/2000 00:00:00","12/31/9999 00:00:00","0","IKOU-KUN","03/29/2018 20:43:37","IKOU-STP","IKOU-SAN","03/29/2018 20:43:37","IKOU-CYAN","九州東邦（株）","九州東邦（株）","九州東邦","九州東邦","ｷﾕｳｼﾕｳﾄｳﾎｳKK","ｷﾕｳｼﾕｳﾄｳﾎｳ"
"43002","PVU_K0001","01/01/2000 00:00:00","12/31/9999 00:00:00","0","IKOU-KUN","03/29/2018 20:43:37","IKOU-STP","IKOU-SAN","03/29/2018 20:43:37","IKOU-CYAN","富田薬品（株）","富田薬品（株）","富田薬品","富田薬品","ﾄﾐﾀ ﾔｸﾋﾝ KK","ﾄﾐﾀ ﾔｸﾋﾝ"
"43002","PVU_K0003","01/01/2000 00:00:00","12/31/9999 00:00:00","0","IKOU-KUN","03/29/2018 20:43:37","IKOU-STP","IKOU-SAN","03/29/2018 20:43:37","IKOU-CYAN","富田薬品（株）","富田薬品（株）","富田薬品","富田薬品","ﾄﾐﾀ ﾔｸﾋﾝ KK","ﾄﾐﾀ ﾔｸﾋﾝ"
"43006","PVU_K0001","01/01/2000 00:00:00","12/31/9999 00:00:00","0","IKOU-KUN","03/29/2018 20:43:37","IKOU-STP","IKOU-SAN","03/29/2018 20:43:37","IKOU-CYAN","（株）新生堂","（株）新生堂","新生堂","新生堂","KK ｼﾝｾｲﾄﾞｳ","ｼﾝｾｲﾄﾞｳ"
"43006","PVU_K0003","01/01/2000 00:00:00","12/31/9999 00:00:00","0","IKOU-KUN","03/29/2018 20:43:37","IKOU-STP","IKOU-SAN","03/29/2018 20:43:37","IKOU-CYAN","（株）新生堂","（株）新生堂","新生堂","新生堂","KK ｼﾝｾｲﾄﾞｳ","ｼﾝｾｲﾄﾞｳ"
"43006","PVU_K0005","01/01/2000 00:00:00","12/31/9999 00:00:00","0","IKOU-KUN","03/29/2018 20:43:37","IKOU-STP","IKOU-SAN","03/29/2018 20:43:37","IKOU-CYAN","（株）新生堂","（株）新生堂","新生堂","新生堂","KK ｼﾝｾｲﾄﾞｳ","ｼﾝｾｲﾄﾞｳ"
"43007","PVU_K0003","01/01/2000 00:00:00","12/31/9999 00:00:00","0","IKOU-KUN","03/29/2018 20:43:37","IKOU-STP","IKOU-SAN","03/29/2018 20:43:37","IKOU-CYAN","徳光屋本店","徳光屋本店","徳光屋本店","徳光屋","ﾄｸﾐﾂﾔ ﾎﾝﾃﾝ","ﾄｸﾐﾂﾔ"
"43007","PVU_K0004","01/01/2000 00:00:00","12/31/9999 00:00:00","0","IKOU-KUN","03/29/2018 20:43:37","IKOU-STP","IKOU-SAN","03/29/2018 20:43:37","IKOU-CYAN","徳光屋本店","徳光屋本店","徳光屋本店","徳光屋","ﾄｸﾐﾂﾔ ﾎﾝﾃﾝ","ﾄｸﾐﾂﾔ"
"43014","PVU_K0004","01/01/2000 00:00:00","12/31/9999 00:00:00","0","IKOU-KUN","03/29/2018 20:43:37","IKOU-STP","IKOU-SAN","03/29/2018 20:43:37","IKOU-CYAN","（株）ＰＡＬＴＡＣ熊本","（株）ＰＡＬＴＡＣ熊本","ＰＡＬＴＡＣ熊本","ＰＴ熊本","KK ﾊﾟﾙﾀﾂｸｸﾏﾓﾄｼﾃﾝ","ﾊﾟﾙﾀﾂｸｸﾏ"
"43022","PVU_K0001","01/01/2000 00:00:00","12/31/9999 00:00:00","0","IKOU-KUN","03/29/2018 20:43:37","IKOU-STP","IKOU-SAN","03/29/2018 20:43:37","IKOU-CYAN","（株）トミタヘルスケア","（株）トミタヘルスケア","トミタヘルスケア","トミタＨＣ","KKﾄﾐﾀﾍﾙｽｹｱ","ﾄﾐﾀﾍﾙｽｹｱ"
"43022","PVU_K0003","01/01/2000 00:00:00","12/31/9999 00:00:00","0","IKOU-KUN","03/29/2018 20:43:37","IKOU-STP","IKOU-SAN","03/29/2018 20:43:37","IKOU-CYAN","（株）トミタヘルスケア","（株）トミタヘルスケア","トミタヘルスケア","トミタＨＣ","KKﾄﾐﾀﾍﾙｽｹｱ","ﾄﾐﾀﾍﾙｽｹｱ"
"43024","PVU_K0003","05/01/2017 00:00:00","12/31/9999 00:00:00","0","IKOU-KUN","03/29/2018 20:43:37","IKOU-STP","IKOU-SAN","03/29/2018 20:43:37","IKOU-CYAN","共創未来熊本薬品（株）","共創未来熊本薬品（株）","共創未来熊本","共創熊本","ｷﾖｳｿｳﾐﾗｲ ｸﾏﾓﾄ","ｷﾖｳｿｳｸﾏﾓﾄ"
"43066","PVU_K0003","10/01/2025 00:00:00","12/31/9999 00:00:00","0","itg46273","09/12/2025 13:58:50","PVU_EX_1400","itg46273","09/12/2025 13:58:50","PVU_EX_1400","（株）新生堂","（株）新生堂","新生堂","新生堂","KK ｼﾝｾｲﾄﾞｳ","ｼﾝｾｲﾄﾞｳ"
"43099","PVU_K0001","01/01/2000 00:00:00","12/31/9999 00:00:00","0","IKOU-KUN","03/29/2018 20:43:37","IKOU-STP","IKOU-SAN","03/29/2018 20:43:37","IKOU-CYAN","ツツミ化学","ツツミ化学","ツツミ化学","ツツミ","ﾂﾂﾐ ｶｶﾞｸ","ﾂﾂﾐ ｶｶﾞｸ"
"44001","PVU_K0001","01/01/2000 00:00:00","12/31/9999 00:00:00","0","IKOU-KUN","03/29/2018 20:43:37","IKOU-STP","IKOU-SAN","03/29/2018 20:43:37","IKOU-CYAN","（株）アステム","（株）アステム","アステム","アステム","KK ｱｽﾃﾑ","KK ｱｽﾃﾑ"
"44001","PVU_K0002","01/01/2000 00:00:00","12/31/9999 00:00:00","0","IKOU-KUN","03/29/2018 20:43:37","IKOU-STP","IKOU-SAN","03/29/2018 20:43:37","IKOU-CYAN","（株）アステムＧ","（株）アステムＧ","アステムＧ","アステムＧ","KK ｱｽﾃﾑG","KK ｱｽﾃﾑG"
"44001","PVU_K0003","01/01/2000 00:00:00","12/31/9999 00:00:00","0","IKOU-KUN","03/29/2018 20:43:37","IKOU-STP","IKOU-SAN","03/29/2018 20:43:37","IKOU-CYAN","（株）アステム","（株）アステム","アステム","アステム","KK ｱｽﾃﾑ","KK ｱｽﾃﾑ"
"44013","PVU_K0004","01/01/2000 00:00:00","12/31/9999 00:00:00","0","IKOU-KUN","03/29/2018 20:43:37","IKOU-STP","IKOU-SAN","03/29/2018 20:43:37","IKOU-CYAN","（株）ＰＡＬＴＡＣ大分","（株）ＰＡＬＴＡＣ大分","ＰＡＬＴＡＣ大分","ＰＴ大分","ﾊﾟﾙﾀﾂｸｵｵｲﾀｼﾃﾝ","ﾊﾟﾙﾀｸｵｵｲ"
"44018","PVU_K0003","05/01/2017 00:00:00","12/31/9999 00:00:00","0","IKOU-KUN","03/29/2018 20:43:37","IKOU-STP","IKOU-SAN","03/29/2018 20:43:37","IKOU-CYAN","共創未来大分薬品（株）","共創未来大分薬品（株）","共創未来大分","共創大分","ｷﾖｳｿｳﾐﾗｲ ｵｵｲﾀ","ｷﾖｳｿｳｵｵｲﾀ"
"45008","PVU_K0004","01/01/2000 00:00:00","12/31/9999 00:00:00","0","IKOU-KUN","03/29/2018 20:43:37","IKOU-STP","IKOU-SAN","03/29/2018 20:43:37","IKOU-CYAN","（株）ＰＡＬＴＡＣ　宮崎","（株）ＰＡＬＴＡＣ宮崎","ＰＡＬＴＡＣ　宮崎","ＰＴ宮崎","KK ﾊﾟﾙﾀﾂｸﾐﾔｻﾞｷｴｲｷﾞ","ﾊﾟﾙﾐﾔｻﾞｷ"
"45017","PVU_K0003","06/01/2017 00:00:00","12/31/9999 00:00:00","0","IKOU-KUN","03/29/2018 20:43:37","IKOU-STP","IKOU-SAN","03/29/2018 20:43:37","IKOU-CYAN","（有）日豊メディック","（有）日豊メディック","日豊メディック","日豊メディ","ﾆﾂﾎﾟｳﾒﾃﾞｲﾂｸ","ﾆﾂﾎﾟｳﾒﾃﾞｲﾂ"
"46015","PVU_K0004","01/01/2000 00:00:00","12/31/9999 00:00:00","0","IKOU-KUN","03/29/2018 20:43:37","IKOU-STP","IKOU-SAN","03/29/2018 20:43:37","IKOU-CYAN","（株）ＰＡＬＴＡＣ鹿児島","（株）ＰＡＬＴＡＣ鹿児島","ＰＡＬＴＡＣ鹿児島","ＰＴ鹿児島","KK ﾊﾟﾙﾀﾂｸｶｺﾞｼﾏｼﾃﾝ","ﾊﾟﾙｶｺﾞｼﾏ"
"46027","PVU_K0003","05/01/2017 00:00:00","12/31/9999 00:00:00","0","IKOU-KUN","03/29/2018 20:43:37","IKOU-STP","IKOU-SAN","03/29/2018 20:43:37","IKOU-CYAN","共創未来鹿児島薬品（株）","共創未来鹿児島薬品（株）","共創未来鹿児島","共創鹿児島","ｷﾖｳｿｳﾐﾗｲ ｶｺﾞｼﾏ","ｷﾖｳｿｳｶｺﾞｼﾏ"
"47001","PVU_K0001","01/01/2000 00:00:00","12/31/9999 00:00:00","0","IKOU-KUN","03/29/2018 20:43:37","IKOU-STP","IKOU-SAN","03/29/2018 20:43:37","IKOU-CYAN","（株）スズケン沖縄薬品","（株）スズケン沖縄薬品","スズケン沖縄薬品","Ｓ沖縄薬品","KK ｽｽﾞｹﾝ ｵｷﾅﾜ","ｽｽﾞｹﾝ ｵｷﾅﾜ"
"47001","PVU_K0003","01/01/2000 00:00:00","12/31/9999 00:00:00","0","IKOU-KUN","03/29/2018 20:43:37","IKOU-STP","IKOU-SAN","03/29/2018 20:43:37","IKOU-CYAN","（株）スズケン沖縄薬品","（株）スズケン沖縄薬品","スズケン沖縄薬品","Ｓ沖縄薬品","KK ｽｽﾞｹﾝ ｵｷﾅﾜ","ｽｽﾞｹﾝ ｵｷﾅﾜ"
"47001","PVU_K0004","01/01/2000 00:00:00","12/31/9999 00:00:00","0","IKOU-KUN","03/29/2018 20:43:37","IKOU-STP","IKOU-SAN","03/29/2018 20:43:37","IKOU-CYAN","（株）スズケン沖縄薬品","（株）スズケン沖縄薬品","スズケン沖縄薬品","Ｓ沖縄薬品","KK ｽｽﾞｹﾝ ｵｷﾅﾜ","ｽｽﾞｹﾝ ｵｷﾅﾜ"
"47002","PVU_K0003","01/01/2000 00:00:00","12/31/9999 00:00:00","0","IKOU-KUN","03/29/2018 20:43:37","IKOU-STP","IKOU-SAN","03/29/2018 20:43:37","IKOU-CYAN","（株）ダイコー沖縄","（株）ダイコー沖縄","ダイコー沖縄","ダイコー沖","KK ﾀﾞｲｺ- ｵｷﾅﾜ","ﾀﾞｲｺ- ｵｷﾅﾜ"
"47007","PVU_K0003","01/01/2000 00:00:00","12/31/9999 00:00:00","0","IKOU-KUN","03/29/2018 20:43:37","IKOU-STP","IKOU-SAN","03/29/2018 20:43:37","IKOU-CYAN","株式会社琉薬","株式会社琉薬","琉薬","琉薬","ﾘﾕｳﾔｸ","ﾘﾕｳﾔｸ"
"47007","PVU_K0004","01/01/2000 00:00:00","12/31/9999 00:00:00","0","IKOU-KUN","03/29/2018 20:43:37","IKOU-STP","IKOU-SAN","03/29/2018 20:43:37","IKOU-CYAN","株式会社琉薬","株式会社琉薬","琉薬","琉薬","ﾘﾕｳﾔｸ","ﾘﾕｳﾔｸ"
"47011","PVU_K0003","01/01/2000 00:00:00","12/31/9999 00:00:00","0","IKOU-KUN","03/29/2018 20:43:37","IKOU-STP","IKOU-SAN","03/29/2018 20:43:37","IKOU-CYAN","沖縄東邦（株）","沖縄東邦（株）","沖縄東邦","沖縄東邦","ｵｷﾅﾜ ﾄｳﾎｳ KK","ｵｷﾅﾜﾄｳﾎｳ"
"47011","PVU_K0004","01/01/2000 00:00:00","12/31/9999 00:00:00","0","IKOU-KUN","03/29/2018 20:43:37","IKOU-STP","IKOU-SAN","03/29/2018 20:43:37","IKOU-CYAN","沖縄東邦（株）","沖縄東邦（株）","沖縄東邦","沖縄東邦","ｵｷﾅﾜ ﾄｳﾎｳ KK","ｵｷﾅﾜﾄｳﾎｳ"
"47014","PVU_K0004","10/01/2012 00:00:00","12/31/9999 00:00:00","0","IKOU-KUN","03/29/2018 20:43:37","IKOU-STP","IKOU-SAN","03/29/2018 20:43:37","IKOU-CYAN","アルフレッサヘルスケア（株）沖縄支社","アルフレッサＨＣ沖縄支社","アルフレッサＨＣ沖縄","アルフ沖縄","ｱﾙﾌﾚﾂｻﾍﾙｽｹｱｵｷﾅﾜ","ｱﾙﾌｵｷﾅﾜ"
"47016","PVU_K0003","05/01/2017 00:00:00","12/31/9999 00:00:00","0","IKOU-KUN","03/29/2018 20:43:37","IKOU-STP","IKOU-SAN","03/29/2018 20:43:37","IKOU-CYAN","共創未来沖縄薬品（株）","共創未来沖縄薬品（株）","共創未来沖縄","共創沖縄","ｷﾖｳｿｳﾐﾗｲ ｵｷﾅﾜ","ｷﾖｳｿｳｵｷﾅﾜ"
