"cdgroup_cd","locale_id","cdgroup_name","notes","delete_flag","create_user_cd","create_date","record_user_cd","record_date"
"MDM-000-11000001","ja","追加可否区分","追加の可否を判別する。","0","eisai_init","11/06/2017 00:00:00","eisai_init","11/06/2017 00:00:00"
"MDM-000-11000002","ja","変更可否区分","変更の可否を判別する。","0","eisai_init","11/06/2017 00:00:00","eisai_init","11/06/2017 00:00:00"
"MDM-000-11000003","ja","マスタ区分","マスタの区分（取引先、品目など）を識別する。","0","eisai_init","11/06/2017 00:00:00","eisai_init","11/06/2017 00:00:00"
"MDM-000-11000004","ja","相手システム","外部システム連携時の相手システムを識別する。※導入先により追加する。","0","eisai_init","11/06/2017 00:00:00","eisai_init","11/06/2017 00:00:00"
"MDM-000-11000005","ja","削除フラグ","論理削除レコードを判別する。","0","eisai_init","11/06/2017 00:00:00","eisai_init","11/06/2017 00:00:00"
"MDM-000-11000006","ja","取引先区分","取引先との取引区分を判別する。","0","eisai_init","11/06/2017 00:00:00","eisai_init","11/06/2017 00:00:00"
"MDM-000-11000007","ja","諸口区分","諸口区分 を判別する。","0","eisai_init","11/06/2017 00:00:00","eisai_init","11/06/2017 00:00:00"
"MDM-000-11000008","ja","得意先フラグ","得意先としての利用可否を判別する。","0","eisai_init","11/06/2017 00:00:00","eisai_init","11/06/2017 00:00:00"
"MDM-000-11000009","ja","仕入先フラグ","仕入先としての利用可否を判別する。","0","eisai_init","11/06/2017 00:00:00","eisai_init","11/06/2017 00:00:00"
"MDM-000-11000010","ja","納品先フラグ","納品先としての利用可否を判別する。","0","eisai_init","11/06/2017 00:00:00","eisai_init","11/06/2017 00:00:00"
"MDM-000-11000011","ja","請求先フラグ","請求先としての利用可否を判別する。","0","eisai_init","11/06/2017 00:00:00","eisai_init","11/06/2017 00:00:00"
"MDM-000-11000012","ja","支払先フラグ","支払先としての利用可否を判別する。","0","eisai_init","11/06/2017 00:00:00","eisai_init","11/06/2017 00:00:00"
"MDM-000-11000013","ja","国名","国名 を判別する。","0","eisai_init","11/06/2017 00:00:00","eisai_init","11/06/2017 00:00:00"
"MDM-000-11000014","ja","敬称区分","敬称区分 を判別する。","0","eisai_init","11/06/2017 00:00:00","eisai_init","11/06/2017 00:00:00"
"MDM-000-11000015","ja","通貨コード","通貨コード を判別する。","0","eisai_init","11/06/2017 00:00:00","eisai_init","11/06/2017 00:00:00"
"MDM-000-11000016","ja","伝票取区","伝票取区 を判別する。","0","eisai_init","11/06/2017 00:00:00","eisai_init","11/06/2017 00:00:00"
"MDM-000-11000017","ja","税処理区分","税処理区分 を判別する。","0","eisai_init","11/06/2017 00:00:00","eisai_init","11/06/2017 00:00:00"
"MDM-000-11000018","ja","税区分コード","税区分コード を判別する。","0","eisai_init","11/06/2017 00:00:00","eisai_init","11/06/2017 00:00:00"
"MDM-000-11000019","ja","税丸め区分","税丸め区分 を判別する。","0","eisai_init","11/06/2017 00:00:00","eisai_init","11/06/2017 00:00:00"
"MDM-000-11000020","ja","金額丸め区分","金額丸め区分 を判別する。","0","eisai_init","11/06/2017 00:00:00","eisai_init","11/06/2017 00:00:00"
"MDM-000-11000021","ja","請求区分","請求区分 を判別する。","0","eisai_init","11/06/2017 00:00:00","eisai_init","11/06/2017 00:00:00"
"MDM-000-11000022","ja","回収方法区分","回収方法区分 を判別する。","0","eisai_init","11/06/2017 00:00:00","eisai_init","11/06/2017 00:00:00"
"MDM-000-11000023","ja","手数料負担区分","手数料負担区分 を判別する。","0","eisai_init","11/06/2017 00:00:00","eisai_init","11/06/2017 00:00:00"
"MDM-000-11000024","ja","自動消込区分","自動消込区分 を判別する。","0","eisai_init","11/06/2017 00:00:00","eisai_init","11/06/2017 00:00:00"
"MDM-000-11000025","ja","振込区分","振込区分 を判別する。","0","eisai_init","11/06/2017 00:00:00","eisai_init","11/06/2017 00:00:00"
"MDM-000-11000026","ja","休日処理区分","休日処理区分 を判別する。","0","eisai_init","11/06/2017 00:00:00","eisai_init","11/06/2017 00:00:00"
"MDM-000-11000027","ja","月跨可否区分","月跨可否区分 を判別する。","0","eisai_init","11/06/2017 00:00:00","eisai_init","11/06/2017 00:00:00"
"MDM-000-11000028","ja","自振新規区分","自振新規区分 を判別する。","0","eisai_init","11/06/2017 00:00:00","eisai_init","11/06/2017 00:00:00"
"MDM-000-11000029","ja","源泉税自動計算区分","源泉税自動計算区分 を判別する。","0","eisai_init","11/06/2017 00:00:00","eisai_init","11/06/2017 00:00:00"
"MDM-000-11000030","ja","帳票出力区分","帳票出力区分 を判別する。","0","eisai_init","11/06/2017 00:00:00","eisai_init","11/06/2017 00:00:00"
"MDM-000-11000031","ja","支払区分","支払区分 を判別する。","0","eisai_init","11/06/2017 00:00:00","eisai_init","11/06/2017 00:00:00"
"MDM-000-11000032","ja","支払方法区分","支払方法区分 を判別する。","0","eisai_init","11/06/2017 00:00:00","eisai_init","11/06/2017 00:00:00"
"MDM-000-11000033","ja","品目区分","品目区分 を判別する。","0","eisai_init","11/06/2017 00:00:00","eisai_init","11/06/2017 00:00:00"
"MDM-000-11000034","ja","仕訳分類区分","仕訳分類区分 を判別する。","0","eisai_init","11/06/2017 00:00:00","eisai_init","11/06/2017 00:00:00"
"MDM-000-11000035","ja","在庫管理対象区分","在庫管理対象区分 を判別する。","0","eisai_init","11/06/2017 00:00:00","eisai_init","11/06/2017 00:00:00"
"MDM-000-11000036","ja","ロット管理対象区分","ロット管理対象区分 を判別する。","0","eisai_init","11/06/2017 00:00:00","eisai_init","11/06/2017 00:00:00"
"MDM-000-11000037","ja","原価算出対象","原価算出対象 を判別する。","0","eisai_init","11/06/2017 00:00:00","eisai_init","11/06/2017 00:00:00"
"MDM-000-11000038","ja","在庫評価方法区分","在庫評価方法区分 を判別する。","0","eisai_init","11/06/2017 00:00:00","eisai_init","11/06/2017 00:00:00"
"MDM-000-11000039","ja","低価法方式区分","低価法方式区分 を判別する。","0","eisai_init","11/06/2017 00:00:00","eisai_init","11/06/2017 00:00:00"
"MDM-000-11000040","ja","単位","単位 を判別する。","0","eisai_init","11/06/2017 00:00:00","eisai_init","11/06/2017 00:00:00"
"MDM-000-11000041","ja","取引先種別","取引先種別 を判別する。","0","eisai_init","11/06/2017 00:00:00","eisai_init","11/06/2017 00:00:00"
"MDM-000-11000042","ja","初期値区分",,"0","eisai_init","11/06/2017 00:00:00","eisai_init","11/06/2017 00:00:00"
"MDM-000-11000043","ja","販売購買区分","販売用単価か、購買用単価かを決定する区分。","0","eisai_init","11/06/2017 00:00:00","eisai_init","11/06/2017 00:00:00"
"MDM-000-11000044","ja","価格区分","価格の用途を決定する区分。","0","eisai_init","11/06/2017 00:00:00","eisai_init","11/06/2017 00:00:00"
"MDM-000-11000045","ja","スケール区分","スケールの使用有無を決定する区分。","0","eisai_init","11/06/2017 00:00:00","eisai_init","11/06/2017 00:00:00"
"MDM-000-11000046","ja","預金種別","取引先銀行口座の預金種別を指定する。","0","eisai_init","11/06/2017 00:00:00","eisai_init","11/06/2017 00:00:00"
"MDM-000-11000047","ja","回収口座区分","回収で使用する口座か否かを指定する。","0","eisai_init","11/06/2017 00:00:00","eisai_init","11/06/2017 00:00:00"
"MDM-000-11000048","ja","支払口座区分","支払で使用する口座か否かを指定する。","0","eisai_init","11/06/2017 00:00:00","eisai_init","11/06/2017 00:00:00"
"MDM-000-11000049","ja","代表口座指定区分","代表口座を指定する区分。1期間コード内で1件のみの制約あり。","0","eisai_init","11/06/2017 00:00:00","eisai_init","11/06/2017 00:00:00"
"MDM-000-11000050","ja","個人フラグ","個人・法人を識別する。","0","eisai_init","11/06/2017 00:00:00","eisai_init","11/06/2017 00:00:00"
"MDM-000-11000051","ja","販売部門","販売部門コードを判別する。","0","eisai_init","11/06/2017 00:00:00","eisai_init","11/06/2017 00:00:00"
"MDM-000-11000052","ja","販売チャネル","販売チャネルコードを判別する。","0","eisai_init","11/06/2017 00:00:00","eisai_init","11/06/2017 00:00:00"
"MDM-000-11000053","ja","用途区分","用途区分を判別する。","0","eisai_init","11/06/2017 00:00:00","eisai_init","11/06/2017 00:00:00"
"MDM-000-11000054","ja","会計組織機能区分","会計組織機能区分を判別する。","0","eisai_init","11/06/2017 00:00:00","eisai_init","11/06/2017 00:00:00"
"MDM-000-11000055","ja","会計組織セグメント","会計組織セグメントを判別する。","0","eisai_init","11/06/2017 00:00:00","eisai_init","11/06/2017 00:00:00"
"MDM-000-11000056","ja","画面名","画面名を管理する。","0","eisai_init","11/06/2017 00:00:00","eisai_init","11/06/2017 00:00:00"
"MDM-000-11000057","ja","倉庫区分","倉庫区分を判別する。","0","eisai_init","11/06/2017 00:00:00","eisai_init","11/06/2017 00:00:00"
"MDM-000-11000058","ja","採番方法","採番方法を判別する。","0","eisai_init","11/06/2017 00:00:00","eisai_init","11/06/2017 00:00:00"
"MDM-000-11000059","ja","MDMステータス","仮テーブルレコード状態を判別する。","0","eisai_init","11/06/2017 00:00:00","eisai_init","11/06/2017 00:00:00"
"MDM-000-11000060","ja","申請区分","ワーク風呂の申請で新規登録か更新登録かを判別する。","0","eisai_init","11/06/2017 00:00:00","eisai_init","11/06/2017 00:00:00"
"MDM-000-11000061","ja","I/F処理ステータス","I/Fレコードの処理状況を判別する。","0","eisai_init","11/06/2017 00:00:00","eisai_init","11/06/2017 00:00:00"
"MDM-000-11000062","ja","実績費用ロック","該当会計組織に費用計上を許可するかどうかの区分。","0","eisai_init","11/06/2017 00:00:00","eisai_init","11/06/2017 00:00:00"
"MDM-000-11000063","ja","実績収益ロック","該当会計組織に収益計上を許可するかどうかの区分。","0","eisai_init","11/06/2017 00:00:00","eisai_init","11/06/2017 00:00:00"
"MDM-000-11000064","ja","計画費用ロック","該当会計組織に計画費用計上を許可するかどうかの区分。","0","eisai_init","11/06/2017 00:00:00","eisai_init","11/06/2017 00:00:00"
"MDM-000-11000065","ja","計画収益ロック","該当会計組織に計画収益計上を許可するかどうかの区分。","0","eisai_init","11/06/2017 00:00:00","eisai_init","11/06/2017 00:00:00"
"MDM-000-11000066","ja","費用配賦ロック","該当会計組織への費用配賦を許可するかどうかの区分。","0","eisai_init","11/06/2017 00:00:00","eisai_init","11/06/2017 00:00:00"
"MDM-000-11000067","ja","計画費用配賦ロック","該当会計組織への計画費用配賦を許可するかどうかの区分。","0","eisai_init","11/06/2017 00:00:00","eisai_init","11/06/2017 00:00:00"
"MDM-000-11000068","ja","仮想口座指定区分","仮想口座を判別する。","0","eisai_init","11/06/2017 00:00:00","eisai_init","11/06/2017 00:00:00"
"MDM-000-11000069","ja","I/F配信区分","データ配信対象かどうかの区分。","0","eisai_init","11/06/2017 00:00:00","eisai_init","11/06/2017 00:00:00"
"MDM-000-11000070","ja","テーブルID","テーブルID。","0","eisai_init","11/06/2017 00:00:00","eisai_init","11/06/2017 00:00:00"
"MDM-000-11000071","ja","ファイル用途（集信データ取込エラーファイル）","集信データ取込エラーファイルをダウンロードする画面で対象マスタを識別させる区分。","0","eisai_init","11/06/2017 00:00:00","eisai_init","11/06/2017 00:00:00"
"MDM-000-11000072","ja","エラー区分（集信データ取込）","集信データ取込処理で発生したエラー内容を識別する区分。","0","eisai_init","11/06/2017 00:00:00","eisai_init","11/06/2017 00:00:00"
"MDM-000-11000073","ja","処理モード","登録画面の処理モード権限ID決定のメンテナ画面で存在チェック用で利用","0","eisai_init","11/06/2017 00:00:00","eisai_init","11/06/2017 00:00:00"
"MDM-000-11000074","ja","コード予約機能フラグ","コード予約機能を利用するかどうかの区分","0","eisai_init","11/06/2017 00:00:00","eisai_init","11/06/2017 00:00:00"
"MDM-000-11000075","ja","予約コードステータス","予約コードの状態を表す区分","0","eisai_init","11/06/2017 00:00:00","eisai_init","11/06/2017 00:00:00"
"MDM-000-11000076","ja","性別","性別を表す区分","0","eisai_init","11/06/2017 00:00:00","eisai_init","11/06/2017 00:00:00"
"MDM-000-11000077","ja","数量単位","数量の単位（区分値はSAPと同じもの）","0","eisai_init","11/06/2017 00:00:00","eisai_init","11/06/2017 00:00:00"
"MDM-000-11000078","ja","重量単位","重量の単位（区分値はSAPと同じもの）","0","eisai_init","11/06/2017 00:00:00","eisai_init","11/06/2017 00:00:00"
"MDM-000-11000079","ja","長さ単位","長さの単位（区分値はSAPと同じもの）","0","eisai_init","11/06/2017 00:00:00","eisai_init","11/06/2017 00:00:00"
"MDM-000-11000080","ja","容積単位","容積の単位（区分値はSAPと同じもの）","0","eisai_init","11/06/2017 00:00:00","eisai_init","11/06/2017 00:00:00"
"MDM-000-11000081","ja","配信処理ステータス",,"0","eisai_init","11/06/2017 00:00:00","eisai_init","11/06/2017 00:00:00"
"MDM-000-11000082","ja","配信タイプ",,"0","eisai_init","11/06/2017 00:00:00","eisai_init","11/06/2017 00:00:00"
"MDM-000-11000083","ja","バッチ種別ID",,"0","eisai_init","11/06/2017 00:00:00","eisai_init","11/06/2017 00:00:00"
"MDM-000-11000084","ja","有効フラグ",,"0","eisai_init","11/06/2017 00:00:00","eisai_init","11/06/2017 00:00:00"
"MDM-000-11000085","ja","処理ステータス",,"0","eisai_init","11/06/2017 00:00:00","eisai_init","11/06/2017 00:00:00"
"MDM-000-11000086","ja","ログレベル",,"0","eisai_init","11/06/2017 00:00:00","eisai_init","11/06/2017 00:00:00"
"MDM-000-11000087","ja","出力種別",,"0","eisai_init","11/06/2017 00:00:00","eisai_init","11/06/2017 00:00:00"
"MDM-000-11000088","ja","メールアドレス種別",,"0","eisai_init","11/06/2017 00:00:00","eisai_init","11/06/2017 00:00:00"
"MDM-000-11000089","ja","テーブル項目属性",,"0","eisai_init","11/06/2017 00:00:00","eisai_init","11/06/2017 00:00:00"
"MDM-000-11000090","ja","システム日付同期フラグ",,"0","eisai_init","11/06/2017 00:00:00","eisai_init","11/06/2017 00:00:00"
"MDM-000-11000091","ja","システム日付チェック種別",,"0","eisai_init","11/06/2017 00:00:00","eisai_init","11/06/2017 00:00:00"
"MDM-000-11000092","ja","ログアーカイブフラグ",,"0","eisai_init","11/06/2017 00:00:00","eisai_init","11/06/2017 00:00:00"
"MDM-000-11000093","ja","ハウスキープフラグ",,"0","eisai_init","11/06/2017 00:00:00","eisai_init","11/06/2017 00:00:00"
"MDM-000-11000094","ja","日時同期種類",,"0","eisai_init","11/06/2017 00:00:00","eisai_init","11/06/2017 00:00:00"
"MDM-000-11000095","ja","抽出元テーブル履歴管理区分",,"0","eisai_init","11/06/2017 00:00:00","eisai_init","11/06/2017 00:00:00"
"MDM-000-11000096","ja","抽出元テーブル終了日管理区分",,"0","eisai_init","11/06/2017 00:00:00","eisai_init","11/06/2017 00:00:00"
"MDM-000-11000097","ja","配信データ履歴区分",,"0","eisai_init","11/06/2017 00:00:00","eisai_init","11/06/2017 00:00:00"
"MDM-000-11000098","ja","配信データ全件差分区分",,"0","eisai_init","11/06/2017 00:00:00","eisai_init","11/06/2017 00:00:00"
"MDM-000-11000099","ja","ファイル作成方法",,"0","eisai_init","11/06/2017 00:00:00","eisai_init","11/06/2017 00:00:00"
"MDM-000-11000100","ja","抽出データなしファイル作成区分",,"0","eisai_init","11/06/2017 00:00:00","eisai_init","11/06/2017 00:00:00"
"MDM-000-11000101","ja","ヘッダ・トレーラ付与区分",,"0","eisai_init","11/06/2017 00:00:00","eisai_init","11/06/2017 00:00:00"
"MDM-000-11000102","ja","ファイル出力形式",,"0","eisai_init","11/06/2017 00:00:00","eisai_init","11/06/2017 00:00:00"
"MDM-000-11000103","ja","比較オプション",,"0","eisai_init","11/06/2017 00:00:00","eisai_init","11/06/2017 00:00:00"
"MDM-000-11000104","ja","NULL包含フラグ",,"0","eisai_init","11/06/2017 00:00:00","eisai_init","11/06/2017 00:00:00"
"MDM-000-11000105","ja","NULL除外フラグ",,"0","eisai_init","11/06/2017 00:00:00","eisai_init","11/06/2017 00:00:00"
"MDM-000-11000106","ja","ソート方向",,"0","eisai_init","11/06/2017 00:00:00","eisai_init","11/06/2017 00:00:00"
"MDM-000-11000107","ja","ロケール",,"0","eisai_init","11/06/2017 00:00:00","eisai_init","11/06/2017 00:00:00"
"MDM-000-11000108","ja","期間単位",,"0","eisai_init","11/06/2017 00:00:00","eisai_init","11/06/2017 00:00:00"
"MDM-000-11000109","ja","組織区分",,"0","eisai_init","11/06/2017 00:00:00","eisai_init","11/06/2017 00:00:00"
"MDM-000-11000110","ja","配下組織利用フラグ",,"0","eisai_init","11/06/2017 00:00:00","eisai_init","11/06/2017 00:00:00"
"MDM-000-11000111","ja","画面ID（画面項目制御用）","画面項目制御対象画面の画面ID","0","eisai_init","11/06/2017 00:00:00","eisai_init","11/06/2017 00:00:00"
"MDM-000-11000112","ja","比較区分",,"0","eisai_init","11/06/2017 00:00:00","eisai_init","11/06/2017 00:00:00"
"MDM-000-11000113","ja","出力媒体",,"0","eisai_init","11/06/2017 00:00:00","eisai_init","11/06/2017 00:00:00"
"MDM-000-11000114","ja","汎用区分","汎用マスタで利用する汎用区分です。サンプルのコードとなります。","0","eisai_init","11/06/2017 00:00:00","eisai_init","11/06/2017 00:00:00"
"MDM-999-10000001","ja","企業コード",,"0","eisai_init","11/06/2017 00:00:00","eisai_init","11/06/2017 00:00:00"
"MDM-999-10000002","ja","薬種コード",,"0","eisai_init","11/06/2017 00:00:00","eisai_init","11/06/2017 00:00:00"
"MDM-999-10000003","ja","国内外区分",,"0","eisai_init","11/06/2017 00:00:00","eisai_init","11/06/2017 00:00:00"
"MDM-999-10000004","ja","削除フラグ",,"0","eisai_init","11/06/2017 00:00:00","eisai_init","11/06/2017 00:00:00"
"MDM-999-10000005","ja","月度区分（月）",,"0","eisai_init","11/06/2017 00:00:00","eisai_init","11/06/2017 00:00:00"
"MDM-999-10000007","ja","都道府県コード",,"0","eisai_init","11/06/2017 00:00:00","eisai_init","11/06/2017 00:00:00"
"MDM-999-10000009","ja","EE・EA品区分",,"0","eisai_init","11/06/2017 00:00:00","eisai_init","11/06/2017 00:00:00"
"MDM-999-10100003","ja","請求区分",,"0","eisai_init","11/06/2017 00:00:00","eisai_init","11/06/2017 00:00:00"
"MDM-999-10100004","ja","品目架空識別区分",,"0","eisai_init","11/06/2017 00:00:00","eisai_init","11/06/2017 00:00:00"
"MDM-999-10100005","ja","承認ルート分岐区分",,"0","eisai_init","11/06/2017 00:00:00","eisai_init","11/06/2017 00:00:00"
"MDM-999-10100006","ja","カテゴリ１",,"0","eisai_init","11/06/2017 00:00:00","eisai_init","11/06/2017 00:00:00"
"MDM-999-10100007","ja","カテゴリ２",,"0","eisai_init","11/06/2017 00:00:00","eisai_init","11/06/2017 00:00:00"
"MDM-999-10200001","ja","剤型コード",,"0","eisai_init","11/06/2017 00:00:00","eisai_init","11/06/2017 00:00:00"
"MDM-999-10200002","ja","本部管理・品目規格フラグ",,"0","eisai_init","11/06/2017 00:00:00","eisai_init","11/06/2017 00:00:00"
"MDM-999-10200003","ja","規格大分類区分",,"0","eisai_init","11/06/2017 00:00:00","eisai_init","11/06/2017 00:00:00"
"MDM-999-10300001","ja","形態コード",,"0","eisai_init","11/06/2017 00:00:00","eisai_init","11/06/2017 00:00:00"
"MDM-999-10300002","ja","医療機器フラグ",,"0","eisai_init","11/06/2017 00:00:00","eisai_init","11/06/2017 00:00:00"
"MDM-999-10300003","ja","自動作成データフラグ",,"0","eisai_init","11/06/2017 00:00:00","eisai_init","11/06/2017 00:00:00"
"MDM-999-10400001","ja","登録ステータス",,"0","eisai_init","11/06/2017 00:00:00","eisai_init","11/06/2017 00:00:00"
"MDM-999-10400002","ja","特包フラグ",,"0","eisai_init","11/06/2017 00:00:00","eisai_init","11/06/2017 00:00:00"
"MDM-999-10400003","ja","他事業利用フラグ",,"0","eisai_init","11/06/2017 00:00:00","eisai_init","11/06/2017 00:00:00"
"MDM-999-10400004","ja","製品架空識別区分",,"0","eisai_init","11/06/2017 00:00:00","eisai_init","11/06/2017 00:00:00"
"MDM-999-10400005","ja","売品区分",,"0","eisai_init","11/06/2017 00:00:00","eisai_init","11/06/2017 00:00:00"
"MDM-999-10400006","ja","試用品区分",,"0","eisai_init","11/06/2017 00:00:00","eisai_init","11/06/2017 00:00:00"
"MDM-999-10400007","ja","単価変更可能フラグ",,"0","eisai_init","11/06/2017 00:00:00","eisai_init","11/06/2017 00:00:00"
"MDM-999-10400008","ja","苦情処理対象フラグ",,"0","eisai_init","11/06/2017 00:00:00","eisai_init","11/06/2017 00:00:00"
"MDM-999-10400009","ja","使用期限表示フラグ",,"0","eisai_init","11/06/2017 00:00:00","eisai_init","11/06/2017 00:00:00"
"MDM-999-10400010","ja","使用期限管理区分",,"0","eisai_init","11/06/2017 00:00:00","eisai_init","11/06/2017 00:00:00"
"MDM-999-10400011","ja","規制区分（医）",,"0","eisai_init","11/06/2017 00:00:00","eisai_init","11/06/2017 00:00:00"
"MDM-999-10400012","ja","規制区分（薬）1",,"0","eisai_init","11/06/2017 00:00:00","eisai_init","11/06/2017 00:00:00"
"MDM-999-10400013","ja","規制区分（薬）2",,"0","eisai_init","11/06/2017 00:00:00","eisai_init","11/06/2017 00:00:00"
"MDM-999-10400014","ja","限定販売品区分",,"0","eisai_init","11/06/2017 00:00:00","eisai_init","11/06/2017 00:00:00"
"MDM-999-10400015","ja","出荷倉庫区分",,"0","eisai_init","11/06/2017 00:00:00","eisai_init","11/06/2017 00:00:00"
"MDM-999-10400017","ja","基準フラグ",,"0","eisai_init","11/06/2017 00:00:00","eisai_init","11/06/2017 00:00:00"
"MDM-999-10400018","ja","自動値引区分",,"0","eisai_init","11/06/2017 00:00:00","eisai_init","11/06/2017 00:00:00"
"MDM-999-10400019","ja","成績書添付フラグ",,"0","eisai_init","11/06/2017 00:00:00","eisai_init","11/06/2017 00:00:00"
"MDM-999-10400020","ja","生産工場グループコード",,"0","eisai_init","11/06/2017 00:00:00","eisai_init","11/06/2017 00:00:00"
"MDM-999-10400021","ja","工場コード",,"0","eisai_init","11/06/2017 00:00:00","eisai_init","11/06/2017 00:00:00"
"MDM-999-10400022","ja","自社工場コード",,"0","eisai_init","11/06/2017 00:00:00","eisai_init","11/06/2017 00:00:00"
"MDM-999-10400023","ja","倉庫コード",,"0","eisai_init","11/06/2017 00:00:00","eisai_init","11/06/2017 00:00:00"
"MDM-999-10400024","ja","管理No品フラグ",,"0","eisai_init","11/06/2017 00:00:00","eisai_init","11/06/2017 00:00:00"
"MDM-999-10400025","ja","管理区分",,"0","eisai_init","11/06/2017 00:00:00","eisai_init","11/06/2017 00:00:00"
"MDM-999-10400026","ja","向精神薬分類",,"0","eisai_init","11/06/2017 00:00:00","eisai_init","11/06/2017 00:00:00"
"MDM-999-10400027","ja","流通荷姿区分",,"0","eisai_init","11/06/2017 00:00:00","eisai_init","11/06/2017 00:00:00"
"MDM-999-10400028","ja","輸出製品区分",,"0","eisai_init","11/06/2017 00:00:00","eisai_init","11/06/2017 00:00:00"
"MDM-999-10400029","ja","統一コード",,"0","eisai_init","11/06/2017 00:00:00","eisai_init","11/06/2017 00:00:00"
"MDM-999-10400030","ja","コードブックアウトフラグ",,"0","eisai_init","11/06/2017 00:00:00","eisai_init","11/06/2017 00:00:00"
"MDM-999-10400033","ja","数量表示単位",,"0","eisai_init","11/06/2017 00:00:00","eisai_init","11/06/2017 00:00:00"
"MDM-999-10400034","ja","品目分類",,"0","eisai_init","11/06/2017 00:00:00","eisai_init","11/06/2017 00:00:00"
"MDM-999-10400035","ja","消費税率区分",,"0","eisai_init","11/06/2017 00:00:00","eisai_init","11/06/2017 00:00:00"
"MDM-999-10400038","ja","商品分類コード",,"0","eisai_init","11/06/2017 00:00:00","eisai_init","11/06/2017 00:00:00"
"MDM-999-10400039","ja","加工区分",,"0","eisai_init","11/06/2017 00:00:00","eisai_init","11/06/2017 00:00:00"
"MDM-999-10400040","ja","特約扱品区分",,"0","eisai_init","11/06/2017 00:00:00","eisai_init","11/06/2017 00:00:00"
"MDM-999-10400041","ja","販路委託対象フラグ",,"0","eisai_init","11/06/2017 00:00:00","eisai_init","11/06/2017 00:00:00"
"MDM-999-10400042","ja","生物由来フラグ",,"0","eisai_init","11/06/2017 00:00:00","eisai_init","11/06/2017 00:00:00"
"MDM-999-10400043","ja","集合ITF上１桁コード",,"0","eisai_init","11/06/2017 00:00:00","eisai_init","11/06/2017 00:00:00"
"MDM-999-10400044","ja","梱包ITF上１桁コード",,"0","eisai_init","11/06/2017 00:00:00","eisai_init","11/06/2017 00:00:00"
"MDM-999-10400045","ja","振替品区分",,"0","eisai_init","11/06/2017 00:00:00","eisai_init","11/06/2017 00:00:00"
"MDM-999-10400046","ja","薬粧販路区分",,"0","eisai_init","11/06/2017 00:00:00","eisai_init","11/06/2017 00:00:00"
"MDM-999-10400047","ja","出荷期限判定区分（廃止予定）",,"0","eisai_init","11/06/2017 00:00:00","eisai_init","11/06/2017 00:00:00"
"MDM-999-10400048","ja","伝票分割区分",,"0","ips00039","02/14/2020 00:00:00","ips00039","02/14/2020 00:00:00"
"MDM-999-10400049","ja","元梱切上フラグ",,"0","ips00039","02/14/2020 00:00:00","ips00039","02/14/2020 00:00:00"
"MDM-999-10400050","ja","詰合フラグ",,"0","ips00039","02/14/2020 00:00:00","ips00039","02/14/2020 00:00:00"
"MDM-999-10400051","ja","小数仕切価設定フラグ",,"0","ips00039","02/14/2020 00:00:00","ips00039","02/14/2020 00:00:00"
"MDM-999-10400052","ja","元梱率除外製品フラグ",,"0","ips00039","02/14/2020 00:00:00","ips00039","02/14/2020 00:00:00"
"MDM-999-10500001","ja","会社グループ",,"0","eisai_init","11/06/2017 00:00:00","eisai_init","11/06/2017 00:00:00"
"MDM-999-10500002","ja","主管組織",,"0","eisai_init","11/06/2017 00:00:00","eisai_init","11/06/2017 00:00:00"
"MDM-999-10600003","ja","回収形態区分",,"0","eisai_init","11/06/2017 00:00:00","eisai_init","11/06/2017 00:00:00"
"MDM-999-10600004","ja","取扱金種区分",,"0","eisai_init","11/06/2017 00:00:00","eisai_init","11/06/2017 00:00:00"
"MDM-999-10600005","ja","NON POLICY区分",,"0","eisai_init","11/06/2017 00:00:00","eisai_init","11/06/2017 00:00:00"
"MDM-999-10600006","ja","統計国コード",,"0","eisai_init","11/06/2017 00:00:00","eisai_init","11/06/2017 00:00:00"
"MDM-999-10600007","ja","取引銀行コード",,"0","eisai_init","11/06/2017 00:00:00","eisai_init","11/06/2017 00:00:00"
"MDM-999-10600008","ja","決済条件コード",,"0","eisai_init","11/06/2017 00:00:00","eisai_init","11/06/2017 00:00:00"
"MDM-999-10600009","ja","船積方法コード",,"0","eisai_init","11/06/2017 00:00:00","eisai_init","11/06/2017 00:00:00"
"MDM-999-10600010","ja","建値コード",,"0","eisai_init","11/06/2017 00:00:00","eisai_init","11/06/2017 00:00:00"
"MDM-999-10600011","ja","通貨コード",,"0","eisai_init","11/06/2017 00:00:00","eisai_init","11/06/2017 00:00:00"
"MDM-999-10600012","ja","国内納め区分",,"0","eisai_init","11/06/2017 00:00:00","eisai_init","11/06/2017 00:00:00"
"MDM-999-10600013","ja","連結対象区分",,"0","eisai_init","11/06/2017 00:00:00","eisai_init","11/06/2017 00:00:00"
"MDM-999-10600015","ja","仕向地コード",,"0","eisai_init","11/06/2017 00:00:00","eisai_init","11/06/2017 00:00:00"
"MDM-999-10600016","ja","代理店上２桁コード",,"0","eisai_init","11/06/2017 00:00:00","eisai_init","11/06/2017 00:00:00"
"MDM-999-10600018","ja","請求書送付先住所は基本情報の住所と同じフラグ",,"0","eisai_init","11/06/2017 00:00:00","eisai_init","11/06/2017 00:00:00"
"MDM-999-10600019","ja","仕切書送付先住所は基本情報の住所と同じフラグ",,"0","eisai_init","11/06/2017 00:00:00","eisai_init","11/06/2017 00:00:00"
"MDM-999-10600020","ja","C=Aフラグ",,"0","eisai_init","11/06/2017 00:00:00","eisai_init","11/06/2017 00:00:00"
"MDM-999-10600021","ja","輸出代理店区分",,"0","eisai_init","11/06/2017 00:00:00","eisai_init","11/06/2017 00:00:00"
"MDM-999-10600022","ja","請求組織コード",,"0","eisai_init","11/06/2017 00:00:00","eisai_init","11/06/2017 00:00:00"
"MDM-999-10600023","ja","代理店国コード",,"0","eisai_init","11/06/2017 00:00:00","eisai_init","11/06/2017 00:00:00"
"MDM-999-10700001","ja","出荷対象店フラグ",,"0","eisai_init","11/06/2017 00:00:00","eisai_init","11/06/2017 00:00:00"
"MDM-999-10700003","ja","取扱い薬種フラグ",,"0","eisai_init","11/06/2017 00:00:00","eisai_init","11/06/2017 00:00:00"
"MDM-999-10700004","ja","出荷タイプコード",,"0","eisai_init","11/06/2017 00:00:00","eisai_init","11/06/2017 00:00:00"
"MDM-999-10700005","ja","出荷配送日フラグ",,"0","eisai_init","11/06/2017 00:00:00","eisai_init","11/06/2017 00:00:00"
"MDM-999-10700006","ja","ＯＰコード",,"0","eisai_init","11/06/2017 00:00:00","eisai_init","11/06/2017 00:00:00"
"MDM-999-10700007","ja","値引き倉庫フラグ",,"0","eisai_init","11/06/2017 00:00:00","eisai_init","11/06/2017 00:00:00"
"MDM-999-10700014","ja","支店・地区コード",,"0","eisai_init","11/06/2017 00:00:00","eisai_init","11/06/2017 00:00:00"
"MDM-999-10800001","ja","マスタ設定フラグ",,"0","eisai_init","11/06/2017 00:00:00","eisai_init","11/06/2017 00:00:00"
"MDM-999-10800002","ja","薬粧品取扱いフラグ",,"0","eisai_init","11/06/2017 00:00:00","eisai_init","11/06/2017 00:00:00"
"MDM-999-10800003","ja","医家品取扱いフラグ",,"0","eisai_init","11/06/2017 00:00:00","eisai_init","11/06/2017 00:00:00"
"MDM-999-10800004","ja","診断薬取扱いフラグ",,"0","eisai_init","11/06/2017 00:00:00","eisai_init","11/06/2017 00:00:00"
"MDM-999-10800005","ja","新食品取扱いフラグ",,"0","eisai_init","11/06/2017 00:00:00","eisai_init","11/06/2017 00:00:00"
"MDM-999-10800006","ja","ＯＥＭ取扱いフラグ",,"0","eisai_init","11/06/2017 00:00:00","eisai_init","11/06/2017 00:00:00"
"MDM-999-10800007","ja","取扱品取扱いフラグ",,"0","eisai_init","11/06/2017 00:00:00","eisai_init","11/06/2017 00:00:00"
"MDM-999-10800008","ja","認知症ソリューション取扱いフラグ",,"0","eisai_init","11/06/2017 00:00:00","eisai_init","11/06/2017 00:00:00"
"MDM-999-10800009","ja","欧米取扱いフラグ",,"0","eisai_init","11/06/2017 00:00:00","eisai_init","11/06/2017 00:00:00"
"MDM-999-10800010","ja","その他取扱いフラグ",,"0","eisai_init","11/06/2017 00:00:00","eisai_init","11/06/2017 00:00:00"
"MDM-999-10800011","ja","ＧＥ取扱いフラグ",,"0","ips00026","10/22/2018 00:00:00","ips00026","10/22/2018 00:00:00"
"MDM-999-10900001","ja","事計システム連携フラグ",,"0","eisai_init","11/06/2017 00:00:00","eisai_init","11/06/2017 00:00:00"
"MDM-999-11000001","ja","代理店区分",,"0","eisai_init","11/06/2017 00:00:00","eisai_init","11/06/2017 00:00:00"
"MDM-999-11000002","ja","ＥＮＷ区分",,"0","eisai_init","11/22/2020 00:00:00","eisai_init","11/22/2020 00:00:00"
"MDM-999-11100001","ja","EE見本品区分",,"0","eisai_init","11/06/2017 00:00:00","eisai_init","11/06/2017 00:00:00"
