"corporation_cd","policy_div","start_date","end_date","locale_id","policy_div_name","remark","delete_flag","create_user_cd","create_date","record_user_cd","record_date"
"1000","0100","01/01/1970 00:00:00","03/31/2018 00:00:00","ja","戦略品","","0","eisai_init","11/06/2017 00:00:00","ecl07857","12/01/2017 00:00:00"
"1000","0100","04/01/2018 00:00:00","12/31/2999 00:00:00","ja","戦略品","","0","ecl07857","12/01/2017 00:00:00","ecl07857","12/01/2017 00:00:00"
"1000","0102","01/01/1970 00:00:00","03/31/2018 00:00:00","ja","重点品","","0","eisai_init","11/06/2017 00:00:00","ecl07857","12/01/2017 00:00:00"
"1000","0102","04/01/2018 00:00:00","12/31/2999 00:00:00","ja","重点品","","0","ecl07857","12/01/2017 00:00:00","ecl07857","12/01/2017 00:00:00"
"1000","0104","01/01/1970 00:00:00","03/31/2018 00:00:00","ja","中堅品","","0","eisai_init","11/06/2017 00:00:00","ecl07857","12/01/2017 00:00:00"
"1000","0104","04/01/2018 00:00:00","12/31/2999 00:00:00","ja","安定品","","0","ecl07857","12/01/2017 00:00:00","ecl07857","12/01/2017 00:00:00"
"1000","0106","01/01/1970 00:00:00","03/31/2018 00:00:00","ja","通販品","","0","eisai_init","11/06/2017 00:00:00","ecl07857","12/01/2017 00:00:00"
"1000","0107","01/01/1970 00:00:00","03/31/2018 00:00:00","ja","海外品","","0","eisai_init","11/06/2017 00:00:00","ecl07857","12/01/2017 00:00:00"
"1000","0107","04/01/2018 00:00:00","12/31/2999 00:00:00","ja","海外品","","0","ecl07857","12/01/2017 00:00:00","ecl07857","12/01/2017 00:00:00"
"1000","0108","01/01/1970 00:00:00","03/31/2018 00:00:00","ja","薬粧輸出","","0","eisai_init","11/06/2017 00:00:00","ecl07857","12/01/2017 00:00:00"
"1000","0108","04/01/2018 00:00:00","12/31/2999 00:00:00","ja","薬粧輸出","","0","ecl07857","12/01/2017 00:00:00","ecl07857","12/01/2017 00:00:00"
"1000","0109","01/01/1970 00:00:00","03/31/2018 00:00:00","ja","薬粧値引品","","0","eisai_init","11/06/2017 00:00:00","ecl07857","12/01/2017 00:00:00"
"1000","0109","04/01/2018 00:00:00","12/31/2999 00:00:00","ja","薬粧値引品","","0","ecl07857","12/01/2017 00:00:00","ecl07857","12/01/2017 00:00:00"
"1000","0200","01/01/1970 00:00:00","03/31/2018 00:00:00","ja","戦略新創品","","0","eisai_init","11/06/2017 00:00:00","ecl07857","12/01/2017 00:00:00"
"1000","0200","04/01/2018 00:00:00","03/31/2019 00:00:00","ja","戦略新創品","","0","ecl07857","12/03/2018 00:00:00","ecl07857","12/03/2018 00:00:00"
"1000","0200","04/01/2019 00:00:00","03/31/2020 00:00:00","ja","重点戦略品","","0","ecl07857","12/03/2018 00:00:00","ecl05958","12/03/2019 00:00:00"
"1000","0200","04/01/2020 00:00:00","03/31/2024 00:00:00","ja","戦略品","","0","ecl05958","12/03/2019 00:00:00","ecl97916","01/31/2024 00:00:00"
"1000","0201","01/01/1970 00:00:00","03/31/2018 00:00:00","ja","新創品","","0","eisai_init","11/06/2017 00:00:00","ecl07857","12/01/2017 00:00:00"
"1000","0201","04/01/2018 00:00:00","03/31/2020 00:00:00","ja","新創品","","0","ecl07857","12/01/2017 00:00:00","ecl05958","12/03/2019 00:00:00"
"1000","0201","04/01/2020 00:00:00","03/31/2024 00:00:00","ja","提携品","","0","ecl05958","12/03/2019 00:00:00","ecl97916","01/31/2024 00:00:00"
"1000","0202","01/01/1970 00:00:00","03/31/2018 00:00:00","ja","戦略基盤品","","0","eisai_init","11/06/2017 00:00:00","ecl07857","12/01/2017 00:00:00"
"1000","0202","04/01/2018 00:00:00","03/31/2019 00:00:00","ja","戦略基盤品","","0","ecl07857","12/03/2018 00:00:00","ecl07857","12/03/2018 00:00:00"
"1000","0202","04/01/2019 00:00:00","03/31/2024 00:00:00","ja","基盤品","","0","ecl07857","12/03/2018 00:00:00","ecl97916","01/31/2024 00:00:00"
"1000","0202","04/01/2024 00:00:00","12/31/2999 00:00:00","ja","重点戦略品","","0","ecl97916","01/31/2024 00:00:00","ecl97916","01/31/2024 00:00:00"
"1000","0203","01/01/1970 00:00:00","03/31/2018 00:00:00","ja","基盤品","","0","eisai_init","11/06/2017 00:00:00","ecl07857","12/01/2017 00:00:00"
"1000","0203","04/01/2018 00:00:00","03/31/2019 00:00:00","ja","基盤品","","0","ecl07857","12/03/2018 00:00:00","ecl07857","12/03/2018 00:00:00"
"1000","0203","04/01/2019 00:00:00","03/31/2024 00:00:00","ja","安定品","","0","ecl07857","12/03/2018 00:00:00","ecl97916","01/31/2024 00:00:00"
"1000","0204","01/01/1970 00:00:00","03/31/2018 00:00:00","ja","安定品","","0","eisai_init","11/06/2017 00:00:00","ecl07857","12/01/2017 00:00:00"
"1000","0204","04/01/2018 00:00:00","03/31/2019 00:00:00","ja","安定品","","0","ecl07857","12/03/2018 00:00:00","ecl07857","12/03/2018 00:00:00"
"1000","0204","04/01/2019 00:00:00","03/31/2020 00:00:00","ja","ＯＮＣ新創品","","0","ecl07857","12/03/2018 00:00:00","ecl05958","12/03/2019 00:00:00"
"1000","0204","04/01/2020 00:00:00","03/31/2021 00:00:00","ja","ＯＮＣ品","","0","ecl05958","12/03/2019 00:00:00","ecl91526","12/03/2020 00:00:00"
"1000","0204","04/01/2021 00:00:00","03/31/2024 00:00:00","ja","ＯＮＣ戦略品","","0","ecl91526","12/03/2020 00:00:00","ecl97916","01/31/2024 00:00:00"
"1000","0204","04/01/2024 00:00:00","03/31/2026 00:00:00","ja","戦略品","","0","ecl97916","01/31/2024 00:00:00","ecl11619","10/14/2025 00:00:00"
"1000","0204","04/01/2026 00:00:00","12/31/2999 00:00:00","ja","戦略基盤品","","0","ecl11619","10/14/2025 00:00:00","ecl11619","10/14/2025 00:00:00"
"1000","0205","01/01/1970 00:00:00","03/31/2018 00:00:00","ja","ＥＡ品","","0","eisai_init","11/06/2017 00:00:00","ecl07857","12/01/2017 00:00:00"
"1000","0205","04/01/2018 00:00:00","03/31/2019 00:00:00","ja","ＯＮＣ新創品","","0","ecl07857","12/03/2018 00:00:00","ecl07857","12/03/2018 00:00:00"
"1000","0205","04/01/2019 00:00:00","03/31/2021 00:00:00","ja","医薬値引品","","0","ecl07857","12/03/2018 00:00:00","ecl91526","12/03/2020 00:00:00"
"1000","0205","04/01/2021 00:00:00","03/31/2024 00:00:00","ja","ＯＮＣ品","","0","ecl91526","12/03/2020 00:00:00","ecl97916","01/31/2024 00:00:00"
"1000","0206","01/01/1970 00:00:00","03/31/2018 00:00:00","ja","医薬値引品","","0","eisai_init","11/06/2017 00:00:00","ecl07857","12/01/2017 00:00:00"
"1000","0206","04/01/2018 00:00:00","03/31/2019 00:00:00","ja","医薬値引品","","0","ecl07857","12/03/2018 00:00:00","ecl07857","12/03/2018 00:00:00"
"1000","0206","04/01/2019 00:00:00","03/31/2021 00:00:00","ja","ＥＡ品","","0","ecl07857","12/03/2018 00:00:00","ecl91526","12/03/2020 00:00:00"
"1000","0206","04/01/2021 00:00:00","03/31/2022 00:00:00","ja","医薬値引品","","0","ecl91526","12/03/2020 00:00:00","ecl10528","11/30/2021 00:00:00"
"1000","0206","04/01/2022 00:00:00","03/31/2024 00:00:00","ja","ＩＭ戦略品","","0","ecl10528","11/30/2021 00:00:00","eclecl97916","01/31/2024 00:00:00"
"1000","0206","04/01/2024 00:00:00","12/31/2999 00:00:00","ja","提携品","","0","ecl97916","01/31/2024 00:00:00","eclecl97916","01/31/2024 00:00:00"
"1000","0207","01/01/1970 00:00:00","03/31/2018 00:00:00","ja","医薬ＥＥ品","","0","eisai_init","11/06/2017 00:00:00","ecl07857","12/01/2017 00:00:00"
"1000","0207","04/01/2018 00:00:00","03/31/2019 00:00:00","ja","ＥＡ品","","0","ecl07857","12/03/2018 00:00:00","ecl07857","12/03/2018 00:00:00"
"1000","0207","04/01/2019 00:00:00","03/31/2021 00:00:00","ja","ジェネリック品","","0","ecl07857","12/03/2018 00:00:00","ecl91526","12/03/2020 00:00:00"
"1000","0207","04/01/2021 00:00:00","03/31/2022 00:00:00","ja","ＥＡ品","","0","ecl91526","12/03/2020 00:00:00","ecl97916","11/30/2021 00:00:00"
"1000","0207","04/01/2022 00:00:00","03/31/2024 00:00:00","ja","ＩＭ品","","0","ecl97916","11/30/2021 00:00:00","ecl97916","01/31/2024 00:00:00"
"1000","0208","01/01/1970 00:00:00","03/31/2018 00:00:00","ja","診断薬","","0","eisai_init","11/06/2017 00:00:00","ecl07857","12/01/2017 00:00:00"
"1000","0208","04/01/2018 00:00:00","03/31/2019 00:00:00","ja","医薬ＥＥ品","","0","ecl07857","12/03/2018 00:00:00","ecl07857","12/03/2018 00:00:00"
"1000","0208","04/01/2019 00:00:00","03/31/2021 00:00:00","ja","診断薬","","0","ecl07857","12/03/2018 00:00:00","ecl91526","12/03/2020 00:00:00"
"1000","0208","04/01/2021 00:00:00","03/31/2022 00:00:00","ja","ジェネリック品","","0","ecl91526","12/03/2020 00:00:00","ecl97916","11/30/2021 00:00:00"
"1000","0208","04/01/2022 00:00:00","03/31/2024 00:00:00","ja","医薬値引品","","0","ecl97916","11/30/2021 00:00:00","ecl97916","01/31/2024 00:00:00"
"1000","0208","04/01/2024 00:00:00","12/31/2999 00:00:00","ja","基盤品","","0","ecl97916","11/30/2021 00:00:00","ecl97916","01/31/2024 00:00:00"
"1000","0209","01/01/1970 00:00:00","03/31/2018 00:00:00","ja","ＯＮＣ新創品","","0","eisai_init","11/06/2017 00:00:00","ecl07857","12/01/2017 00:00:00"
"1000","0209","04/01/2018 00:00:00","03/31/2019 00:00:00","ja","診断薬","","0","ecl07857","12/03/2018 00:00:00","ecl07857","12/03/2018 00:00:00"
"1000","0209","04/01/2019 00:00:00","03/31/2021 00:00:00","ja","ＥＥ品","","0","ecl07857","12/07/2018 00:00:00","ecl91526","12/03/2020 00:00:00"
"1000","0209","04/01/2021 00:00:00","03/31/2022 00:00:00","ja","診断薬","","0","ecl91526","12/03/2020 00:00:00","ecl97916","11/30/2021 00:00:00"
"1000","0209","04/01/2022 00:00:00","03/31/2024 00:00:00","ja","ＥＡ品","","0","ecl97916","11/30/2021 00:00:00","ecl97916","01/31/2024 00:00:00"
"1000","0210","04/01/2021 00:00:00","03/31/2022 00:00:00","ja","ＥＥ品","","0","ecl91526","12/03/2020 00:00:00","ecl97916","11/30/2021 00:00:00"
"1000","0210","04/01/2022 00:00:00","03/31/2024 00:00:00","ja","診断薬","","0","ecl97916","11/30/2021 00:00:00","ecl97916","01/31/2024 00:00:00"
"1000","0210","04/01/2024 00:00:00","03/31/2026 00:00:00","ja","安定品","","0","ecl97916","01/31/2024 00:00:00","ecl60089","12/08/2025 00:00:00"
"1000","0210","04/01/2026 00:00:00","12/31/2999 00:00:00","ja","安定品Ｂ","","0","ecl60089","12/08/2025 00:00:00","ecl60089","12/08/2025 00:00:00"
"1000","0211","04/01/2022 00:00:00","03/31/2024 00:00:00","ja","ジェネリック品","","0","ecl97916","11/30/2021 00:00:00","ecl97916","11/30/2021 00:00:00"
"1000","0211","04/01/2026 00:00:00","12/31/2999 00:00:00","ja","安定品Ｒ","","0","ecl60089","12/08/2025 00:00:00","ecl60089","12/08/2025 00:00:00"
"1000","0212","04/01/2022 00:00:00","03/31/2024 00:00:00","ja","ＥＥ品","","0","ecl97916","11/30/2021 00:00:00","ecl97916","01/31/2024 00:00:00"
"1000","0212","04/01/2024 00:00:00","12/31/2999 00:00:00","ja","ＯＮＣ戦略品","","0","ecl97916","01/31/2024 00:00:00","ecl97916","01/31/2024 00:00:00"
"1000","0214","04/01/2024 00:00:00","12/31/2999 00:00:00","ja","ＯＮＣ品","","0","ecl97916","01/31/2024 00:00:00","ecl97916","01/31/2024 00:00:00"
"1000","0216","04/01/2024 00:00:00","12/31/2999 00:00:00","ja","ＩＭ戦略品","","0","ecl97916","01/31/2024 00:00:00","ecl97916","01/31/2024 00:00:00"
"1000","0218","04/01/2024 00:00:00","12/31/2999 00:00:00","ja","ＩＭ品","","0","ecl97916","01/31/2024 00:00:00","ecl97916","01/31/2024 00:00:00"
"1000","0220","04/01/2024 00:00:00","12/31/2999 00:00:00","ja","値引品","","0","ecl97916","01/31/2024 00:00:00","ecl97916","01/31/2024 00:00:00"
"1000","0222","04/01/2024 00:00:00","12/31/2999 00:00:00","ja","ＥＡ品","","0","ecl97916","01/31/2024 00:00:00","ecl97916","01/31/2024 00:00:00"
"1000","0224","04/01/2024 00:00:00","12/31/2999 00:00:00","ja","診断薬","","0","ecl97916","01/31/2024 00:00:00","ecl97916","01/31/2024 00:00:00"
"1000","0292","04/01/2024 00:00:00","12/31/2999 00:00:00","ja","ジェネリック品","","0","ecl97916","11/30/2021 00:00:00","ecl97916","02/19/2024 00:00:00"
"1000","0294","04/01/2024 00:00:00","12/31/2999 00:00:00","ja","ＥＥ品","","0","ecl97916","11/30/2021 00:00:00","ecl97916","02/19/2024 00:00:00"
"1000","0296","04/01/2024 00:00:00","12/31/2999 00:00:00","ja","その他","","0","ecl98821","02/29/2024 00:00:00","ecl98821","02/29/2024 00:00:00"
"1000","0300","01/01/1970 00:00:00","03/31/2018 00:00:00","ja","診　戦略品","","0","eisai_init","11/06/2017 00:00:00","ecl07857","12/01/2017 00:00:00"
"1000","0300","04/01/2018 00:00:00","12/31/2999 00:00:00","ja","診　戦略品","","0","ecl07857","12/01/2017 00:00:00","ecl07857","12/01/2017 00:00:00"
"1000","0304","01/01/1970 00:00:00","03/31/2018 00:00:00","ja","診断安定品","","0","eisai_init","11/06/2017 00:00:00","ecl07857","12/01/2017 00:00:00"
"1000","0304","04/01/2018 00:00:00","12/31/2999 00:00:00","ja","診断安定品","","0","ecl07857","12/01/2017 00:00:00","ecl07857","12/01/2017 00:00:00"
"1000","0305","01/01/1970 00:00:00","03/31/2018 00:00:00","ja","診断薬中堅品","","0","eisai_init","11/06/2017 00:00:00","ecl07857","12/01/2017 00:00:00"
"1000","0305","04/01/2018 00:00:00","12/31/2999 00:00:00","ja","診断薬中堅品","","0","ecl07857","12/01/2017 00:00:00","ecl07857","12/01/2017 00:00:00"
"1000","0307","01/01/1970 00:00:00","03/31/2018 00:00:00","ja","診断薬ＲＶ","","0","eisai_init","11/06/2017 00:00:00","ecl07857","12/01/2017 00:00:00"
"1000","0307","04/01/2018 00:00:00","12/31/2999 00:00:00","ja","診断薬ＲＶ","","0","ecl07857","12/01/2017 00:00:00","ecl07857","12/01/2017 00:00:00"
"1000","0308","01/01/1970 00:00:00","03/31/2018 00:00:00","ja","診断薬輸出","","0","eisai_init","11/06/2017 00:00:00","ecl07857","12/01/2017 00:00:00"
"1000","0308","04/01/2018 00:00:00","12/31/2999 00:00:00","ja","診断薬輸出","","0","ecl07857","12/01/2017 00:00:00","ecl07857","12/01/2017 00:00:00"
"1000","0309","01/01/1970 00:00:00","03/31/2018 00:00:00","ja","診断薬値引品","","0","eisai_init","11/06/2017 00:00:00","ecl07857","12/01/2017 00:00:00"
"1000","0309","04/01/2018 00:00:00","12/31/2999 00:00:00","ja","診断薬値引品","","0","ecl07857","12/01/2017 00:00:00","ecl07857","12/01/2017 00:00:00"
"1000","0401","01/01/1970 00:00:00","03/31/2018 00:00:00","ja","受託食添・食材","","0","eisai_init","11/06/2017 00:00:00","ecl07857","12/01/2017 00:00:00"
"1000","0401","04/01/2018 00:00:00","12/31/2999 00:00:00","ja","受託食添・食材","","0","ecl07857","12/01/2017 00:00:00","ecl07857","12/01/2017 00:00:00"
"1000","0402","01/01/1970 00:00:00","03/31/2018 00:00:00","ja","食品化学天然Ｅ","","0","eisai_init","11/06/2017 00:00:00","ecl07857","12/01/2017 00:00:00"
"1000","0402","04/01/2018 00:00:00","12/31/2999 00:00:00","ja","食品化学天然Ｅ","","0","ecl07857","12/01/2017 00:00:00","ecl07857","12/01/2017 00:00:00"
"1000","0403","01/01/1970 00:00:00","03/31/2018 00:00:00","ja","受託化学品","","0","eisai_init","11/06/2017 00:00:00","ecl07857","12/01/2017 00:00:00"
"1000","0403","04/01/2018 00:00:00","12/31/2999 00:00:00","ja","受託化学品","","0","ecl07857","12/01/2017 00:00:00","ecl07857","12/01/2017 00:00:00"
"1000","0405","01/01/1970 00:00:00","03/31/2018 00:00:00","ja","受託　その他","","0","eisai_init","11/06/2017 00:00:00","ecl07857","12/01/2017 00:00:00"
"1000","0405","04/01/2018 00:00:00","12/31/2999 00:00:00","ja","受託　その他","","0","ecl07857","12/01/2017 00:00:00","ecl07857","12/01/2017 00:00:00"
"1000","0406","01/01/1970 00:00:00","03/31/2018 00:00:00","ja","ＡＰＩ－Ｓ","","0","eisai_init","11/06/2017 00:00:00","ecl07857","12/01/2017 00:00:00"
"1000","0406","04/01/2018 00:00:00","12/31/2999 00:00:00","ja","ＡＰＩ－Ｓ","","0","ecl07857","12/01/2017 00:00:00","ecl07857","12/01/2017 00:00:00"
"1000","0407","01/01/1970 00:00:00","03/31/2018 00:00:00","ja","輸出","","0","eisai_init","11/06/2017 00:00:00","ecl07857","12/01/2017 00:00:00"
"1000","0407","04/01/2018 00:00:00","12/31/2999 00:00:00","ja","輸出","","0","ecl07857","12/01/2017 00:00:00","ecl07857","12/01/2017 00:00:00"
"1000","0408","01/01/1970 00:00:00","03/31/2018 00:00:00","ja","ＧＥ品","","0","eisai_init","11/06/2017 00:00:00","ecl07857","12/01/2017 00:00:00"
"1000","0408","04/01/2018 00:00:00","12/31/2999 00:00:00","ja","ＧＥ品","","0","ecl07857","12/01/2017 00:00:00","ecl07857","12/01/2017 00:00:00"
"1000","0409","01/01/1970 00:00:00","03/31/2018 00:00:00","ja","食品化学　値引品","","0","eisai_init","11/06/2017 00:00:00","ecl07857","12/01/2017 00:00:00"
"1000","0409","04/01/2018 00:00:00","12/31/2999 00:00:00","ja","食品化学　値引品","","0","ecl07857","12/01/2017 00:00:00","ecl07857","12/01/2017 00:00:00"
"1000","0410","01/01/1970 00:00:00","03/31/2018 00:00:00","ja","受託ＳＦＬ","","0","eisai_init","11/06/2017 00:00:00","ecl07857","12/01/2017 00:00:00"
"1000","0410","04/01/2018 00:00:00","12/31/2999 00:00:00","ja","受託ＳＦＬ","","0","ecl07857","12/01/2017 00:00:00","ecl07857","12/01/2017 00:00:00"
"1000","0411","01/01/1970 00:00:00","03/31/2018 00:00:00","ja","受託ＭｅｉｊｉＳｅｉｋａ","","0","eisai_init","11/06/2017 00:00:00","ecl07857","12/01/2017 00:00:00"
"1000","0411","04/01/2018 00:00:00","12/31/2999 00:00:00","ja","受託ＭｅｉｊｉＳｅｉｋａ","","0","ecl07857","12/01/2017 00:00:00","ecl07857","12/01/2017 00:00:00"
"1000","0412","01/01/1970 00:00:00","03/31/2018 00:00:00","ja","受託その他","","0","eisai_init","11/06/2017 00:00:00","ecl07857","12/01/2017 00:00:00"
"1000","0412","04/01/2018 00:00:00","12/31/2999 00:00:00","ja","受託その他","","0","ecl07857","12/01/2017 00:00:00","ecl07857","12/01/2017 00:00:00"
"1000","0413","04/01/2024 00:00:00","12/31/2999 00:00:00","ja","ＡＰＩ－ＥＩＬ","","0","ecl97223","10/16/2024 00:00:00","ecl97223","10/16/2024 00:00:00"
"1000","0414","04/01/2024 00:00:00","12/31/2999 00:00:00","ja","ＡＰＩ－ＥＣＬ","","0","ecl97223","10/16/2024 00:00:00","ecl97223","10/16/2024 00:00:00"
"1000","0415","04/01/2024 00:00:00","12/31/2999 00:00:00","ja","ＡＰＩ－Ｍｅｄｉａｔｅｄ","","0","ecl97223","10/16/2024 00:00:00","ecl97223","10/16/2024 00:00:00"
"1000","0601","01/01/1970 00:00:00","03/31/2018 00:00:00","ja","受託薬ＯＥＭ","","0","eisai_init","11/06/2017 00:00:00","ecl07857","12/01/2017 00:00:00"
"1000","0601","04/01/2018 00:00:00","03/31/2024 00:00:00","ja","受託薬ＯＥＭ","","0","ecl07857","12/01/2017 00:00:00","ecl97490","09/15/2023 00:00:00"
"1000","0601","04/01/2024 00:00:00","12/31/2999 00:00:00","ja","医家品　空き","","0","ecl07857","12/01/2017 00:00:00","ecl97490","09/20/2023 00:00:00"
"1000","0603","01/01/1970 00:00:00","03/31/2018 00:00:00","ja","ＥＡ品","","0","eisai_init","11/06/2017 00:00:00","ecl07857","12/01/2017 00:00:00"
"1000","0603","04/01/2018 00:00:00","12/31/2999 00:00:00","ja","ＥＡ品","","0","ecl07857","12/01/2017 00:00:00","ecl07857","12/01/2017 00:00:00"
"1000","0604","04/01/2024 00:00:00","12/31/2999 00:00:00","ja","海ＯＥＭ","","0","ecl97223","10/16/2024 00:00:00","ecl97223","10/16/2024 00:00:00"
"1000","0605","01/01/1970 00:00:00","03/31/2018 00:00:00","ja","医ＯＥＭ","","0","eisai_init","11/06/2017 00:00:00","ecl07857","12/01/2017 00:00:00"
"1000","0605","04/01/2018 00:00:00","12/31/2999 00:00:00","ja","医ＯＥＭ","","0","ecl07857","12/01/2017 00:00:00","ecl07857","12/01/2017 00:00:00"
"1000","0607","01/01/1970 00:00:00","03/31/2018 00:00:00","ja","医家品　空き","","0","eisai_init","11/06/2017 00:00:00","ecl07857","12/01/2017 00:00:00"
"1000","0607","04/01/2018 00:00:00","12/31/2999 00:00:00","ja","医家品　空き","","0","ecl07857","12/01/2017 00:00:00","ecl97490","09/20/2023 00:00:00"
"1000","0805","01/01/1970 00:00:00","03/31/2018 00:00:00","ja","輸出提携品","","0","eisai_init","11/06/2017 00:00:00","ecl07857","12/01/2017 00:00:00"
"1000","0805","04/01/2018 00:00:00","12/31/2999 00:00:00","ja","輸出提携品","","0","ecl07857","12/01/2017 00:00:00","ecl07857","12/01/2017 00:00:00"
"1000","1001","01/01/1970 00:00:00","03/31/2018 00:00:00","ja","認Ｓ国内品","","0","eisai_init","11/06/2017 00:00:00","ecl07857","12/01/2017 00:00:00"
"1000","1001","04/01/2018 00:00:00","12/31/2999 00:00:00","ja","ＨＳ品","","0","ecl07857","12/01/2017 00:00:00","ecl07857","12/01/2017 00:00:00"
"1000","1005","01/01/1970 00:00:00","03/31/2018 00:00:00","ja","認Ｓ　空き","","0","eisai_init","11/06/2017 00:00:00","ecl07857","12/01/2017 00:00:00"
"1000","1005","04/01/2018 00:00:00","12/31/2999 00:00:00","ja","ＨＳ品空き","","0","ecl07857","12/01/2017 00:00:00","ecl97490","09/20/2023 00:00:00"
"1000","1007","01/01/1970 00:00:00","03/31/2018 00:00:00","ja","認Ｓ　空き","","0","eisai_init","11/06/2017 00:00:00","ecl07857","12/01/2017 00:00:00"
"1000","1007","04/01/2018 00:00:00","12/31/2999 00:00:00","ja","ＨＳ品空き","","0","ecl07857","12/01/2017 00:00:00","ecl97490","09/20/2023 00:00:00"
"1000","1008","01/01/1970 00:00:00","03/31/2018 00:00:00","ja","認Ｓ　空き","","0","eisai_init","11/06/2017 00:00:00","ecl07857","12/01/2017 00:00:00"
"1000","1008","04/01/2018 00:00:00","12/31/2999 00:00:00","ja","ＨＳ品空き","","0","ecl07857","12/01/2017 00:00:00","ecl97490","09/20/2023 00:00:00"
"1000","1009","01/01/1970 00:00:00","03/31/2018 00:00:00","ja","認Ｓ　空き","","0","eisai_init","11/06/2017 00:00:00","ecl07857","12/01/2017 00:00:00"
"1000","1009","04/01/2018 00:00:00","12/31/2999 00:00:00","ja","ＨＳ品空き","","0","ecl07857","12/01/2017 00:00:00","ecl97490","09/20/2023 00:00:00"
"1000","1050","01/01/1970 00:00:00","03/31/2018 00:00:00","ja","認Ｓ値引品","","0","eisai_init","11/06/2017 00:00:00","ecl07857","12/01/2017 00:00:00"
"1000","1050","04/01/2018 00:00:00","12/31/2999 00:00:00","ja","ＨＳ値引品","","0","ecl07857","12/01/2017 00:00:00","ecl07857","12/01/2017 00:00:00"
"1000","1060","10/01/2020 00:00:00","12/31/2999 00:00:00","ja","ＣＸ品","","0","ecl91526","10/06/2020 00:00:00","ecl91526","10/06/2020 00:00:00"
"1000","1100","09/01/2018 00:00:00","12/31/2999 00:00:00","ja","日医工品","","0","eisai_init","09/10/2018 00:00:00","ecl05958","09/10/2018 00:00:00"
"1000","1109","09/01/2018 00:00:00","12/31/2999 00:00:00","ja","日医工品値引","","0","ecl05958","09/01/2018 00:00:00","ecl05958","09/01/2018 00:00:00"
"1000","1301","01/01/1970 00:00:00","03/31/2018 00:00:00","ja","欧米輸出","","0","eisai_init","11/06/2017 00:00:00","ecl07857","12/01/2017 00:00:00"
"1000","1301","04/01/2018 00:00:00","12/31/2999 00:00:00","ja","欧米輸出","","0","ecl07857","12/01/2017 00:00:00","ecl07857","12/01/2017 00:00:00"
"1000","1309","01/01/1970 00:00:00","03/31/2018 00:00:00","ja","新事業推進値引品","","0","eisai_init","11/06/2017 00:00:00","ecl07857","12/01/2017 00:00:00"
"1000","1309","04/01/2018 00:00:00","12/31/2999 00:00:00","ja","新事業推進値引品","","0","ecl07857","12/01/2017 00:00:00","ecl07857","12/01/2017 00:00:00"
"1000","8805","01/01/1970 00:00:00","03/31/2018 00:00:00","ja","その他","","0","eisai_init","11/06/2017 00:00:00","ecl07857","12/01/2017 00:00:00"
"1000","8805","04/01/2018 00:00:00","12/31/2999 00:00:00","ja","その他","","0","ecl07857","12/01/2017 00:00:00","ecl07857","12/01/2017 00:00:00"
"1030","0210","01/01/1970 00:00:00","12/31/2999 00:00:00","ja","新製品",,"0","eisai_init","03/16/2018 00:00:00","eisai_init","03/16/2018 00:00:00"
"1030","0220","01/01/1970 00:00:00","12/31/2999 00:00:00","ja","戦略品",,"0","eisai_init","03/16/2018 00:00:00","eisai_init","03/16/2018 00:00:00"
"1030","0230","01/01/1970 00:00:00","12/31/2999 00:00:00","ja","抗癌剤",,"0","eisai_init","03/16/2018 00:00:00","eisai_init","03/16/2018 00:00:00"
"1030","0240","01/01/1970 00:00:00","12/31/2999 00:00:00","ja","その他",,"0","eisai_init","03/16/2018 00:00:00","eisai_init","03/16/2018 00:00:00"
"1140","0200","02/01/2019 00:00:00","12/31/2999 00:00:00","ja","品目グロス",,"0","ips00017","02/14/2019 00:00:00","ips00017","02/14/2019 00:00:00"
"1140","0201","01/01/1970 00:00:00","03/31/2022 00:00:00","ja","重点品",,"0","ecl97916","03/16/2018 00:00:00","ecl97916","03/14/2022 00:00:00"
"1140","0201","04/01/2022 00:00:00","12/31/2999 00:00:00","ja","ＩＢＤ重点品",,"0","ecl97916","03/14/2022 00:00:00","ecl97916","03/14/2022 00:00:00"
"1140","0203","01/01/1970 00:00:00","03/31/2022 00:00:00","ja","新製品",,"0","ecl97916","03/16/2018 00:00:00","ecl97916","03/14/2022 00:00:00"
"1140","0203","04/01/2022 00:00:00","12/31/2999 00:00:00","ja","消化管重点品",,"0","ecl97916","03/14/2022 00:00:00","ecl97916","03/14/2022 00:00:00"
"1140","0205","01/01/1970 00:00:00","03/31/2022 00:00:00","ja","重点＆新製品",,"0","eisai_init","03/16/2018 00:00:00","ecl97916","03/14/2022 00:00:00"
"1140","0205","04/01/2022 00:00:00","12/31/2999 00:00:00","ja","重点品",,"0","ecl97916","03/14/2022 00:00:00","ecl97916","03/14/2022 00:00:00"
"1140","0207","01/01/1970 00:00:00","03/31/2023 00:00:00","ja","育成品",,"0","eisai_init","03/16/2018 00:00:00","ecl98821","02/17/2023 00:00:00"
"1140","0207","04/01/2023 00:00:00","12/31/2999 00:00:00","ja","基盤品",,"0","ecl98821","02/17/2023 00:00:00","ecl98821","02/17/2023 00:00:00"
"1140","0208","04/01/2023 00:00:00","12/31/2999 00:00:00","ja","重点基盤品計",,"0","ecl98821","02/17/2023 00:00:00","ecl98821","02/17/2023 00:00:00"
"1140","0209","01/01/1970 00:00:00","03/31/2026 00:00:00","ja","一般品",,"0","eisai_init","03/16/2018 00:00:00","ecl97223","02/24/2026 00:00:00"
"1140","0211","04/01/2026 00:00:00","12/31/2999 00:00:00","ja","統合品",,"0","ecl97223","02/24/2026 00:00:00","ecl97223","02/24/2026 00:00:00"
"1140","0213","04/01/2026 00:00:00","12/31/2999 00:00:00","ja","一般品",,"0","ecl97223","02/24/2026 00:00:00","ecl97223","02/24/2026 00:00:00"
"1140","0215","01/01/1970 00:00:00","01/31/2019 00:00:00","ja","品目グロス",,"0","eisai_init","03/16/2018 00:00:00","ips00017","02/14/2019 00:00:00"
"1140","0215","02/01/2019 00:00:00","03/31/2023 00:00:00","ja","品目グロス",,"1","ips00017","02/14/2019 00:00:00","ecl98821","02/17/2023 00:00:00"
"1140","0220","01/01/1970 00:00:00","03/31/2023 00:00:00","ja","コ・プロ",,"0","eisai_init","03/16/2018 00:00:00","ecl98821","02/17/2023 00:00:00"
"1140","0230","10/01/2019 00:00:00","12/31/2999 00:00:00","ja","代理店",,"0","ips00017","09/17/2019 00:00:00","ips00017","09/17/2019 00:00:00"
"1140","0240","04/01/2022 00:00:00","03/31/2023 00:00:00","ja","その他",,"0","ecl97916","03/14/2022 00:00:00","ecl98821","02/17/2023 00:00:00"
"1140","0240","04/01/2023 00:00:00","12/31/2999 00:00:00","ja","その他　表示",,"0","ecl98821","02/17/2023 00:00:00","ecl98821","02/17/2023 00:00:00"
"1140","0282","11/01/2020 00:00:00","12/31/2999 00:00:00","ja","メーカー",,"0","eisai_init","11/22/2020 00:00:00","eisai_init","11/22/2020 00:00:00"
"1140","0284","11/01/2020 00:00:00","12/31/2999 00:00:00","ja","輸出",,"0","eisai_init","11/22/2020 00:00:00","eisai_init","11/22/2020 00:00:00"
"1140","0288","11/01/2020 00:00:00","12/31/2999 00:00:00","ja","架空",,"0","eisai_init","11/22/2020 00:00:00","eisai_init","11/22/2020 00:00:00"
"1140","0290","01/01/1970 00:00:00","03/31/2023 00:00:00","ja","その他",,"0","eisai_init","03/16/2018 00:00:00","ecl98821","02/17/2023 00:00:00"
"1140","0290","04/01/2023 00:00:00","12/31/2999 00:00:00","ja","その他　非表示",,"0","ecl98821","02/17/2023 00:00:00","ecl98821","02/17/2023 00:00:00"
